<?xml version="1.0" encoding="UTF-8"?>
<gpx version="1.1" creator="Trackify" xmlns="http://www.topografix.com/GPX/1/1">
  <trk>
    <name>log_001.txt</name>
    <trkseg>
      <trkpt lat="48.5359217" lon="36.0527880">
        <ele>119.8</ele>
        <time>2026-04-18T13:50:02Z</time>
        <extensions>
          <speed>0.04</speed>
        </extensions>
      </trkpt>
      <trkpt lat="48.5359213" lon="36.0527882">
        <ele>119.8</ele>
        <time>2026-04-18T13:50:02Z</time>
        <extensions>
          <speed>0.15</speed>
          <course>206.0</course>
        </extensions>
      </trkpt>
      <trkpt lat="48.5359215" lon="36.0527880">
        <ele>119.9</ele>
        <time>2026-04-18T13:50:02Z</time>
        <extensions>
          <speed>0.06</speed>
        </extensions>
      </trkpt>
      <trkpt lat="48.5359215" lon="36.0527880">
        <ele>119.9</ele>
        <time>2026-04-18T13:50:03Z</time>
        <extensions>
          <speed>0.10</speed>
        </extensions>
      </trkpt>
      <trkpt lat="48.5359213" lon="36.0527883">
        <ele>119.9</ele>
        <time>2026-04-18T13:50:03Z</time>
        <extensions>
          <speed>0.07</speed>
        </extensions>
      </trkpt>
      <trkpt lat="48.5359217" lon="36.0527888">
        <ele>119.8</ele>
        <time>2026-04-18T13:50:03Z</time>
        <extensions>
          <speed>0.39</speed>
          <course>64.1</course>
        </extensions>
      </trkpt>
      <trkpt lat="48.5359213" lon="36.0527903">
        <ele>119.8</ele>
        <time>2026-04-18T13:50:03Z</time>
        <extensions>
          <speed>0.99</speed>
          <course>93.5</course>
        </extensions>
      </trkpt>
      <trkpt lat="48.5359207" lon="36.0527915">
        <ele>119.7</ele>
        <time>2026-04-18T13:50:03Z</time>
        <extensions>
          <speed>0.39</speed>
          <course>106.6</course>
        </extensions>
      </trkpt>
      <trkpt lat="48.5359207" lon="36.0527910">
        <ele>119.8</ele>
        <time>2026-04-18T13:50:04Z</time>
        <extensions>
          <speed>0.24</speed>
        </extensions>
      </trkpt>
      <trkpt lat="48.5359203" lon="36.0527903">
        <ele>119.8</ele>
        <time>2026-04-18T13:50:04Z</time>
        <extensions>
          <speed>0.42</speed>
          <course>151.4</course>
        </extensions>
      </trkpt>
      <trkpt lat="48.5359202" lon="36.0527907">
        <ele>119.7</ele>
        <time>2026-04-18T13:50:04Z</time>
        <extensions>
          <speed>0.24</speed>
          <course>156.8</course>
        </extensions>
      </trkpt>
      <trkpt lat="48.5359203" lon="36.0527908">
        <ele>119.7</ele>
        <time>2026-04-18T13:50:04Z</time>
        <extensions>
          <speed>0.13</speed>
        </extensions>
      </trkpt>
      <trkpt lat="48.5359202" lon="36.0527903">
        <ele>119.7</ele>
        <time>2026-04-18T13:50:04Z</time>
        <extensions>
          <speed>0.28</speed>
        </extensions>
      </trkpt>
      <trkpt lat="48.5359198" lon="36.0527905">
        <ele>119.7</ele>
        <time>2026-04-18T13:50:04Z</time>
        <extensions>
          <speed>0.19</speed>
        </extensions>
      </trkpt>
      <trkpt lat="48.5359192" lon="36.0527910">
        <ele>119.7</ele>
        <time>2026-04-18T13:50:04Z</time>
        <extensions>
          <speed>0.44</speed>
          <course>147.9</course>
        </extensions>
      </trkpt>
      <trkpt lat="48.5359198" lon="36.0527912">
        <ele>119.7</ele>
        <time>2026-04-18T13:50:04Z</time>
        <extensions>
          <speed>0.15</speed>
        </extensions>
      </trkpt>
      <trkpt lat="48.5359203" lon="36.0527903">
        <ele>119.6</ele>
        <time>2026-04-18T13:50:04Z</time>
        <extensions>
          <speed>0.35</speed>
        </extensions>
      </trkpt>
      <trkpt lat="48.5359195" lon="36.0527893">
        <ele>119.6</ele>
        <time>2026-04-18T13:50:05Z</time>
        <extensions>
          <speed>0.66</speed>
          <course>206.0</course>
        </extensions>
      </trkpt>
      <trkpt lat="48.5359193" lon="36.0527892">
        <ele>119.8</ele>
        <time>2026-04-18T13:50:05Z</time>
        <extensions>
          <speed>0.53</speed>
          <course>215.9</course>
        </extensions>
      </trkpt>
      <trkpt lat="48.5359195" lon="36.0527893">
        <ele>119.9</ele>
        <time>2026-04-18T13:50:05Z</time>
        <extensions>
          <speed>0.18</speed>
        </extensions>
      </trkpt>
      <trkpt lat="48.5359197" lon="36.0527885">
        <ele>119.9</ele>
        <time>2026-04-18T13:50:05Z</time>
        <extensions>
          <speed>0.54</speed>
          <course>233.8</course>
        </extensions>
      </trkpt>
      <trkpt lat="48.5359190" lon="36.0527888">
        <ele>120.1</ele>
        <time>2026-04-18T13:50:05Z</time>
        <extensions>
          <speed>0.40</speed>
          <course>196.6</course>
        </extensions>
      </trkpt>
      <trkpt lat="48.5359193" lon="36.0527890">
        <ele>120.1</ele>
        <time>2026-04-18T13:50:05Z</time>
        <extensions>
          <speed>0.21</speed>
        </extensions>
      </trkpt>
      <trkpt lat="48.5359187" lon="36.0527888">
        <ele>120.0</ele>
        <time>2026-04-18T13:50:05Z</time>
        <extensions>
          <speed>0.15</speed>
        </extensions>
      </trkpt>
      <trkpt lat="48.5359188" lon="36.0527887">
        <ele>120.0</ele>
        <time>2026-04-18T13:50:05Z</time>
        <extensions>
          <speed>0.07</speed>
        </extensions>
      </trkpt>
      <trkpt lat="48.5359183" lon="36.0527885">
        <ele>120.0</ele>
        <time>2026-04-18T13:50:06Z</time>
        <extensions>
          <speed>0.07</speed>
        </extensions>
      </trkpt>
      <trkpt lat="48.5359182" lon="36.0527883">
        <ele>120.0</ele>
        <time>2026-04-18T13:50:06Z</time>
        <extensions>
          <speed>0.11</speed>
        </extensions>
      </trkpt>
      <trkpt lat="48.5359178" lon="36.0527878">
        <ele>120.0</ele>
        <time>2026-04-18T13:50:06Z</time>
        <extensions>
          <speed>0.07</speed>
        </extensions>
      </trkpt>
      <trkpt lat="48.5359178" lon="36.0527882">
        <ele>120.0</ele>
        <time>2026-04-18T13:50:06Z</time>
        <extensions>
          <speed>0.11</speed>
        </extensions>
      </trkpt>
      <trkpt lat="48.5359175" lon="36.0527877">
        <ele>120.0</ele>
        <time>2026-04-18T13:50:07Z</time>
        <extensions>
          <speed>0.09</speed>
        </extensions>
      </trkpt>
      <trkpt lat="48.5359177" lon="36.0527875">
        <ele>120.0</ele>
        <time>2026-04-18T13:50:07Z</time>
        <extensions>
          <speed>0.14</speed>
        </extensions>
      </trkpt>
      <trkpt lat="48.5359177" lon="36.0527875">
        <ele>120.0</ele>
        <time>2026-04-18T13:50:08Z</time>
        <extensions>
          <speed>0.11</speed>
        </extensions>
      </trkpt>
      <trkpt lat="48.5359175" lon="36.0527872">
        <ele>119.9</ele>
        <time>2026-04-18T13:50:08Z</time>
        <extensions>
          <speed>0.19</speed>
        </extensions>
      </trkpt>
      <trkpt lat="48.5359178" lon="36.0527858">
        <ele>119.9</ele>
        <time>2026-04-18T13:50:08Z</time>
        <extensions>
          <speed>0.45</speed>
        </extensions>
      </trkpt>
      <trkpt lat="48.5359180" lon="36.0527847">
        <ele>119.9</ele>
        <time>2026-04-18T13:50:08Z</time>
        <extensions>
          <speed>0.48</speed>
          <course>243.1</course>
        </extensions>
      </trkpt>
      <trkpt lat="48.5359183" lon="36.0527837">
        <ele>119.9</ele>
        <time>2026-04-18T13:50:09Z</time>
        <extensions>
          <speed>0.63</speed>
          <course>265.0</course>
        </extensions>
      </trkpt>
      <trkpt lat="48.5359187" lon="36.0527818">
        <ele>119.8</ele>
        <time>2026-04-18T13:50:09Z</time>
        <extensions>
          <speed>0.77</speed>
          <course>269.3</course>
        </extensions>
      </trkpt>
      <trkpt lat="48.5359188" lon="36.0527803">
        <ele>119.8</ele>
        <time>2026-04-18T13:50:09Z</time>
        <extensions>
          <speed>0.99</speed>
          <course>272.7</course>
        </extensions>
      </trkpt>
      <trkpt lat="48.5359197" lon="36.0527788">
        <ele>119.8</ele>
        <time>2026-04-18T13:50:09Z</time>
        <extensions>
          <speed>1.03</speed>
          <course>282.4</course>
        </extensions>
      </trkpt>
      <trkpt lat="48.5359205" lon="36.0527767">
        <ele>119.8</ele>
        <time>2026-04-18T13:50:09Z</time>
        <extensions>
          <speed>1.29</speed>
          <course>287.1</course>
        </extensions>
      </trkpt>
      <trkpt lat="48.5359215" lon="36.0527745">
        <ele>119.8</ele>
        <time>2026-04-18T13:50:09Z</time>
        <extensions>
          <speed>1.55</speed>
          <course>288.9</course>
        </extensions>
      </trkpt>
      <trkpt lat="48.5359212" lon="36.0527723">
        <ele>119.8</ele>
        <time>2026-04-18T13:50:09Z</time>
        <extensions>
          <speed>1.63</speed>
          <course>285.7</course>
        </extensions>
      </trkpt>
      <trkpt lat="48.5359217" lon="36.0527697">
        <ele>119.8</ele>
        <time>2026-04-18T13:50:09Z</time>
        <extensions>
          <speed>1.87</speed>
          <course>283.2</course>
        </extensions>
      </trkpt>
      <trkpt lat="48.5359220" lon="36.0527673">
        <ele>119.7</ele>
        <time>2026-04-18T13:50:09Z</time>
        <extensions>
          <speed>1.84</speed>
          <course>281.6</course>
        </extensions>
      </trkpt>
      <trkpt lat="48.5359227" lon="36.0527643">
        <ele>119.8</ele>
        <time>2026-04-18T13:50:10Z</time>
        <extensions>
          <speed>2.02</speed>
          <course>282.1</course>
        </extensions>
      </trkpt>
      <trkpt lat="48.5359242" lon="36.0527577">
        <ele>119.7</ele>
        <time>2026-04-18T13:50:10Z</time>
        <extensions>
          <speed>2.53</speed>
          <course>282.7</course>
        </extensions>
      </trkpt>
      <trkpt lat="48.5359255" lon="36.0527538">
        <ele>119.7</ele>
        <time>2026-04-18T13:50:10Z</time>
        <extensions>
          <speed>2.73</speed>
          <course>285.0</course>
        </extensions>
      </trkpt>
      <trkpt lat="48.5359267" lon="36.0527497">
        <ele>119.6</ele>
        <time>2026-04-18T13:50:10Z</time>
        <extensions>
          <speed>3.01</speed>
          <course>286.0</course>
        </extensions>
      </trkpt>
      <trkpt lat="48.5359280" lon="36.0527455">
        <ele>119.6</ele>
        <time>2026-04-18T13:50:10Z</time>
        <extensions>
          <speed>3.14</speed>
          <course>287.2</course>
        </extensions>
      </trkpt>
      <trkpt lat="48.5359293" lon="36.0527408">
        <ele>119.5</ele>
        <time>2026-04-18T13:50:10Z</time>
        <extensions>
          <speed>3.38</speed>
          <course>287.8</course>
        </extensions>
      </trkpt>
      <trkpt lat="48.5359308" lon="36.0527362">
        <ele>119.5</ele>
        <time>2026-04-18T13:50:10Z</time>
        <extensions>
          <speed>3.62</speed>
          <course>288.6</course>
        </extensions>
      </trkpt>
      <trkpt lat="48.5359323" lon="36.0527313">
        <ele>119.5</ele>
        <time>2026-04-18T13:50:10Z</time>
        <extensions>
          <speed>3.73</speed>
          <course>290.0</course>
        </extensions>
      </trkpt>
      <trkpt lat="48.5359340" lon="36.0527263">
        <ele>119.5</ele>
        <time>2026-04-18T13:50:10Z</time>
        <extensions>
          <speed>3.83</speed>
          <course>291.7</course>
        </extensions>
      </trkpt>
      <trkpt lat="48.5359357" lon="36.0527212">
        <ele>119.4</ele>
        <time>2026-04-18T13:50:11Z</time>
        <extensions>
          <speed>3.93</speed>
          <course>292.5</course>
        </extensions>
      </trkpt>
      <trkpt lat="48.5359397" lon="36.0527103">
        <ele>119.4</ele>
        <time>2026-04-18T13:50:11Z</time>
        <extensions>
          <speed>4.56</speed>
          <course>295.8</course>
        </extensions>
      </trkpt>
      <trkpt lat="48.5359415" lon="36.0527043">
        <ele>119.4</ele>
        <time>2026-04-18T13:50:11Z</time>
        <extensions>
          <speed>4.74</speed>
          <course>296.3</course>
        </extensions>
      </trkpt>
      <trkpt lat="48.5359438" lon="36.0526990">
        <ele>119.4</ele>
        <time>2026-04-18T13:50:11Z</time>
        <extensions>
          <speed>4.68</speed>
          <course>298.0</course>
        </extensions>
      </trkpt>
      <trkpt lat="48.5359462" lon="36.0526932">
        <ele>119.4</ele>
        <time>2026-04-18T13:50:11Z</time>
        <extensions>
          <speed>4.92</speed>
          <course>299.2</course>
        </extensions>
      </trkpt>
      <trkpt lat="48.5359485" lon="36.0526875">
        <ele>119.3</ele>
        <time>2026-04-18T13:50:11Z</time>
        <extensions>
          <speed>4.91</speed>
          <course>300.2</course>
        </extensions>
      </trkpt>
      <trkpt lat="48.5359508" lon="36.0526812">
        <ele>119.3</ele>
        <time>2026-04-18T13:50:11Z</time>
        <extensions>
          <speed>5.19</speed>
          <course>300.1</course>
        </extensions>
      </trkpt>
      <trkpt lat="48.5359528" lon="36.0526753">
        <ele>119.4</ele>
        <time>2026-04-18T13:50:11Z</time>
        <extensions>
          <speed>5.09</speed>
          <course>299.6</course>
        </extensions>
      </trkpt>
      <trkpt lat="48.5359545" lon="36.0526698">
        <ele>119.4</ele>
        <time>2026-04-18T13:50:11Z</time>
        <extensions>
          <speed>4.85</speed>
          <course>298.4</course>
        </extensions>
      </trkpt>
      <trkpt lat="48.5359563" lon="36.0526638">
        <ele>119.4</ele>
        <time>2026-04-18T13:50:12Z</time>
        <extensions>
          <speed>4.90</speed>
          <course>297.5</course>
        </extensions>
      </trkpt>
      <trkpt lat="48.5359613" lon="36.0526518">
        <ele>119.4</ele>
        <time>2026-04-18T13:50:12Z</time>
        <extensions>
          <speed>5.17</speed>
          <course>299.2</course>
        </extensions>
      </trkpt>
      <trkpt lat="48.5359647" lon="36.0526452">
        <ele>119.3</ele>
        <time>2026-04-18T13:50:12Z</time>
        <extensions>
          <speed>5.45</speed>
          <course>301.3</course>
        </extensions>
      </trkpt>
      <trkpt lat="48.5359677" lon="36.0526387">
        <ele>119.4</ele>
        <time>2026-04-18T13:50:12Z</time>
        <extensions>
          <speed>5.60</speed>
          <course>302.5</course>
        </extensions>
      </trkpt>
      <trkpt lat="48.5359707" lon="36.0526317">
        <ele>119.3</ele>
        <time>2026-04-18T13:50:12Z</time>
        <extensions>
          <speed>5.77</speed>
          <course>302.7</course>
        </extensions>
      </trkpt>
      <trkpt lat="48.5359748" lon="36.0526245">
        <ele>119.3</ele>
        <time>2026-04-18T13:50:12Z</time>
        <extensions>
          <speed>6.16</speed>
          <course>304.3</course>
        </extensions>
      </trkpt>
      <trkpt lat="48.5359778" lon="36.0526175">
        <ele>119.3</ele>
        <time>2026-04-18T13:50:12Z</time>
        <extensions>
          <speed>6.24</speed>
          <course>304.3</course>
        </extensions>
      </trkpt>
      <trkpt lat="48.5359812" lon="36.0526102">
        <ele>119.3</ele>
        <time>2026-04-18T13:50:12Z</time>
        <extensions>
          <speed>6.34</speed>
          <course>304.3</course>
        </extensions>
      </trkpt>
      <trkpt lat="48.5359848" lon="36.0526027">
        <ele>119.4</ele>
        <time>2026-04-18T13:50:12Z</time>
        <extensions>
          <speed>6.50</speed>
          <course>304.7</course>
        </extensions>
      </trkpt>
      <trkpt lat="48.5359888" lon="36.0525945">
        <ele>119.3</ele>
        <time>2026-04-18T13:50:13Z</time>
        <extensions>
          <speed>6.76</speed>
          <course>304.6</course>
        </extensions>
      </trkpt>
      <trkpt lat="48.5359925" lon="36.0525863">
        <ele>119.4</ele>
        <time>2026-04-18T13:50:13Z</time>
        <extensions>
          <speed>6.96</speed>
          <course>304.5</course>
        </extensions>
      </trkpt>
      <trkpt lat="48.5359962" lon="36.0525783">
        <ele>119.4</ele>
        <time>2026-04-18T13:50:13Z</time>
        <extensions>
          <speed>7.05</speed>
          <course>304.6</course>
        </extensions>
      </trkpt>
      <trkpt lat="48.5360000" lon="36.0525700">
        <ele>119.4</ele>
        <time>2026-04-18T13:50:13Z</time>
        <extensions>
          <speed>7.27</speed>
          <course>304.4</course>
        </extensions>
      </trkpt>
      <trkpt lat="48.5360042" lon="36.0525615">
        <ele>119.4</ele>
        <time>2026-04-18T13:50:13Z</time>
        <extensions>
          <speed>7.41</speed>
          <course>304.8</course>
        </extensions>
      </trkpt>
      <trkpt lat="48.5360082" lon="36.0525532">
        <ele>119.4</ele>
        <time>2026-04-18T13:50:13Z</time>
        <extensions>
          <speed>7.41</speed>
          <course>304.8</course>
        </extensions>
      </trkpt>
      <trkpt lat="48.5360123" lon="36.0525447">
        <ele>119.4</ele>
        <time>2026-04-18T13:50:13Z</time>
        <extensions>
          <speed>7.60</speed>
          <course>305.1</course>
        </extensions>
      </trkpt>
      <trkpt lat="48.5360172" lon="36.0525357">
        <ele>119.4</ele>
        <time>2026-04-18T13:50:13Z</time>
        <extensions>
          <speed>7.95</speed>
          <course>305.7</course>
        </extensions>
      </trkpt>
      <trkpt lat="48.5360222" lon="36.0525263">
        <ele>119.4</ele>
        <time>2026-04-18T13:50:13Z</time>
        <extensions>
          <speed>8.20</speed>
          <course>306.7</course>
        </extensions>
      </trkpt>
      <trkpt lat="48.5360270" lon="36.0525175">
        <ele>119.3</ele>
        <time>2026-04-18T13:50:13Z</time>
        <extensions>
          <speed>8.30</speed>
          <course>307.1</course>
        </extensions>
      </trkpt>
      <trkpt lat="48.5360318" lon="36.0525078">
        <ele>119.3</ele>
        <time>2026-04-18T13:50:14Z</time>
        <extensions>
          <speed>8.56</speed>
          <course>307.0</course>
        </extensions>
      </trkpt>
      <trkpt lat="48.5360410" lon="36.0524883">
        <ele>119.3</ele>
        <time>2026-04-18T13:50:14Z</time>
        <extensions>
          <speed>8.82</speed>
          <course>305.4</course>
        </extensions>
      </trkpt>
      <trkpt lat="48.5360458" lon="36.0524785">
        <ele>119.4</ele>
        <time>2026-04-18T13:50:14Z</time>
        <extensions>
          <speed>8.83</speed>
          <course>305.6</course>
        </extensions>
      </trkpt>
      <trkpt lat="48.5360508" lon="36.0524678">
        <ele>119.4</ele>
        <time>2026-04-18T13:50:14Z</time>
        <extensions>
          <speed>9.20</speed>
          <course>304.8</course>
        </extensions>
      </trkpt>
      <trkpt lat="48.5360558" lon="36.0524573">
        <ele>119.4</ele>
        <time>2026-04-18T13:50:14Z</time>
        <extensions>
          <speed>9.30</speed>
          <course>305.0</course>
        </extensions>
      </trkpt>
      <trkpt lat="48.5360607" lon="36.0524468">
        <ele>119.3</ele>
        <time>2026-04-18T13:50:14Z</time>
        <extensions>
          <speed>9.36</speed>
          <course>303.7</course>
        </extensions>
      </trkpt>
      <trkpt lat="48.5360655" lon="36.0524357">
        <ele>119.4</ele>
        <time>2026-04-18T13:50:14Z</time>
        <extensions>
          <speed>9.51</speed>
          <course>303.5</course>
        </extensions>
      </trkpt>
      <trkpt lat="48.5360705" lon="36.0524245">
        <ele>119.3</ele>
        <time>2026-04-18T13:50:14Z</time>
        <extensions>
          <speed>9.69</speed>
          <course>303.3</course>
        </extensions>
      </trkpt>
      <trkpt lat="48.5360760" lon="36.0524127">
        <ele>119.4</ele>
        <time>2026-04-18T13:50:14Z</time>
        <extensions>
          <speed>10.05</speed>
          <course>303.9</course>
        </extensions>
      </trkpt>
      <trkpt lat="48.5360808" lon="36.0524013">
        <ele>119.4</ele>
        <time>2026-04-18T13:50:15Z</time>
        <extensions>
          <speed>10.00</speed>
          <course>303.2</course>
        </extensions>
      </trkpt>
      <trkpt lat="48.5360905" lon="36.0523790">
        <ele>119.4</ele>
        <time>2026-04-18T13:50:15Z</time>
        <extensions>
          <speed>9.73</speed>
          <course>303.1</course>
        </extensions>
      </trkpt>
      <trkpt lat="48.5360952" lon="36.0523677">
        <ele>119.4</ele>
        <time>2026-04-18T13:50:15Z</time>
        <extensions>
          <speed>9.71</speed>
          <course>302.5</course>
        </extensions>
      </trkpt>
      <trkpt lat="48.5361000" lon="36.0523567">
        <ele>119.4</ele>
        <time>2026-04-18T13:50:15Z</time>
        <extensions>
          <speed>9.72</speed>
          <course>302.9</course>
        </extensions>
      </trkpt>
      <trkpt lat="48.5361047" lon="36.0523460">
        <ele>119.3</ele>
        <time>2026-04-18T13:50:15Z</time>
        <extensions>
          <speed>9.57</speed>
          <course>302.9</course>
        </extensions>
      </trkpt>
      <trkpt lat="48.5361092" lon="36.0523355">
        <ele>119.4</ele>
        <time>2026-04-18T13:50:15Z</time>
        <extensions>
          <speed>9.37</speed>
          <course>303.3</course>
        </extensions>
      </trkpt>
      <trkpt lat="48.5361140" lon="36.0523247">
        <ele>119.4</ele>
        <time>2026-04-18T13:50:15Z</time>
        <extensions>
          <speed>9.44</speed>
          <course>303.4</course>
        </extensions>
      </trkpt>
      <trkpt lat="48.5361190" lon="36.0523133">
        <ele>119.3</ele>
        <time>2026-04-18T13:50:15Z</time>
        <extensions>
          <speed>9.75</speed>
          <course>303.3</course>
        </extensions>
      </trkpt>
      <trkpt lat="48.5361245" lon="36.0523020">
        <ele>119.4</ele>
        <time>2026-04-18T13:50:15Z</time>
        <extensions>
          <speed>9.95</speed>
          <course>304.5</course>
        </extensions>
      </trkpt>
      <trkpt lat="48.5361297" lon="36.0522913">
        <ele>119.4</ele>
        <time>2026-04-18T13:50:16Z</time>
        <extensions>
          <speed>9.82</speed>
          <course>305.3</course>
        </extensions>
      </trkpt>
      <trkpt lat="48.5361347" lon="36.0522803">
        <ele>119.3</ele>
        <time>2026-04-18T13:50:16Z</time>
        <extensions>
          <speed>9.85</speed>
          <course>304.8</course>
        </extensions>
      </trkpt>
      <trkpt lat="48.5361398" lon="36.0522692">
        <ele>119.4</ele>
        <time>2026-04-18T13:50:16Z</time>
        <extensions>
          <speed>9.90</speed>
          <course>304.8</course>
        </extensions>
      </trkpt>
      <trkpt lat="48.5361452" lon="36.0522580">
        <ele>119.4</ele>
        <time>2026-04-18T13:50:16Z</time>
        <extensions>
          <speed>9.95</speed>
          <course>304.9</course>
        </extensions>
      </trkpt>
      <trkpt lat="48.5361502" lon="36.0522472">
        <ele>119.3</ele>
        <time>2026-04-18T13:50:16Z</time>
        <extensions>
          <speed>9.81</speed>
          <course>305.1</course>
        </extensions>
      </trkpt>
      <trkpt lat="48.5361557" lon="36.0522360">
        <ele>119.4</ele>
        <time>2026-04-18T13:50:16Z</time>
        <extensions>
          <speed>10.00</speed>
          <course>305.2</course>
        </extensions>
      </trkpt>
      <trkpt lat="48.5361608" lon="36.0522248">
        <ele>119.3</ele>
        <time>2026-04-18T13:50:16Z</time>
        <extensions>
          <speed>10.06</speed>
          <course>305.1</course>
        </extensions>
      </trkpt>
      <trkpt lat="48.5361663" lon="36.0522137">
        <ele>119.4</ele>
        <time>2026-04-18T13:50:16Z</time>
        <extensions>
          <speed>10.04</speed>
          <course>305.9</course>
        </extensions>
      </trkpt>
      <trkpt lat="48.5361717" lon="36.0522022">
        <ele>119.4</ele>
        <time>2026-04-18T13:50:16Z</time>
        <extensions>
          <speed>10.17</speed>
          <course>305.3</course>
        </extensions>
      </trkpt>
      <trkpt lat="48.5361773" lon="36.0521907">
        <ele>119.4</ele>
        <time>2026-04-18T13:50:16Z</time>
        <extensions>
          <speed>10.29</speed>
          <course>305.6</course>
        </extensions>
      </trkpt>
      <trkpt lat="48.5361830" lon="36.0521793">
        <ele>119.4</ele>
        <time>2026-04-18T13:50:17Z</time>
        <extensions>
          <speed>10.32</speed>
          <course>305.8</course>
        </extensions>
      </trkpt>
      <trkpt lat="48.5361940" lon="36.0521562">
        <ele>119.4</ele>
        <time>2026-04-18T13:50:17Z</time>
        <extensions>
          <speed>10.51</speed>
          <course>305.4</course>
        </extensions>
      </trkpt>
      <trkpt lat="48.5361998" lon="36.0521445">
        <ele>119.4</ele>
        <time>2026-04-18T13:50:17Z</time>
        <extensions>
          <speed>10.54</speed>
          <course>306.2</course>
        </extensions>
      </trkpt>
      <trkpt lat="48.5362055" lon="36.0521327">
        <ele>119.4</ele>
        <time>2026-04-18T13:50:17Z</time>
        <extensions>
          <speed>10.68</speed>
          <course>305.4</course>
        </extensions>
      </trkpt>
      <trkpt lat="48.5362113" lon="36.0521207">
        <ele>119.5</ele>
        <time>2026-04-18T13:50:17Z</time>
        <extensions>
          <speed>10.76</speed>
          <course>305.5</course>
        </extensions>
      </trkpt>
      <trkpt lat="48.5362170" lon="36.0521090">
        <ele>119.4</ele>
        <time>2026-04-18T13:50:17Z</time>
        <extensions>
          <speed>10.68</speed>
          <course>305.7</course>
        </extensions>
      </trkpt>
      <trkpt lat="48.5362225" lon="36.0520972">
        <ele>119.4</ele>
        <time>2026-04-18T13:50:17Z</time>
        <extensions>
          <speed>10.65</speed>
          <course>305.2</course>
        </extensions>
      </trkpt>
      <trkpt lat="48.5362280" lon="36.0520852">
        <ele>119.4</ele>
        <time>2026-04-18T13:50:17Z</time>
        <extensions>
          <speed>10.68</speed>
          <course>305.0</course>
        </extensions>
      </trkpt>
      <trkpt lat="48.5362337" lon="36.0520730">
        <ele>119.4</ele>
        <time>2026-04-18T13:50:17Z</time>
        <extensions>
          <speed>10.71</speed>
          <course>304.8</course>
        </extensions>
      </trkpt>
      <trkpt lat="48.5362393" lon="36.0520612">
        <ele>119.4</ele>
        <time>2026-04-18T13:50:18Z</time>
        <extensions>
          <speed>10.70</speed>
          <course>305.1</course>
        </extensions>
      </trkpt>
      <trkpt lat="48.5362507" lon="36.0520375">
        <ele>119.4</ele>
        <time>2026-04-18T13:50:18Z</time>
        <extensions>
          <speed>10.77</speed>
          <course>305.6</course>
        </extensions>
      </trkpt>
      <trkpt lat="48.5362568" lon="36.0520253">
        <ele>119.4</ele>
        <time>2026-04-18T13:50:18Z</time>
        <extensions>
          <speed>10.98</speed>
          <course>306.2</course>
        </extensions>
      </trkpt>
      <trkpt lat="48.5362628" lon="36.0520137">
        <ele>119.4</ele>
        <time>2026-04-18T13:50:18Z</time>
        <extensions>
          <speed>10.91</speed>
          <course>306.7</course>
        </extensions>
      </trkpt>
      <trkpt lat="48.5362688" lon="36.0520020">
        <ele>119.4</ele>
        <time>2026-04-18T13:50:18Z</time>
        <extensions>
          <speed>10.88</speed>
          <course>307.3</course>
        </extensions>
      </trkpt>
      <trkpt lat="48.5362750" lon="36.0519902">
        <ele>119.4</ele>
        <time>2026-04-18T13:50:18Z</time>
        <extensions>
          <speed>10.91</speed>
          <course>307.4</course>
        </extensions>
      </trkpt>
      <trkpt lat="48.5362812" lon="36.0519783">
        <ele>119.4</ele>
        <time>2026-04-18T13:50:18Z</time>
        <extensions>
          <speed>10.98</speed>
          <course>307.5</course>
        </extensions>
      </trkpt>
      <trkpt lat="48.5362872" lon="36.0519668">
        <ele>119.5</ele>
        <time>2026-04-18T13:50:18Z</time>
        <extensions>
          <speed>10.86</speed>
          <course>308.2</course>
        </extensions>
      </trkpt>
      <trkpt lat="48.5362933" lon="36.0519553">
        <ele>119.5</ele>
        <time>2026-04-18T13:50:18Z</time>
        <extensions>
          <speed>10.85</speed>
          <course>308.6</course>
        </extensions>
      </trkpt>
      <trkpt lat="48.5362992" lon="36.0519442">
        <ele>119.6</ele>
        <time>2026-04-18T13:50:19Z</time>
        <extensions>
          <speed>10.64</speed>
          <course>308.3</course>
        </extensions>
      </trkpt>
      <trkpt lat="48.5363113" lon="36.0519218">
        <ele>119.6</ele>
        <time>2026-04-18T13:50:19Z</time>
        <extensions>
          <speed>10.59</speed>
          <course>309.4</course>
        </extensions>
      </trkpt>
      <trkpt lat="48.5363178" lon="36.0519107">
        <ele>119.6</ele>
        <time>2026-04-18T13:50:19Z</time>
        <extensions>
          <speed>10.71</speed>
          <course>310.2</course>
        </extensions>
      </trkpt>
      <trkpt lat="48.5363245" lon="36.0518998">
        <ele>119.6</ele>
        <time>2026-04-18T13:50:19Z</time>
        <extensions>
          <speed>10.71</speed>
          <course>310.9</course>
        </extensions>
      </trkpt>
      <trkpt lat="48.5363308" lon="36.0518892">
        <ele>119.6</ele>
        <time>2026-04-18T13:50:19Z</time>
        <extensions>
          <speed>10.55</speed>
          <course>311.3</course>
        </extensions>
      </trkpt>
      <trkpt lat="48.5363370" lon="36.0518780">
        <ele>119.6</ele>
        <time>2026-04-18T13:50:19Z</time>
        <extensions>
          <speed>10.55</speed>
          <course>310.4</course>
        </extensions>
      </trkpt>
      <trkpt lat="48.5363437" lon="36.0518673">
        <ele>119.6</ele>
        <time>2026-04-18T13:50:19Z</time>
        <extensions>
          <speed>10.60</speed>
          <course>311.4</course>
        </extensions>
      </trkpt>
      <trkpt lat="48.5363503" lon="36.0518567">
        <ele>119.7</ele>
        <time>2026-04-18T13:50:19Z</time>
        <extensions>
          <speed>10.69</speed>
          <course>312.4</course>
        </extensions>
      </trkpt>
      <trkpt lat="48.5363582" lon="36.0518458">
        <ele>119.7</ele>
        <time>2026-04-18T13:50:19Z</time>
        <extensions>
          <speed>10.92</speed>
          <course>314.4</course>
        </extensions>
      </trkpt>
      <trkpt lat="48.5363647" lon="36.0518355">
        <ele>119.6</ele>
        <time>2026-04-18T13:50:20Z</time>
        <extensions>
          <speed>10.76</speed>
          <course>313.8</course>
        </extensions>
      </trkpt>
      <trkpt lat="48.5363785" lon="36.0518155">
        <ele>119.6</ele>
        <time>2026-04-18T13:50:20Z</time>
        <extensions>
          <speed>10.57</speed>
          <course>316.0</course>
        </extensions>
      </trkpt>
      <trkpt lat="48.5363855" lon="36.0518057">
        <ele>119.5</ele>
        <time>2026-04-18T13:50:20Z</time>
        <extensions>
          <speed>10.54</speed>
          <course>316.2</course>
        </extensions>
      </trkpt>
      <trkpt lat="48.5363925" lon="36.0517958">
        <ele>119.6</ele>
        <time>2026-04-18T13:50:20Z</time>
        <extensions>
          <speed>10.54</speed>
          <course>316.7</course>
        </extensions>
      </trkpt>
      <trkpt lat="48.5364005" lon="36.0517858">
        <ele>119.7</ele>
        <time>2026-04-18T13:50:20Z</time>
        <extensions>
          <speed>10.70</speed>
          <course>317.8</course>
        </extensions>
      </trkpt>
      <trkpt lat="48.5364075" lon="36.0517765">
        <ele>119.7</ele>
        <time>2026-04-18T13:50:20Z</time>
        <extensions>
          <speed>10.52</speed>
          <course>318.3</course>
        </extensions>
      </trkpt>
      <trkpt lat="48.5364152" lon="36.0517673">
        <ele>119.7</ele>
        <time>2026-04-18T13:50:20Z</time>
        <extensions>
          <speed>10.50</speed>
          <course>319.2</course>
        </extensions>
      </trkpt>
      <trkpt lat="48.5364225" lon="36.0517582">
        <ele>119.7</ele>
        <time>2026-04-18T13:50:20Z</time>
        <extensions>
          <speed>10.47</speed>
          <course>319.8</course>
        </extensions>
      </trkpt>
      <trkpt lat="48.5364298" lon="36.0517493">
        <ele>119.7</ele>
        <time>2026-04-18T13:50:20Z</time>
        <extensions>
          <speed>10.40</speed>
          <course>320.3</course>
        </extensions>
      </trkpt>
      <trkpt lat="48.5364375" lon="36.0517402">
        <ele>119.7</ele>
        <time>2026-04-18T13:50:21Z</time>
        <extensions>
          <speed>10.50</speed>
          <course>320.9</course>
        </extensions>
      </trkpt>
      <trkpt lat="48.5364522" lon="36.0517228">
        <ele>119.6</ele>
        <time>2026-04-18T13:50:21Z</time>
        <extensions>
          <speed>10.19</speed>
          <course>321.2</course>
        </extensions>
      </trkpt>
      <trkpt lat="48.5364607" lon="36.0517138">
        <ele>119.7</ele>
        <time>2026-04-18T13:50:21Z</time>
        <extensions>
          <speed>10.55</speed>
          <course>322.8</course>
        </extensions>
      </trkpt>
      <trkpt lat="48.5364673" lon="36.0517055">
        <ele>119.6</ele>
        <time>2026-04-18T13:50:21Z</time>
        <extensions>
          <speed>10.20</speed>
          <course>322.0</course>
        </extensions>
      </trkpt>
      <trkpt lat="48.5364755" lon="36.0516968">
        <ele>119.6</ele>
        <time>2026-04-18T13:50:21Z</time>
        <extensions>
          <speed>10.49</speed>
          <course>323.3</course>
        </extensions>
      </trkpt>
      <trkpt lat="48.5364833" lon="36.0516880">
        <ele>119.7</ele>
        <time>2026-04-18T13:50:21Z</time>
        <extensions>
          <speed>10.56</speed>
          <course>323.8</course>
        </extensions>
      </trkpt>
      <trkpt lat="48.5364917" lon="36.0516790">
        <ele>119.8</ele>
        <time>2026-04-18T13:50:21Z</time>
        <extensions>
          <speed>10.72</speed>
          <course>324.5</course>
        </extensions>
      </trkpt>
      <trkpt lat="48.5364998" lon="36.0516703">
        <ele>119.7</ele>
        <time>2026-04-18T13:50:21Z</time>
        <extensions>
          <speed>10.75</speed>
          <course>324.8</course>
        </extensions>
      </trkpt>
      <trkpt lat="48.5365080" lon="36.0516617">
        <ele>119.8</ele>
        <time>2026-04-18T13:50:21Z</time>
        <extensions>
          <speed>10.81</speed>
          <course>324.9</course>
        </extensions>
      </trkpt>
      <trkpt lat="48.5365160" lon="36.0516533">
        <ele>119.8</ele>
        <time>2026-04-18T13:50:22Z</time>
        <extensions>
          <speed>10.80</speed>
          <course>325.8</course>
        </extensions>
      </trkpt>
      <trkpt lat="48.5365248" lon="36.0516447">
        <ele>119.9</ele>
        <time>2026-04-18T13:50:22Z</time>
        <extensions>
          <speed>11.08</speed>
          <course>326.4</course>
        </extensions>
      </trkpt>
      <trkpt lat="48.5365330" lon="36.0516363">
        <ele>119.9</ele>
        <time>2026-04-18T13:50:22Z</time>
        <extensions>
          <speed>11.02</speed>
          <course>326.3</course>
        </extensions>
      </trkpt>
      <trkpt lat="48.5365417" lon="36.0516282">
        <ele>119.9</ele>
        <time>2026-04-18T13:50:22Z</time>
        <extensions>
          <speed>11.01</speed>
          <course>327.4</course>
        </extensions>
      </trkpt>
      <trkpt lat="48.5365500" lon="36.0516200">
        <ele>119.9</ele>
        <time>2026-04-18T13:50:22Z</time>
        <extensions>
          <speed>11.04</speed>
          <course>328.2</course>
        </extensions>
      </trkpt>
      <trkpt lat="48.5365585" lon="36.0516120">
        <ele>120.0</ele>
        <time>2026-04-18T13:50:22Z</time>
        <extensions>
          <speed>11.10</speed>
          <course>328.1</course>
        </extensions>
      </trkpt>
      <trkpt lat="48.5365672" lon="36.0516038">
        <ele>120.1</ele>
        <time>2026-04-18T13:50:22Z</time>
        <extensions>
          <speed>11.22</speed>
          <course>329.0</course>
        </extensions>
      </trkpt>
      <trkpt lat="48.5365752" lon="36.0515960">
        <ele>120.3</ele>
        <time>2026-04-18T13:50:22Z</time>
        <extensions>
          <speed>11.02</speed>
          <course>329.1</course>
        </extensions>
      </trkpt>
      <trkpt lat="48.5365838" lon="36.0515885">
        <ele>120.3</ele>
        <time>2026-04-18T13:50:22Z</time>
        <extensions>
          <speed>11.00</speed>
          <course>329.3</course>
        </extensions>
      </trkpt>
      <trkpt lat="48.5365920" lon="36.0515810">
        <ele>120.3</ele>
        <time>2026-04-18T13:50:22Z</time>
        <extensions>
          <speed>10.86</speed>
          <course>329.5</course>
        </extensions>
      </trkpt>
      <trkpt lat="48.5366002" lon="36.0515737">
        <ele>120.4</ele>
        <time>2026-04-18T13:50:23Z</time>
        <extensions>
          <speed>10.75</speed>
          <course>329.3</course>
        </extensions>
      </trkpt>
      <trkpt lat="48.5366087" lon="36.0515662">
        <ele>120.4</ele>
        <time>2026-04-18T13:50:23Z</time>
        <extensions>
          <speed>10.76</speed>
          <course>329.7</course>
        </extensions>
      </trkpt>
      <trkpt lat="48.5366168" lon="36.0515592">
        <ele>120.5</ele>
        <time>2026-04-18T13:50:23Z</time>
        <extensions>
          <speed>10.58</speed>
          <course>330.4</course>
        </extensions>
      </trkpt>
      <trkpt lat="48.5366252" lon="36.0515522">
        <ele>120.5</ele>
        <time>2026-04-18T13:50:23Z</time>
        <extensions>
          <speed>10.61</speed>
          <course>330.7</course>
        </extensions>
      </trkpt>
      <trkpt lat="48.5366337" lon="36.0515455">
        <ele>120.8</ele>
        <time>2026-04-18T13:50:23Z</time>
        <extensions>
          <speed>10.65</speed>
          <course>332.8</course>
        </extensions>
      </trkpt>
      <trkpt lat="48.5366420" lon="36.0515385">
        <ele>120.9</ele>
        <time>2026-04-18T13:50:23Z</time>
        <extensions>
          <speed>10.60</speed>
          <course>331.7</course>
        </extensions>
      </trkpt>
      <trkpt lat="48.5366507" lon="36.0515320">
        <ele>121.1</ele>
        <time>2026-04-18T13:50:23Z</time>
        <extensions>
          <speed>10.67</speed>
          <course>333.5</course>
        </extensions>
      </trkpt>
      <trkpt lat="48.5366593" lon="36.0515253">
        <ele>121.3</ele>
        <time>2026-04-18T13:50:23Z</time>
        <extensions>
          <speed>10.73</speed>
          <course>333.8</course>
        </extensions>
      </trkpt>
      <trkpt lat="48.5366680" lon="36.0515185">
        <ele>121.6</ele>
        <time>2026-04-18T13:50:23Z</time>
        <extensions>
          <speed>10.85</speed>
          <course>333.7</course>
        </extensions>
      </trkpt>
      <trkpt lat="48.5366765" lon="36.0515118">
        <ele>121.7</ele>
        <time>2026-04-18T13:50:23Z</time>
        <extensions>
          <speed>10.68</speed>
          <course>332.9</course>
        </extensions>
      </trkpt>
      <trkpt lat="48.5366857" lon="36.0515055">
        <ele>121.8</ele>
        <time>2026-04-18T13:50:24Z</time>
        <extensions>
          <speed>10.87</speed>
          <course>334.8</course>
        </extensions>
      </trkpt>
      <trkpt lat="48.5366942" lon="36.0514987">
        <ele>122.1</ele>
        <time>2026-04-18T13:50:24Z</time>
        <extensions>
          <speed>10.94</speed>
          <course>334.1</course>
        </extensions>
      </trkpt>
      <trkpt lat="48.5367032" lon="36.0514920">
        <ele>122.3</ele>
        <time>2026-04-18T13:50:24Z</time>
        <extensions>
          <speed>11.03</speed>
          <course>334.7</course>
        </extensions>
      </trkpt>
      <trkpt lat="48.5367127" lon="36.0514858">
        <ele>122.5</ele>
        <time>2026-04-18T13:50:24Z</time>
        <extensions>
          <speed>11.12</speed>
          <course>335.8</course>
        </extensions>
      </trkpt>
      <trkpt lat="48.5367215" lon="36.0514792">
        <ele>122.8</ele>
        <time>2026-04-18T13:50:24Z</time>
        <extensions>
          <speed>11.10</speed>
          <course>335.9</course>
        </extensions>
      </trkpt>
      <trkpt lat="48.5367315" lon="36.0514728">
        <ele>123.0</ele>
        <time>2026-04-18T13:50:24Z</time>
        <extensions>
          <speed>11.47</speed>
          <course>336.4</course>
        </extensions>
      </trkpt>
      <trkpt lat="48.5367403" lon="36.0514663">
        <ele>123.3</ele>
        <time>2026-04-18T13:50:24Z</time>
        <extensions>
          <speed>11.28</speed>
          <course>336.5</course>
        </extensions>
      </trkpt>
      <trkpt lat="48.5367503" lon="36.0514600">
        <ele>123.5</ele>
        <time>2026-04-18T13:50:24Z</time>
        <extensions>
          <speed>11.52</speed>
          <course>337.1</course>
        </extensions>
      </trkpt>
      <trkpt lat="48.5367602" lon="36.0514535">
        <ele>123.8</ele>
        <time>2026-04-18T13:50:24Z</time>
        <extensions>
          <speed>11.68</speed>
          <course>337.1</course>
        </extensions>
      </trkpt>
      <trkpt lat="48.5367698" lon="36.0514473">
        <ele>123.9</ele>
        <time>2026-04-18T13:50:24Z</time>
        <extensions>
          <speed>11.64</speed>
          <course>337.1</course>
        </extensions>
      </trkpt>
      <trkpt lat="48.5367802" lon="36.0514408">
        <ele>124.2</ele>
        <time>2026-04-18T13:50:25Z</time>
        <extensions>
          <speed>11.99</speed>
          <course>337.5</course>
        </extensions>
      </trkpt>
      <trkpt lat="48.5367898" lon="36.0514345">
        <ele>124.5</ele>
        <time>2026-04-18T13:50:25Z</time>
        <extensions>
          <speed>11.94</speed>
          <course>337.5</course>
        </extensions>
      </trkpt>
      <trkpt lat="48.5367993" lon="36.0514280">
        <ele>124.7</ele>
        <time>2026-04-18T13:50:25Z</time>
        <extensions>
          <speed>11.87</speed>
          <course>336.6</course>
        </extensions>
      </trkpt>
      <trkpt lat="48.5368097" lon="36.0514215">
        <ele>125.0</ele>
        <time>2026-04-18T13:50:25Z</time>
        <extensions>
          <speed>12.16</speed>
          <course>337.7</course>
        </extensions>
      </trkpt>
      <trkpt lat="48.5368192" lon="36.0514150">
        <ele>125.4</ele>
        <time>2026-04-18T13:50:25Z</time>
        <extensions>
          <speed>12.10</speed>
          <course>337.8</course>
        </extensions>
      </trkpt>
      <trkpt lat="48.5368290" lon="36.0514087">
        <ele>125.5</ele>
        <time>2026-04-18T13:50:25Z</time>
        <extensions>
          <speed>11.97</speed>
          <course>337.2</course>
        </extensions>
      </trkpt>
      <trkpt lat="48.5368393" lon="36.0514023">
        <ele>125.7</ele>
        <time>2026-04-18T13:50:25Z</time>
        <extensions>
          <speed>12.19</speed>
          <course>337.1</course>
        </extensions>
      </trkpt>
      <trkpt lat="48.5368490" lon="36.0513958">
        <ele>125.9</ele>
        <time>2026-04-18T13:50:25Z</time>
        <extensions>
          <speed>12.11</speed>
          <course>336.5</course>
        </extensions>
      </trkpt>
      <trkpt lat="48.5368592" lon="36.0513895">
        <ele>126.1</ele>
        <time>2026-04-18T13:50:25Z</time>
        <extensions>
          <speed>12.15</speed>
          <course>337.4</course>
        </extensions>
      </trkpt>
      <trkpt lat="48.5368692" lon="36.0513832">
        <ele>126.4</ele>
        <time>2026-04-18T13:50:25Z</time>
        <extensions>
          <speed>12.19</speed>
          <course>337.6</course>
        </extensions>
      </trkpt>
      <trkpt lat="48.5368792" lon="36.0513770">
        <ele>126.6</ele>
        <time>2026-04-18T13:50:26Z</time>
        <extensions>
          <speed>12.18</speed>
          <course>337.5</course>
        </extensions>
      </trkpt>
      <trkpt lat="48.5368885" lon="36.0513703">
        <ele>126.8</ele>
        <time>2026-04-18T13:50:26Z</time>
        <extensions>
          <speed>11.89</speed>
          <course>336.3</course>
        </extensions>
      </trkpt>
      <trkpt lat="48.5368987" lon="36.0513645">
        <ele>126.9</ele>
        <time>2026-04-18T13:50:26Z</time>
        <extensions>
          <speed>11.86</speed>
          <course>337.5</course>
        </extensions>
      </trkpt>
      <trkpt lat="48.5369078" lon="36.0513590">
        <ele>126.9</ele>
        <time>2026-04-18T13:50:26Z</time>
        <extensions>
          <speed>11.36</speed>
          <course>338.1</course>
        </extensions>
      </trkpt>
      <trkpt lat="48.5369177" lon="36.0513532">
        <ele>127.2</ele>
        <time>2026-04-18T13:50:26Z</time>
        <extensions>
          <speed>11.52</speed>
          <course>338.9</course>
        </extensions>
      </trkpt>
      <trkpt lat="48.5369267" lon="36.0513482">
        <ele>127.4</ele>
        <time>2026-04-18T13:50:26Z</time>
        <extensions>
          <speed>11.15</speed>
          <course>339.8</course>
        </extensions>
      </trkpt>
      <trkpt lat="48.5369353" lon="36.0513430">
        <ele>127.5</ele>
        <time>2026-04-18T13:50:26Z</time>
        <extensions>
          <speed>10.78</speed>
          <course>339.2</course>
        </extensions>
      </trkpt>
      <trkpt lat="48.5369435" lon="36.0513382">
        <ele>127.5</ele>
        <time>2026-04-18T13:50:26Z</time>
        <extensions>
          <speed>10.33</speed>
          <course>338.7</course>
        </extensions>
      </trkpt>
      <trkpt lat="48.5369520" lon="36.0513335">
        <ele>127.6</ele>
        <time>2026-04-18T13:50:26Z</time>
        <extensions>
          <speed>10.18</speed>
          <course>339.9</course>
        </extensions>
      </trkpt>
      <trkpt lat="48.5369597" lon="36.0513292">
        <ele>127.8</ele>
        <time>2026-04-18T13:50:26Z</time>
        <extensions>
          <speed>9.76</speed>
          <course>340.2</course>
        </extensions>
      </trkpt>
      <trkpt lat="48.5369682" lon="36.0513253">
        <ele>127.9</ele>
        <time>2026-04-18T13:50:27Z</time>
        <extensions>
          <speed>9.70</speed>
          <course>342.6</course>
        </extensions>
      </trkpt>
      <trkpt lat="48.5369757" lon="36.0513217">
        <ele>128.0</ele>
        <time>2026-04-18T13:50:27Z</time>
        <extensions>
          <speed>9.32</speed>
          <course>342.4</course>
        </extensions>
      </trkpt>
      <trkpt lat="48.5369837" lon="36.0513187">
        <ele>128.1</ele>
        <time>2026-04-18T13:50:27Z</time>
        <extensions>
          <speed>9.17</speed>
          <course>345.2</course>
        </extensions>
      </trkpt>
      <trkpt lat="48.5369917" lon="36.0513160">
        <ele>128.3</ele>
        <time>2026-04-18T13:50:27Z</time>
        <extensions>
          <speed>9.07</speed>
          <course>347.1</course>
        </extensions>
      </trkpt>
      <trkpt lat="48.5369990" lon="36.0513140">
        <ele>128.4</ele>
        <time>2026-04-18T13:50:27Z</time>
        <extensions>
          <speed>8.77</speed>
          <course>348.8</course>
        </extensions>
      </trkpt>
      <trkpt lat="48.5370063" lon="36.0513123">
        <ele>128.5</ele>
        <time>2026-04-18T13:50:27Z</time>
        <extensions>
          <speed>8.51</speed>
          <course>350.8</course>
        </extensions>
      </trkpt>
      <trkpt lat="48.5370140" lon="36.0513110">
        <ele>128.6</ele>
        <time>2026-04-18T13:50:27Z</time>
        <extensions>
          <speed>8.48</speed>
          <course>352.4</course>
        </extensions>
      </trkpt>
      <trkpt lat="48.5370215" lon="36.0513100">
        <ele>128.7</ele>
        <time>2026-04-18T13:50:27Z</time>
        <extensions>
          <speed>8.43</speed>
          <course>354.1</course>
        </extensions>
      </trkpt>
      <trkpt lat="48.5370277" lon="36.0513088">
        <ele>128.9</ele>
        <time>2026-04-18T13:50:27Z</time>
        <extensions>
          <speed>8.03</speed>
          <course>354.9</course>
        </extensions>
      </trkpt>
      <trkpt lat="48.5370355" lon="36.0513082">
        <ele>129.0</ele>
        <time>2026-04-18T13:50:27Z</time>
        <extensions>
          <speed>8.23</speed>
          <course>356.0</course>
        </extensions>
      </trkpt>
      <trkpt lat="48.5370422" lon="36.0513082">
        <ele>129.1</ele>
        <time>2026-04-18T13:50:28Z</time>
        <extensions>
          <speed>7.92</speed>
          <course>358.4</course>
        </extensions>
      </trkpt>
      <trkpt lat="48.5370490" lon="36.0513083">
        <ele>129.2</ele>
        <time>2026-04-18T13:50:28Z</time>
        <extensions>
          <speed>7.78</speed>
          <course>359.5</course>
        </extensions>
      </trkpt>
      <trkpt lat="48.5370560" lon="36.0513090">
        <ele>129.3</ele>
        <time>2026-04-18T13:50:28Z</time>
        <extensions>
          <speed>7.82</speed>
          <course>1.9</course>
        </extensions>
      </trkpt>
      <trkpt lat="48.5370628" lon="36.0513102">
        <ele>129.4</ele>
        <time>2026-04-18T13:50:28Z</time>
        <extensions>
          <speed>7.73</speed>
          <course>3.7</course>
        </extensions>
      </trkpt>
      <trkpt lat="48.5370683" lon="36.0513113">
        <ele>129.4</ele>
        <time>2026-04-18T13:50:28Z</time>
        <extensions>
          <speed>7.33</speed>
          <course>5.5</course>
        </extensions>
      </trkpt>
      <trkpt lat="48.5370748" lon="36.0513130">
        <ele>129.5</ele>
        <time>2026-04-18T13:50:28Z</time>
        <extensions>
          <speed>7.36</speed>
          <course>7.1</course>
        </extensions>
      </trkpt>
      <trkpt lat="48.5370820" lon="36.0513152">
        <ele>129.6</ele>
        <time>2026-04-18T13:50:28Z</time>
        <extensions>
          <speed>7.54</speed>
          <course>9.0</course>
        </extensions>
      </trkpt>
      <trkpt lat="48.5370890" lon="36.0513180">
        <ele>129.7</ele>
        <time>2026-04-18T13:50:28Z</time>
        <extensions>
          <speed>7.78</speed>
          <course>11.8</course>
        </extensions>
      </trkpt>
      <trkpt lat="48.5370967" lon="36.0513210">
        <ele>129.8</ele>
        <time>2026-04-18T13:50:28Z</time>
        <extensions>
          <speed>8.16</speed>
          <course>13.4</course>
        </extensions>
      </trkpt>
      <trkpt lat="48.5371043" lon="36.0513245">
        <ele>129.8</ele>
        <time>2026-04-18T13:50:28Z</time>
        <extensions>
          <speed>8.43</speed>
          <course>15.7</course>
        </extensions>
      </trkpt>
      <trkpt lat="48.5371115" lon="36.0513283">
        <ele>129.9</ele>
        <time>2026-04-18T13:50:29Z</time>
        <extensions>
          <speed>8.51</speed>
          <course>17.4</course>
        </extensions>
      </trkpt>
      <trkpt lat="48.5371268" lon="36.0513368">
        <ele>130.1</ele>
        <time>2026-04-18T13:50:29Z</time>
        <extensions>
          <speed>9.13</speed>
          <course>21.4</course>
        </extensions>
      </trkpt>
      <trkpt lat="48.5371352" lon="36.0513423">
        <ele>130.1</ele>
        <time>2026-04-18T13:50:29Z</time>
        <extensions>
          <speed>9.52</speed>
          <course>23.1</course>
        </extensions>
      </trkpt>
      <trkpt lat="48.5371432" lon="36.0513483">
        <ele>130.1</ele>
        <time>2026-04-18T13:50:29Z</time>
        <extensions>
          <speed>9.66</speed>
          <course>25.6</course>
        </extensions>
      </trkpt>
      <trkpt lat="48.5371517" lon="36.0513542">
        <ele>130.1</ele>
        <time>2026-04-18T13:50:29Z</time>
        <extensions>
          <speed>10.05</speed>
          <course>26.0</course>
        </extensions>
      </trkpt>
      <trkpt lat="48.5371598" lon="36.0513602">
        <ele>130.2</ele>
        <time>2026-04-18T13:50:29Z</time>
        <extensions>
          <speed>10.00</speed>
          <course>26.6</course>
        </extensions>
      </trkpt>
      <trkpt lat="48.5371685" lon="36.0513677">
        <ele>130.3</ele>
        <time>2026-04-18T13:50:29Z</time>
        <extensions>
          <speed>10.61</speed>
          <course>28.9</course>
        </extensions>
      </trkpt>
      <trkpt lat="48.5371768" lon="36.0513752">
        <ele>130.3</ele>
        <time>2026-04-18T13:50:29Z</time>
        <extensions>
          <speed>10.63</speed>
          <course>30.5</course>
        </extensions>
      </trkpt>
      <trkpt lat="48.5371855" lon="36.0513830">
        <ele>130.4</ele>
        <time>2026-04-18T13:50:29Z</time>
        <extensions>
          <speed>10.87</speed>
          <course>31.3</course>
        </extensions>
      </trkpt>
      <trkpt lat="48.5371945" lon="36.0513908">
        <ele>130.4</ele>
        <time>2026-04-18T13:50:30Z</time>
        <extensions>
          <speed>11.19</speed>
          <course>31.8</course>
        </extensions>
      </trkpt>
      <trkpt lat="48.5372123" lon="36.0514080">
        <ele>130.6</ele>
        <time>2026-04-18T13:50:30Z</time>
        <extensions>
          <speed>11.91</speed>
          <course>32.6</course>
        </extensions>
      </trkpt>
      <trkpt lat="48.5372213" lon="36.0514170">
        <ele>130.7</ele>
        <time>2026-04-18T13:50:30Z</time>
        <extensions>
          <speed>11.93</speed>
          <course>33.6</course>
        </extensions>
      </trkpt>
      <trkpt lat="48.5372303" lon="36.0514262">
        <ele>130.8</ele>
        <time>2026-04-18T13:50:30Z</time>
        <extensions>
          <speed>12.18</speed>
          <course>33.9</course>
        </extensions>
      </trkpt>
      <trkpt lat="48.5372395" lon="36.0514357">
        <ele>130.8</ele>
        <time>2026-04-18T13:50:30Z</time>
        <extensions>
          <speed>12.45</speed>
          <course>34.4</course>
        </extensions>
      </trkpt>
      <trkpt lat="48.5372488" lon="36.0514452">
        <ele>130.9</ele>
        <time>2026-04-18T13:50:30Z</time>
        <extensions>
          <speed>12.66</speed>
          <course>34.0</course>
        </extensions>
      </trkpt>
      <trkpt lat="48.5372582" lon="36.0514548">
        <ele>131.0</ele>
        <time>2026-04-18T13:50:30Z</time>
        <extensions>
          <speed>12.76</speed>
          <course>33.9</course>
        </extensions>
      </trkpt>
      <trkpt lat="48.5372675" lon="36.0514650">
        <ele>131.1</ele>
        <time>2026-04-18T13:50:30Z</time>
        <extensions>
          <speed>13.01</speed>
          <course>34.4</course>
        </extensions>
      </trkpt>
      <trkpt lat="48.5372772" lon="36.0514743">
        <ele>131.1</ele>
        <time>2026-04-18T13:50:30Z</time>
        <extensions>
          <speed>13.06</speed>
          <course>33.4</course>
        </extensions>
      </trkpt>
      <trkpt lat="48.5372868" lon="36.0514838">
        <ele>131.2</ele>
        <time>2026-04-18T13:50:31Z</time>
        <extensions>
          <speed>13.14</speed>
          <course>32.6</course>
        </extensions>
      </trkpt>
      <trkpt lat="48.5372968" lon="36.0514943">
        <ele>131.3</ele>
        <time>2026-04-18T13:50:31Z</time>
        <extensions>
          <speed>13.53</speed>
          <course>33.5</course>
        </extensions>
      </trkpt>
      <trkpt lat="48.5373067" lon="36.0515048">
        <ele>131.4</ele>
        <time>2026-04-18T13:50:31Z</time>
        <extensions>
          <speed>13.51</speed>
          <course>33.9</course>
        </extensions>
      </trkpt>
      <trkpt lat="48.5373167" lon="36.0515153">
        <ele>131.4</ele>
        <time>2026-04-18T13:50:31Z</time>
        <extensions>
          <speed>13.78</speed>
          <course>34.0</course>
        </extensions>
      </trkpt>
      <trkpt lat="48.5373265" lon="36.0515263">
        <ele>131.6</ele>
        <time>2026-04-18T13:50:31Z</time>
        <extensions>
          <speed>13.71</speed>
          <course>34.7</course>
        </extensions>
      </trkpt>
      <trkpt lat="48.5373367" lon="36.0515370">
        <ele>131.6</ele>
        <time>2026-04-18T13:50:31Z</time>
        <extensions>
          <speed>14.04</speed>
          <course>34.4</course>
        </extensions>
      </trkpt>
      <trkpt lat="48.5373468" lon="36.0515485">
        <ele>131.6</ele>
        <time>2026-04-18T13:50:31Z</time>
        <extensions>
          <speed>14.21</speed>
          <course>35.1</course>
        </extensions>
      </trkpt>
      <trkpt lat="48.5373562" lon="36.0515595">
        <ele>131.6</ele>
        <time>2026-04-18T13:50:31Z</time>
        <extensions>
          <speed>13.79</speed>
          <course>36.0</course>
        </extensions>
      </trkpt>
      <trkpt lat="48.5373655" lon="36.0515703">
        <ele>131.6</ele>
        <time>2026-04-18T13:50:31Z</time>
        <extensions>
          <speed>13.63</speed>
          <course>36.2</course>
        </extensions>
      </trkpt>
      <trkpt lat="48.5373747" lon="36.0515815">
        <ele>131.6</ele>
        <time>2026-04-18T13:50:31Z</time>
        <extensions>
          <speed>13.46</speed>
          <course>37.3</course>
        </extensions>
      </trkpt>
      <trkpt lat="48.5373833" lon="36.0515928">
        <ele>131.7</ele>
        <time>2026-04-18T13:50:32Z</time>
        <extensions>
          <speed>13.22</speed>
          <course>38.4</course>
        </extensions>
      </trkpt>
      <trkpt lat="48.5374012" lon="36.0516153">
        <ele>131.8</ele>
        <time>2026-04-18T13:50:32Z</time>
        <extensions>
          <speed>12.96</speed>
          <course>39.3</course>
        </extensions>
      </trkpt>
      <trkpt lat="48.5374102" lon="36.0516270">
        <ele>131.8</ele>
        <time>2026-04-18T13:50:32Z</time>
        <extensions>
          <speed>13.27</speed>
          <course>39.8</course>
        </extensions>
      </trkpt>
      <trkpt lat="48.5374188" lon="36.0516388">
        <ele>131.9</ele>
        <time>2026-04-18T13:50:32Z</time>
        <extensions>
          <speed>13.27</speed>
          <course>40.8</course>
        </extensions>
      </trkpt>
      <trkpt lat="48.5374278" lon="36.0516507">
        <ele>132.0</ele>
        <time>2026-04-18T13:50:32Z</time>
        <extensions>
          <speed>13.29</speed>
          <course>40.3</course>
        </extensions>
      </trkpt>
      <trkpt lat="48.5374367" lon="36.0516630">
        <ele>132.0</ele>
        <time>2026-04-18T13:50:32Z</time>
        <extensions>
          <speed>13.37</speed>
          <course>41.4</course>
        </extensions>
      </trkpt>
      <trkpt lat="48.5374455" lon="36.0516753">
        <ele>132.1</ele>
        <time>2026-04-18T13:50:32Z</time>
        <extensions>
          <speed>13.41</speed>
          <course>42.6</course>
        </extensions>
      </trkpt>
      <trkpt lat="48.5374542" lon="36.0516878">
        <ele>132.2</ele>
        <time>2026-04-18T13:50:32Z</time>
        <extensions>
          <speed>13.50</speed>
          <course>42.6</course>
        </extensions>
      </trkpt>
      <trkpt lat="48.5374630" lon="36.0517000">
        <ele>132.3</ele>
        <time>2026-04-18T13:50:32Z</time>
        <extensions>
          <speed>13.38</speed>
          <course>42.5</course>
        </extensions>
      </trkpt>
      <trkpt lat="48.5374718" lon="36.0517127">
        <ele>132.4</ele>
        <time>2026-04-18T13:50:33Z</time>
        <extensions>
          <speed>13.54</speed>
          <course>43.0</course>
        </extensions>
      </trkpt>
      <trkpt lat="48.5374898" lon="36.0517385">
        <ele>132.6</ele>
        <time>2026-04-18T13:50:33Z</time>
        <extensions>
          <speed>13.83</speed>
          <course>43.6</course>
        </extensions>
      </trkpt>
      <trkpt lat="48.5374990" lon="36.0517520">
        <ele>132.7</ele>
        <time>2026-04-18T13:50:33Z</time>
        <extensions>
          <speed>14.15</speed>
          <course>43.9</course>
        </extensions>
      </trkpt>
      <trkpt lat="48.5375082" lon="36.0517650">
        <ele>132.7</ele>
        <time>2026-04-18T13:50:33Z</time>
        <extensions>
          <speed>14.25</speed>
          <course>43.7</course>
        </extensions>
      </trkpt>
      <trkpt lat="48.5375177" lon="36.0517785">
        <ele>132.8</ele>
        <time>2026-04-18T13:50:33Z</time>
        <extensions>
          <speed>14.51</speed>
          <course>43.7</course>
        </extensions>
      </trkpt>
      <trkpt lat="48.5375273" lon="36.0517923">
        <ele>132.8</ele>
        <time>2026-04-18T13:50:33Z</time>
        <extensions>
          <speed>14.72</speed>
          <course>43.7</course>
        </extensions>
      </trkpt>
      <trkpt lat="48.5375372" lon="36.0518058">
        <ele>132.9</ele>
        <time>2026-04-18T13:50:33Z</time>
        <extensions>
          <speed>14.92</speed>
          <course>42.8</course>
        </extensions>
      </trkpt>
      <trkpt lat="48.5375472" lon="36.0518202">
        <ele>132.9</ele>
        <time>2026-04-18T13:50:33Z</time>
        <extensions>
          <speed>15.16</speed>
          <course>43.3</course>
        </extensions>
      </trkpt>
      <trkpt lat="48.5375575" lon="36.0518343">
        <ele>133.0</ele>
        <time>2026-04-18T13:50:33Z</time>
        <extensions>
          <speed>15.44</speed>
          <course>42.7</course>
        </extensions>
      </trkpt>
      <trkpt lat="48.5375682" lon="36.0518490">
        <ele>133.0</ele>
        <time>2026-04-18T13:50:34Z</time>
        <extensions>
          <speed>15.81</speed>
          <course>42.6</course>
        </extensions>
      </trkpt>
      <trkpt lat="48.5375898" lon="36.0518787">
        <ele>133.1</ele>
        <time>2026-04-18T13:50:34Z</time>
        <extensions>
          <speed>16.40</speed>
          <course>42.2</course>
        </extensions>
      </trkpt>
      <trkpt lat="48.5376012" lon="36.0518937">
        <ele>133.1</ele>
        <time>2026-04-18T13:50:34Z</time>
        <extensions>
          <speed>16.64</speed>
          <course>41.9</course>
        </extensions>
      </trkpt>
      <trkpt lat="48.5376127" lon="36.0519092">
        <ele>133.2</ele>
        <time>2026-04-18T13:50:34Z</time>
        <extensions>
          <speed>16.94</speed>
          <course>41.8</course>
        </extensions>
      </trkpt>
      <trkpt lat="48.5376242" lon="36.0519247">
        <ele>133.2</ele>
        <time>2026-04-18T13:50:34Z</time>
        <extensions>
          <speed>17.09</speed>
          <course>42.0</course>
        </extensions>
      </trkpt>
      <trkpt lat="48.5376362" lon="36.0519403">
        <ele>133.2</ele>
        <time>2026-04-18T13:50:34Z</time>
        <extensions>
          <speed>17.42</speed>
          <course>41.5</course>
        </extensions>
      </trkpt>
      <trkpt lat="48.5376482" lon="36.0519558">
        <ele>133.2</ele>
        <time>2026-04-18T13:50:34Z</time>
        <extensions>
          <speed>17.51</speed>
          <course>41.2</course>
        </extensions>
      </trkpt>
      <trkpt lat="48.5376603" lon="36.0519720">
        <ele>133.3</ele>
        <time>2026-04-18T13:50:34Z</time>
        <extensions>
          <speed>17.82</speed>
          <course>41.4</course>
        </extensions>
      </trkpt>
      <trkpt lat="48.5376727" lon="36.0519880">
        <ele>133.3</ele>
        <time>2026-04-18T13:50:34Z</time>
        <extensions>
          <speed>17.94</speed>
          <course>40.8</course>
        </extensions>
      </trkpt>
      <trkpt lat="48.5376848" lon="36.0520042">
        <ele>133.4</ele>
        <time>2026-04-18T13:50:35Z</time>
        <extensions>
          <speed>18.00</speed>
          <course>41.2</course>
        </extensions>
      </trkpt>
      <trkpt lat="48.5376968" lon="36.0520205">
        <ele>133.4</ele>
        <time>2026-04-18T13:50:35Z</time>
        <extensions>
          <speed>17.96</speed>
          <course>41.6</course>
        </extensions>
      </trkpt>
      <trkpt lat="48.5377088" lon="36.0520362">
        <ele>133.5</ele>
        <time>2026-04-18T13:50:35Z</time>
        <extensions>
          <speed>17.66</speed>
          <course>41.2</course>
        </extensions>
      </trkpt>
      <trkpt lat="48.5377208" lon="36.0520515">
        <ele>133.5</ele>
        <time>2026-04-18T13:50:35Z</time>
        <extensions>
          <speed>17.41</speed>
          <course>40.9</course>
        </extensions>
      </trkpt>
      <trkpt lat="48.5377325" lon="36.0520667">
        <ele>133.5</ele>
        <time>2026-04-18T13:50:35Z</time>
        <extensions>
          <speed>17.18</speed>
          <course>41.0</course>
        </extensions>
      </trkpt>
      <trkpt lat="48.5377440" lon="36.0520818">
        <ele>133.6</ele>
        <time>2026-04-18T13:50:35Z</time>
        <extensions>
          <speed>16.99</speed>
          <course>41.3</course>
        </extensions>
      </trkpt>
      <trkpt lat="48.5377555" lon="36.0520967">
        <ele>133.7</ele>
        <time>2026-04-18T13:50:35Z</time>
        <extensions>
          <speed>16.78</speed>
          <course>41.0</course>
        </extensions>
      </trkpt>
      <trkpt lat="48.5377668" lon="36.0521108">
        <ele>133.7</ele>
        <time>2026-04-18T13:50:35Z</time>
        <extensions>
          <speed>16.54</speed>
          <course>40.8</course>
        </extensions>
      </trkpt>
      <trkpt lat="48.5377777" lon="36.0521255">
        <ele>133.7</ele>
        <time>2026-04-18T13:50:35Z</time>
        <extensions>
          <speed>16.24</speed>
          <course>41.7</course>
        </extensions>
      </trkpt>
      <trkpt lat="48.5377888" lon="36.0521395">
        <ele>133.8</ele>
        <time>2026-04-18T13:50:35Z</time>
        <extensions>
          <speed>16.14</speed>
          <course>40.6</course>
        </extensions>
      </trkpt>
      <trkpt lat="48.5377995" lon="36.0521537">
        <ele>133.8</ele>
        <time>2026-04-18T13:50:36Z</time>
        <extensions>
          <speed>15.74</speed>
          <course>41.5</course>
        </extensions>
      </trkpt>
      <trkpt lat="48.5378100" lon="36.0521675">
        <ele>133.9</ele>
        <time>2026-04-18T13:50:36Z</time>
        <extensions>
          <speed>15.62</speed>
          <course>41.1</course>
        </extensions>
      </trkpt>
      <trkpt lat="48.5378203" lon="36.0521812">
        <ele>133.9</ele>
        <time>2026-04-18T13:50:36Z</time>
        <extensions>
          <speed>15.37</speed>
          <course>41.4</course>
        </extensions>
      </trkpt>
      <trkpt lat="48.5378307" lon="36.0521947">
        <ele>133.9</ele>
        <time>2026-04-18T13:50:36Z</time>
        <extensions>
          <speed>15.21</speed>
          <course>41.4</course>
        </extensions>
      </trkpt>
      <trkpt lat="48.5378408" lon="36.0522082">
        <ele>134.0</ele>
        <time>2026-04-18T13:50:36Z</time>
        <extensions>
          <speed>15.05</speed>
          <course>41.2</course>
        </extensions>
      </trkpt>
      <trkpt lat="48.5378507" lon="36.0522207">
        <ele>133.9</ele>
        <time>2026-04-18T13:50:36Z</time>
        <extensions>
          <speed>14.67</speed>
          <course>40.6</course>
        </extensions>
      </trkpt>
      <trkpt lat="48.5378607" lon="36.0522338">
        <ele>134.0</ele>
        <time>2026-04-18T13:50:36Z</time>
        <extensions>
          <speed>14.61</speed>
          <course>41.4</course>
        </extensions>
      </trkpt>
      <trkpt lat="48.5378702" lon="36.0522468">
        <ele>134.0</ele>
        <time>2026-04-18T13:50:36Z</time>
        <extensions>
          <speed>14.45</speed>
          <course>41.9</course>
        </extensions>
      </trkpt>
      <trkpt lat="48.5378800" lon="36.0522597">
        <ele>134.1</ele>
        <time>2026-04-18T13:50:36Z</time>
        <extensions>
          <speed>14.28</speed>
          <course>41.3</course>
        </extensions>
      </trkpt>
      <trkpt lat="48.5378893" lon="36.0522722">
        <ele>134.2</ele>
        <time>2026-04-18T13:50:36Z</time>
        <extensions>
          <speed>13.95</speed>
          <course>41.5</course>
        </extensions>
      </trkpt>
      <trkpt lat="48.5378987" lon="36.0522842">
        <ele>134.2</ele>
        <time>2026-04-18T13:50:37Z</time>
        <extensions>
          <speed>13.74</speed>
          <course>41.2</course>
        </extensions>
      </trkpt>
      <trkpt lat="48.5379077" lon="36.0522965">
        <ele>134.2</ele>
        <time>2026-04-18T13:50:37Z</time>
        <extensions>
          <speed>13.54</speed>
          <course>41.8</course>
        </extensions>
      </trkpt>
      <trkpt lat="48.5379168" lon="36.0523087">
        <ele>134.3</ele>
        <time>2026-04-18T13:50:37Z</time>
        <extensions>
          <speed>13.59</speed>
          <course>41.0</course>
        </extensions>
      </trkpt>
      <trkpt lat="48.5379257" lon="36.0523207">
        <ele>134.3</ele>
        <time>2026-04-18T13:50:37Z</time>
        <extensions>
          <speed>13.21</speed>
          <course>41.6</course>
        </extensions>
      </trkpt>
      <trkpt lat="48.5379343" lon="36.0523323">
        <ele>134.3</ele>
        <time>2026-04-18T13:50:37Z</time>
        <extensions>
          <speed>13.08</speed>
          <course>41.4</course>
        </extensions>
      </trkpt>
      <trkpt lat="48.5379430" lon="36.0523437">
        <ele>134.3</ele>
        <time>2026-04-18T13:50:37Z</time>
        <extensions>
          <speed>12.92</speed>
          <course>41.3</course>
        </extensions>
      </trkpt>
      <trkpt lat="48.5379515" lon="36.0523547">
        <ele>134.3</ele>
        <time>2026-04-18T13:50:37Z</time>
        <extensions>
          <speed>12.60</speed>
          <course>40.4</course>
        </extensions>
      </trkpt>
      <trkpt lat="48.5379600" lon="36.0523667">
        <ele>134.4</ele>
        <time>2026-04-18T13:50:37Z</time>
        <extensions>
          <speed>12.77</speed>
          <course>42.2</course>
        </extensions>
      </trkpt>
      <trkpt lat="48.5379682" lon="36.0523782">
        <ele>134.4</ele>
        <time>2026-04-18T13:50:37Z</time>
        <extensions>
          <speed>12.52</speed>
          <course>43.2</course>
        </extensions>
      </trkpt>
      <trkpt lat="48.5379763" lon="36.0523897">
        <ele>134.4</ele>
        <time>2026-04-18T13:50:37Z</time>
        <extensions>
          <speed>12.40</speed>
          <course>42.9</course>
        </extensions>
      </trkpt>
      <trkpt lat="48.5379845" lon="36.0524007">
        <ele>134.4</ele>
        <time>2026-04-18T13:50:38Z</time>
        <extensions>
          <speed>12.14</speed>
          <course>42.6</course>
        </extensions>
      </trkpt>
      <trkpt lat="48.5379923" lon="36.0524115">
        <ele>134.4</ele>
        <time>2026-04-18T13:50:38Z</time>
        <extensions>
          <speed>11.91</speed>
          <course>42.7</course>
        </extensions>
      </trkpt>
      <trkpt lat="48.5380000" lon="36.0524225">
        <ele>134.4</ele>
        <time>2026-04-18T13:50:38Z</time>
        <extensions>
          <speed>11.83</speed>
          <course>43.4</course>
        </extensions>
      </trkpt>
      <trkpt lat="48.5380075" lon="36.0524333">
        <ele>134.4</ele>
        <time>2026-04-18T13:50:38Z</time>
        <extensions>
          <speed>11.53</speed>
          <course>43.9</course>
        </extensions>
      </trkpt>
      <trkpt lat="48.5380150" lon="36.0524442">
        <ele>134.4</ele>
        <time>2026-04-18T13:50:38Z</time>
        <extensions>
          <speed>11.49</speed>
          <course>44.0</course>
        </extensions>
      </trkpt>
      <trkpt lat="48.5380222" lon="36.0524547">
        <ele>134.5</ele>
        <time>2026-04-18T13:50:38Z</time>
        <extensions>
          <speed>11.15</speed>
          <course>44.6</course>
        </extensions>
      </trkpt>
      <trkpt lat="48.5380293" lon="36.0524655">
        <ele>134.5</ele>
        <time>2026-04-18T13:50:38Z</time>
        <extensions>
          <speed>11.14</speed>
          <course>44.6</course>
        </extensions>
      </trkpt>
      <trkpt lat="48.5380363" lon="36.0524762">
        <ele>134.5</ele>
        <time>2026-04-18T13:50:38Z</time>
        <extensions>
          <speed>10.96</speed>
          <course>45.5</course>
        </extensions>
      </trkpt>
      <trkpt lat="48.5380430" lon="36.0524867">
        <ele>134.6</ele>
        <time>2026-04-18T13:50:38Z</time>
        <extensions>
          <speed>10.76</speed>
          <course>46.2</course>
        </extensions>
      </trkpt>
      <trkpt lat="48.5380497" lon="36.0524972">
        <ele>134.6</ele>
        <time>2026-04-18T13:50:38Z</time>
        <extensions>
          <speed>10.64</speed>
          <course>46.6</course>
        </extensions>
      </trkpt>
      <trkpt lat="48.5380562" lon="36.0525075">
        <ele>134.6</ele>
        <time>2026-04-18T13:50:39Z</time>
        <extensions>
          <speed>10.46</speed>
          <course>47.3</course>
        </extensions>
      </trkpt>
      <trkpt lat="48.5380687" lon="36.0525283">
        <ele>134.7</ele>
        <time>2026-04-18T13:50:39Z</time>
        <extensions>
          <speed>10.22</speed>
          <course>48.2</course>
        </extensions>
      </trkpt>
      <trkpt lat="48.5380747" lon="36.0525387">
        <ele>134.7</ele>
        <time>2026-04-18T13:50:39Z</time>
        <extensions>
          <speed>10.07</speed>
          <course>49.2</course>
        </extensions>
      </trkpt>
      <trkpt lat="48.5380807" lon="36.0525487">
        <ele>134.7</ele>
        <time>2026-04-18T13:50:39Z</time>
        <extensions>
          <speed>9.84</speed>
          <course>49.5</course>
        </extensions>
      </trkpt>
      <trkpt lat="48.5380865" lon="36.0525587">
        <ele>134.8</ele>
        <time>2026-04-18T13:50:39Z</time>
        <extensions>
          <speed>9.78</speed>
          <course>49.9</course>
        </extensions>
      </trkpt>
      <trkpt lat="48.5380922" lon="36.0525693">
        <ele>134.8</ele>
        <time>2026-04-18T13:50:39Z</time>
        <extensions>
          <speed>10.07</speed>
          <course>50.7</course>
        </extensions>
      </trkpt>
      <trkpt lat="48.5380980" lon="36.0525798">
        <ele>134.8</ele>
        <time>2026-04-18T13:50:39Z</time>
        <extensions>
          <speed>10.01</speed>
          <course>51.4</course>
        </extensions>
      </trkpt>
      <trkpt lat="48.5381035" lon="36.0525905">
        <ele>134.8</ele>
        <time>2026-04-18T13:50:39Z</time>
        <extensions>
          <speed>9.97</speed>
          <course>51.9</course>
        </extensions>
      </trkpt>
      <trkpt lat="48.5381092" lon="36.0526013">
        <ele>134.9</ele>
        <time>2026-04-18T13:50:39Z</time>
        <extensions>
          <speed>10.03</speed>
          <course>52.1</course>
        </extensions>
      </trkpt>
      <trkpt lat="48.5381148" lon="36.0526122">
        <ele>134.9</ele>
        <time>2026-04-18T13:50:40Z</time>
        <extensions>
          <speed>10.16</speed>
          <course>52.8</course>
        </extensions>
      </trkpt>
      <trkpt lat="48.5381258" lon="36.0526345">
        <ele>134.9</ele>
        <time>2026-04-18T13:50:40Z</time>
        <extensions>
          <speed>10.16</speed>
          <course>53.9</course>
        </extensions>
      </trkpt>
      <trkpt lat="48.5381315" lon="36.0526458">
        <ele>134.9</ele>
        <time>2026-04-18T13:50:40Z</time>
        <extensions>
          <speed>10.32</speed>
          <course>54.5</course>
        </extensions>
      </trkpt>
      <trkpt lat="48.5381370" lon="36.0526568">
        <ele>134.9</ele>
        <time>2026-04-18T13:50:40Z</time>
        <extensions>
          <speed>10.17</speed>
          <course>54.1</course>
        </extensions>
      </trkpt>
      <trkpt lat="48.5381425" lon="36.0526685">
        <ele>134.9</ele>
        <time>2026-04-18T13:50:40Z</time>
        <extensions>
          <speed>10.30</speed>
          <course>54.7</course>
        </extensions>
      </trkpt>
      <trkpt lat="48.5381482" lon="36.0526800">
        <ele>135.0</ele>
        <time>2026-04-18T13:50:40Z</time>
        <extensions>
          <speed>10.35</speed>
          <course>54.9</course>
        </extensions>
      </trkpt>
      <trkpt lat="48.5381535" lon="36.0526917">
        <ele>135.0</ele>
        <time>2026-04-18T13:50:40Z</time>
        <extensions>
          <speed>10.36</speed>
          <course>55.6</course>
        </extensions>
      </trkpt>
      <trkpt lat="48.5381588" lon="36.0527033">
        <ele>135.0</ele>
        <time>2026-04-18T13:50:40Z</time>
        <extensions>
          <speed>10.42</speed>
          <course>55.7</course>
        </extensions>
      </trkpt>
      <trkpt lat="48.5381643" lon="36.0527153">
        <ele>135.0</ele>
        <time>2026-04-18T13:50:40Z</time>
        <extensions>
          <speed>10.51</speed>
          <course>55.6</course>
        </extensions>
      </trkpt>
      <trkpt lat="48.5381695" lon="36.0527265">
        <ele>135.0</ele>
        <time>2026-04-18T13:50:41Z</time>
        <extensions>
          <speed>10.35</speed>
          <course>56.2</course>
        </extensions>
      </trkpt>
      <trkpt lat="48.5381750" lon="36.0527388">
        <ele>135.0</ele>
        <time>2026-04-18T13:50:41Z</time>
        <extensions>
          <speed>10.66</speed>
          <course>56.1</course>
        </extensions>
      </trkpt>
      <trkpt lat="48.5381802" lon="36.0527507">
        <ele>135.0</ele>
        <time>2026-04-18T13:50:41Z</time>
        <extensions>
          <speed>10.54</speed>
          <course>56.8</course>
        </extensions>
      </trkpt>
      <trkpt lat="48.5381857" lon="36.0527627">
        <ele>135.0</ele>
        <time>2026-04-18T13:50:41Z</time>
        <extensions>
          <speed>10.57</speed>
          <course>55.8</course>
        </extensions>
      </trkpt>
      <trkpt lat="48.5381912" lon="36.0527748">
        <ele>135.0</ele>
        <time>2026-04-18T13:50:41Z</time>
        <extensions>
          <speed>10.74</speed>
          <course>56.2</course>
        </extensions>
      </trkpt>
      <trkpt lat="48.5381965" lon="36.0527870">
        <ele>135.0</ele>
        <time>2026-04-18T13:50:41Z</time>
        <extensions>
          <speed>10.66</speed>
          <course>56.7</course>
        </extensions>
      </trkpt>
      <trkpt lat="48.5382018" lon="36.0527988">
        <ele>135.0</ele>
        <time>2026-04-18T13:50:41Z</time>
        <extensions>
          <speed>10.70</speed>
          <course>56.4</course>
        </extensions>
      </trkpt>
      <trkpt lat="48.5382073" lon="36.0528112">
        <ele>135.1</ele>
        <time>2026-04-18T13:50:41Z</time>
        <extensions>
          <speed>10.77</speed>
          <course>56.3</course>
        </extensions>
      </trkpt>
      <trkpt lat="48.5382128" lon="36.0528233">
        <ele>135.1</ele>
        <time>2026-04-18T13:50:41Z</time>
        <extensions>
          <speed>10.86</speed>
          <course>56.3</course>
        </extensions>
      </trkpt>
      <trkpt lat="48.5382182" lon="36.0528355">
        <ele>135.1</ele>
        <time>2026-04-18T13:50:41Z</time>
        <extensions>
          <speed>10.74</speed>
          <course>55.9</course>
        </extensions>
      </trkpt>
      <trkpt lat="48.5382237" lon="36.0528480">
        <ele>135.1</ele>
        <time>2026-04-18T13:50:42Z</time>
        <extensions>
          <speed>10.91</speed>
          <course>56.7</course>
        </extensions>
      </trkpt>
      <trkpt lat="48.5382345" lon="36.0528730">
        <ele>135.1</ele>
        <time>2026-04-18T13:50:42Z</time>
        <extensions>
          <speed>11.05</speed>
          <course>56.9</course>
        </extensions>
      </trkpt>
      <trkpt lat="48.5382398" lon="36.0528857">
        <ele>135.2</ele>
        <time>2026-04-18T13:50:42Z</time>
        <extensions>
          <speed>10.98</speed>
          <course>57.6</course>
        </extensions>
      </trkpt>
      <trkpt lat="48.5382452" lon="36.0528987">
        <ele>135.2</ele>
        <time>2026-04-18T13:50:42Z</time>
        <extensions>
          <speed>11.08</speed>
          <course>58.3</course>
        </extensions>
      </trkpt>
      <trkpt lat="48.5382505" lon="36.0529118">
        <ele>135.2</ele>
        <time>2026-04-18T13:50:42Z</time>
        <extensions>
          <speed>11.22</speed>
          <course>58.5</course>
        </extensions>
      </trkpt>
      <trkpt lat="48.5382553" lon="36.0529252">
        <ele>135.2</ele>
        <time>2026-04-18T13:50:42Z</time>
        <extensions>
          <speed>11.24</speed>
          <course>60.2</course>
        </extensions>
      </trkpt>
      <trkpt lat="48.5382605" lon="36.0529388">
        <ele>135.2</ele>
        <time>2026-04-18T13:50:42Z</time>
        <extensions>
          <speed>11.36</speed>
          <course>60.0</course>
        </extensions>
      </trkpt>
      <trkpt lat="48.5382653" lon="36.0529520">
        <ele>135.2</ele>
        <time>2026-04-18T13:50:42Z</time>
        <extensions>
          <speed>11.19</speed>
          <course>61.4</course>
        </extensions>
      </trkpt>
      <trkpt lat="48.5382702" lon="36.0529658">
        <ele>135.2</ele>
        <time>2026-04-18T13:50:42Z</time>
        <extensions>
          <speed>11.44</speed>
          <course>62.0</course>
        </extensions>
      </trkpt>
      <trkpt lat="48.5382747" lon="36.0529800">
        <ele>135.2</ele>
        <time>2026-04-18T13:50:43Z</time>
        <extensions>
          <speed>11.50</speed>
          <course>63.4</course>
        </extensions>
      </trkpt>
      <trkpt lat="48.5382837" lon="36.0530083">
        <ele>135.3</ele>
        <time>2026-04-18T13:50:43Z</time>
        <extensions>
          <speed>11.57</speed>
          <course>64.3</course>
        </extensions>
      </trkpt>
      <trkpt lat="48.5382878" lon="36.0530227">
        <ele>135.3</ele>
        <time>2026-04-18T13:50:43Z</time>
        <extensions>
          <speed>11.56</speed>
          <course>65.6</course>
        </extensions>
      </trkpt>
      <trkpt lat="48.5382922" lon="36.0530373">
        <ele>135.3</ele>
        <time>2026-04-18T13:50:43Z</time>
        <extensions>
          <speed>11.76</speed>
          <course>65.6</course>
        </extensions>
      </trkpt>
      <trkpt lat="48.5382963" lon="36.0530518">
        <ele>135.3</ele>
        <time>2026-04-18T13:50:43Z</time>
        <extensions>
          <speed>11.60</speed>
          <course>66.3</course>
        </extensions>
      </trkpt>
      <trkpt lat="48.5383007" lon="36.0530670">
        <ele>135.4</ele>
        <time>2026-04-18T13:50:43Z</time>
        <extensions>
          <speed>11.83</speed>
          <course>66.5</course>
        </extensions>
      </trkpt>
      <trkpt lat="48.5383047" lon="36.0530815">
        <ele>135.3</ele>
        <time>2026-04-18T13:50:43Z</time>
        <extensions>
          <speed>11.78</speed>
          <course>67.2</course>
        </extensions>
      </trkpt>
      <trkpt lat="48.5383088" lon="36.0530967">
        <ele>135.3</ele>
        <time>2026-04-18T13:50:43Z</time>
        <extensions>
          <speed>11.95</speed>
          <course>67.5</course>
        </extensions>
      </trkpt>
      <trkpt lat="48.5383128" lon="36.0531117">
        <ele>135.4</ele>
        <time>2026-04-18T13:50:43Z</time>
        <extensions>
          <speed>11.81</speed>
          <course>68.7</course>
        </extensions>
      </trkpt>
      <trkpt lat="48.5383167" lon="36.0531270">
        <ele>135.4</ele>
        <time>2026-04-18T13:50:44Z</time>
        <extensions>
          <speed>11.90</speed>
          <course>69.4</course>
        </extensions>
      </trkpt>
      <trkpt lat="48.5383203" lon="36.0531422">
        <ele>135.4</ele>
        <time>2026-04-18T13:50:44Z</time>
        <extensions>
          <speed>11.99</speed>
          <course>70.0</course>
        </extensions>
      </trkpt>
      <trkpt lat="48.5383240" lon="36.0531575">
        <ele>135.4</ele>
        <time>2026-04-18T13:50:44Z</time>
        <extensions>
          <speed>11.99</speed>
          <course>70.5</course>
        </extensions>
      </trkpt>
      <trkpt lat="48.5383275" lon="36.0531730">
        <ele>135.4</ele>
        <time>2026-04-18T13:50:44Z</time>
        <extensions>
          <speed>12.06</speed>
          <course>71.6</course>
        </extensions>
      </trkpt>
      <trkpt lat="48.5383307" lon="36.0531888">
        <ele>135.5</ele>
        <time>2026-04-18T13:50:44Z</time>
        <extensions>
          <speed>12.14</speed>
          <course>73.0</course>
        </extensions>
      </trkpt>
      <trkpt lat="48.5383338" lon="36.0532047">
        <ele>135.5</ele>
        <time>2026-04-18T13:50:44Z</time>
        <extensions>
          <speed>12.17</speed>
          <course>73.5</course>
        </extensions>
      </trkpt>
      <trkpt lat="48.5383368" lon="36.0532205">
        <ele>135.5</ele>
        <time>2026-04-18T13:50:44Z</time>
        <extensions>
          <speed>12.20</speed>
          <course>74.8</course>
        </extensions>
      </trkpt>
      <trkpt lat="48.5383397" lon="36.0532367">
        <ele>135.5</ele>
        <time>2026-04-18T13:50:44Z</time>
        <extensions>
          <speed>12.27</speed>
          <course>75.8</course>
        </extensions>
      </trkpt>
      <trkpt lat="48.5383423" lon="36.0532528">
        <ele>135.5</ele>
        <time>2026-04-18T13:50:44Z</time>
        <extensions>
          <speed>12.21</speed>
          <course>76.3</course>
        </extensions>
      </trkpt>
      <trkpt lat="48.5383447" lon="36.0532690">
        <ele>135.5</ele>
        <time>2026-04-18T13:50:44Z</time>
        <extensions>
          <speed>12.21</speed>
          <course>78.1</course>
        </extensions>
      </trkpt>
      <trkpt lat="48.5383470" lon="36.0532852">
        <ele>135.5</ele>
        <time>2026-04-18T13:50:45Z</time>
        <extensions>
          <speed>12.25</speed>
          <course>78.5</course>
        </extensions>
      </trkpt>
      <trkpt lat="48.5383492" lon="36.0533018">
        <ele>135.5</ele>
        <time>2026-04-18T13:50:45Z</time>
        <extensions>
          <speed>12.27</speed>
          <course>79.9</course>
        </extensions>
      </trkpt>
      <trkpt lat="48.5383512" lon="36.0533185">
        <ele>135.6</ele>
        <time>2026-04-18T13:50:45Z</time>
        <extensions>
          <speed>12.32</speed>
          <course>80.7</course>
        </extensions>
      </trkpt>
      <trkpt lat="48.5383528" lon="36.0533350">
        <ele>135.6</ele>
        <time>2026-04-18T13:50:45Z</time>
        <extensions>
          <speed>12.29</speed>
          <course>81.8</course>
        </extensions>
      </trkpt>
      <trkpt lat="48.5383542" lon="36.0533515">
        <ele>135.6</ele>
        <time>2026-04-18T13:50:45Z</time>
        <extensions>
          <speed>12.24</speed>
          <course>83.4</course>
        </extensions>
      </trkpt>
      <trkpt lat="48.5383553" lon="36.0533680">
        <ele>135.6</ele>
        <time>2026-04-18T13:50:45Z</time>
        <extensions>
          <speed>12.22</speed>
          <course>84.3</course>
        </extensions>
      </trkpt>
      <trkpt lat="48.5383563" lon="36.0533848">
        <ele>135.7</ele>
        <time>2026-04-18T13:50:45Z</time>
        <extensions>
          <speed>12.16</speed>
          <course>86.0</course>
        </extensions>
      </trkpt>
      <trkpt lat="48.5383570" lon="36.0534013">
        <ele>135.7</ele>
        <time>2026-04-18T13:50:45Z</time>
        <extensions>
          <speed>12.12</speed>
          <course>87.0</course>
        </extensions>
      </trkpt>
      <trkpt lat="48.5383572" lon="36.0534347">
        <ele>135.8</ele>
        <time>2026-04-18T13:50:45Z</time>
        <extensions>
          <speed>12.13</speed>
          <course>90.1</course>
        </extensions>
      </trkpt>
      <trkpt lat="48.5383570" lon="36.0534512">
        <ele>135.9</ele>
        <time>2026-04-18T13:50:46Z</time>
        <extensions>
          <speed>12.14</speed>
          <course>91.1</course>
        </extensions>
      </trkpt>
      <trkpt lat="48.5383562" lon="36.0534838">
        <ele>135.9</ele>
        <time>2026-04-18T13:50:46Z</time>
        <extensions>
          <speed>12.03</speed>
          <course>93.1</course>
        </extensions>
      </trkpt>
      <trkpt lat="48.5383553" lon="36.0535003">
        <ele>136.0</ele>
        <time>2026-04-18T13:50:46Z</time>
        <extensions>
          <speed>12.08</speed>
          <course>94.4</course>
        </extensions>
      </trkpt>
      <trkpt lat="48.5383542" lon="36.0535168">
        <ele>136.0</ele>
        <time>2026-04-18T13:50:46Z</time>
        <extensions>
          <speed>12.03</speed>
          <course>95.7</course>
        </extensions>
      </trkpt>
      <trkpt lat="48.5383528" lon="36.0535332">
        <ele>136.1</ele>
        <time>2026-04-18T13:50:46Z</time>
        <extensions>
          <speed>12.14</speed>
          <course>97.0</course>
        </extensions>
      </trkpt>
      <trkpt lat="48.5383512" lon="36.0535497">
        <ele>136.1</ele>
        <time>2026-04-18T13:50:46Z</time>
        <extensions>
          <speed>12.20</speed>
          <course>98.6</course>
        </extensions>
      </trkpt>
      <trkpt lat="48.5383495" lon="36.0535662">
        <ele>136.2</ele>
        <time>2026-04-18T13:50:46Z</time>
        <extensions>
          <speed>12.20</speed>
          <course>99.4</course>
        </extensions>
      </trkpt>
      <trkpt lat="48.5383475" lon="36.0535823">
        <ele>136.2</ele>
        <time>2026-04-18T13:50:46Z</time>
        <extensions>
          <speed>12.19</speed>
          <course>100.2</course>
        </extensions>
      </trkpt>
      <trkpt lat="48.5383452" lon="36.0535987">
        <ele>136.2</ele>
        <time>2026-04-18T13:50:46Z</time>
        <extensions>
          <speed>12.25</speed>
          <course>101.6</course>
        </extensions>
      </trkpt>
      <trkpt lat="48.5383428" lon="36.0536155">
        <ele>136.2</ele>
        <time>2026-04-18T13:50:47Z</time>
        <extensions>
          <speed>12.37</speed>
          <course>102.6</course>
        </extensions>
      </trkpt>
      <trkpt lat="48.5383403" lon="36.0536313">
        <ele>136.2</ele>
        <time>2026-04-18T13:50:47Z</time>
        <extensions>
          <speed>12.30</speed>
          <course>103.0</course>
        </extensions>
      </trkpt>
      <trkpt lat="48.5383375" lon="36.0536473">
        <ele>136.2</ele>
        <time>2026-04-18T13:50:47Z</time>
        <extensions>
          <speed>12.29</speed>
          <course>104.4</course>
        </extensions>
      </trkpt>
      <trkpt lat="48.5383347" lon="36.0536637">
        <ele>136.3</ele>
        <time>2026-04-18T13:50:47Z</time>
        <extensions>
          <speed>12.35</speed>
          <course>105.0</course>
        </extensions>
      </trkpt>
      <trkpt lat="48.5383315" lon="36.0536798">
        <ele>136.3</ele>
        <time>2026-04-18T13:50:47Z</time>
        <extensions>
          <speed>12.37</speed>
          <course>106.0</course>
        </extensions>
      </trkpt>
      <trkpt lat="48.5383282" lon="36.0536960">
        <ele>136.3</ele>
        <time>2026-04-18T13:50:47Z</time>
        <extensions>
          <speed>12.51</speed>
          <course>107.3</course>
        </extensions>
      </trkpt>
      <trkpt lat="48.5383248" lon="36.0537120">
        <ele>136.4</ele>
        <time>2026-04-18T13:50:47Z</time>
        <extensions>
          <speed>12.38</speed>
          <course>107.7</course>
        </extensions>
      </trkpt>
      <trkpt lat="48.5383213" lon="36.0537277">
        <ele>136.4</ele>
        <time>2026-04-18T13:50:47Z</time>
        <extensions>
          <speed>12.35</speed>
          <course>108.4</course>
        </extensions>
      </trkpt>
      <trkpt lat="48.5383177" lon="36.0537437">
        <ele>136.4</ele>
        <time>2026-04-18T13:50:47Z</time>
        <extensions>
          <speed>12.47</speed>
          <course>109.0</course>
        </extensions>
      </trkpt>
      <trkpt lat="48.5383137" lon="36.0537598">
        <ele>136.4</ele>
        <time>2026-04-18T13:50:47Z</time>
        <extensions>
          <speed>12.69</speed>
          <course>109.8</course>
        </extensions>
      </trkpt>
      <trkpt lat="48.5383097" lon="36.0537755">
        <ele>136.4</ele>
        <time>2026-04-18T13:50:48Z</time>
        <extensions>
          <speed>12.47</speed>
          <course>110.4</course>
        </extensions>
      </trkpt>
      <trkpt lat="48.5383057" lon="36.0537915">
        <ele>136.5</ele>
        <time>2026-04-18T13:50:48Z</time>
        <extensions>
          <speed>12.68</speed>
          <course>111.0</course>
        </extensions>
      </trkpt>
      <trkpt lat="48.5383015" lon="36.0538070">
        <ele>136.5</ele>
        <time>2026-04-18T13:50:48Z</time>
        <extensions>
          <speed>12.59</speed>
          <course>111.6</course>
        </extensions>
      </trkpt>
      <trkpt lat="48.5382973" lon="36.0538232">
        <ele>136.5</ele>
        <time>2026-04-18T13:50:48Z</time>
        <extensions>
          <speed>12.68</speed>
          <course>111.2</course>
        </extensions>
      </trkpt>
      <trkpt lat="48.5382928" lon="36.0538392">
        <ele>136.5</ele>
        <time>2026-04-18T13:50:48Z</time>
        <extensions>
          <speed>12.75</speed>
          <course>112.3</course>
        </extensions>
      </trkpt>
      <trkpt lat="48.5382887" lon="36.0538553">
        <ele>136.5</ele>
        <time>2026-04-18T13:50:48Z</time>
        <extensions>
          <speed>12.76</speed>
          <course>112.0</course>
        </extensions>
      </trkpt>
      <trkpt lat="48.5382842" lon="36.0538713">
        <ele>136.6</ele>
        <time>2026-04-18T13:50:48Z</time>
        <extensions>
          <speed>12.81</speed>
          <course>112.5</course>
        </extensions>
      </trkpt>
      <trkpt lat="48.5382797" lon="36.0538875">
        <ele>136.6</ele>
        <time>2026-04-18T13:50:48Z</time>
        <extensions>
          <speed>12.87</speed>
          <course>112.9</course>
        </extensions>
      </trkpt>
      <trkpt lat="48.5382750" lon="36.0539037">
        <ele>136.6</ele>
        <time>2026-04-18T13:50:48Z</time>
        <extensions>
          <speed>12.89</speed>
          <course>113.3</course>
        </extensions>
      </trkpt>
      <trkpt lat="48.5382705" lon="36.0539198">
        <ele>136.7</ele>
        <time>2026-04-18T13:50:48Z</time>
        <extensions>
          <speed>12.93</speed>
          <course>113.2</course>
        </extensions>
      </trkpt>
      <trkpt lat="48.5382658" lon="36.0539362">
        <ele>136.7</ele>
        <time>2026-04-18T13:50:49Z</time>
        <extensions>
          <speed>12.98</speed>
          <course>113.7</course>
        </extensions>
      </trkpt>
      <trkpt lat="48.5382610" lon="36.0539523">
        <ele>136.7</ele>
        <time>2026-04-18T13:50:49Z</time>
        <extensions>
          <speed>13.06</speed>
          <course>113.7</course>
        </extensions>
      </trkpt>
      <trkpt lat="48.5382563" lon="36.0539687">
        <ele>136.7</ele>
        <time>2026-04-18T13:50:49Z</time>
        <extensions>
          <speed>13.09</speed>
          <course>113.8</course>
        </extensions>
      </trkpt>
      <trkpt lat="48.5382513" lon="36.0539852">
        <ele>136.8</ele>
        <time>2026-04-18T13:50:49Z</time>
        <extensions>
          <speed>13.29</speed>
          <course>114.3</course>
        </extensions>
      </trkpt>
      <trkpt lat="48.5382467" lon="36.0540013">
        <ele>136.8</ele>
        <time>2026-04-18T13:50:49Z</time>
        <extensions>
          <speed>13.19</speed>
          <course>113.9</course>
        </extensions>
      </trkpt>
      <trkpt lat="48.5382415" lon="36.0540175">
        <ele>136.8</ele>
        <time>2026-04-18T13:50:49Z</time>
        <extensions>
          <speed>13.28</speed>
          <course>115.1</course>
        </extensions>
      </trkpt>
      <trkpt lat="48.5382365" lon="36.0540340">
        <ele>136.8</ele>
        <time>2026-04-18T13:50:49Z</time>
        <extensions>
          <speed>13.35</speed>
          <course>115.0</course>
        </extensions>
      </trkpt>
      <trkpt lat="48.5382312" lon="36.0540502">
        <ele>136.8</ele>
        <time>2026-04-18T13:50:49Z</time>
        <extensions>
          <speed>13.31</speed>
          <course>116.1</course>
        </extensions>
      </trkpt>
      <trkpt lat="48.5382258" lon="36.0540667">
        <ele>136.8</ele>
        <time>2026-04-18T13:50:49Z</time>
        <extensions>
          <speed>13.52</speed>
          <course>116.4</course>
        </extensions>
      </trkpt>
      <trkpt lat="48.5382205" lon="36.0540830">
        <ele>136.8</ele>
        <time>2026-04-18T13:50:49Z</time>
        <extensions>
          <speed>13.43</speed>
          <course>116.4</course>
        </extensions>
      </trkpt>
      <trkpt lat="48.5382148" lon="36.0540992">
        <ele>136.8</ele>
        <time>2026-04-18T13:50:50Z</time>
        <extensions>
          <speed>13.53</speed>
          <course>117.3</course>
        </extensions>
      </trkpt>
      <trkpt lat="48.5382092" lon="36.0541157">
        <ele>136.9</ele>
        <time>2026-04-18T13:50:50Z</time>
        <extensions>
          <speed>13.58</speed>
          <course>117.8</course>
        </extensions>
      </trkpt>
      <trkpt lat="48.5382033" lon="36.0541320">
        <ele>136.9</ele>
        <time>2026-04-18T13:50:50Z</time>
        <extensions>
          <speed>13.68</speed>
          <course>118.6</course>
        </extensions>
      </trkpt>
      <trkpt lat="48.5381972" lon="36.0541480">
        <ele>136.9</ele>
        <time>2026-04-18T13:50:50Z</time>
        <extensions>
          <speed>13.72</speed>
          <course>119.5</course>
        </extensions>
      </trkpt>
      <trkpt lat="48.5381912" lon="36.0541640">
        <ele>136.9</ele>
        <time>2026-04-18T13:50:50Z</time>
        <extensions>
          <speed>13.65</speed>
          <course>120.1</course>
        </extensions>
      </trkpt>
      <trkpt lat="48.5381848" lon="36.0541797">
        <ele>136.9</ele>
        <time>2026-04-18T13:50:50Z</time>
        <extensions>
          <speed>13.68</speed>
          <course>120.9</course>
        </extensions>
      </trkpt>
      <trkpt lat="48.5381785" lon="36.0541955">
        <ele>136.9</ele>
        <time>2026-04-18T13:50:50Z</time>
        <extensions>
          <speed>13.69</speed>
          <course>121.3</course>
        </extensions>
      </trkpt>
      <trkpt lat="48.5381718" lon="36.0542113">
        <ele>137.0</ele>
        <time>2026-04-18T13:50:50Z</time>
        <extensions>
          <speed>13.76</speed>
          <course>122.2</course>
        </extensions>
      </trkpt>
      <trkpt lat="48.5381652" lon="36.0542268">
        <ele>137.0</ele>
        <time>2026-04-18T13:50:50Z</time>
        <extensions>
          <speed>13.76</speed>
          <course>122.7</course>
        </extensions>
      </trkpt>
      <trkpt lat="48.5381585" lon="36.0542423">
        <ele>137.0</ele>
        <time>2026-04-18T13:50:50Z</time>
        <extensions>
          <speed>13.73</speed>
          <course>123.4</course>
        </extensions>
      </trkpt>
      <trkpt lat="48.5381517" lon="36.0542578">
        <ele>137.0</ele>
        <time>2026-04-18T13:50:51Z</time>
        <extensions>
          <speed>13.81</speed>
          <course>123.8</course>
        </extensions>
      </trkpt>
      <trkpt lat="48.5381447" lon="36.0542737">
        <ele>137.0</ele>
        <time>2026-04-18T13:50:51Z</time>
        <extensions>
          <speed>13.99</speed>
          <course>123.9</course>
        </extensions>
      </trkpt>
      <trkpt lat="48.5381377" lon="36.0542888">
        <ele>137.0</ele>
        <time>2026-04-18T13:50:51Z</time>
        <extensions>
          <speed>13.78</speed>
          <course>124.5</course>
        </extensions>
      </trkpt>
      <trkpt lat="48.5381305" lon="36.0543045">
        <ele>137.0</ele>
        <time>2026-04-18T13:50:51Z</time>
        <extensions>
          <speed>13.92</speed>
          <course>124.7</course>
        </extensions>
      </trkpt>
      <trkpt lat="48.5381233" lon="36.0543198">
        <ele>137.1</ele>
        <time>2026-04-18T13:50:51Z</time>
        <extensions>
          <speed>13.87</speed>
          <course>125.0</course>
        </extensions>
      </trkpt>
      <trkpt lat="48.5381162" lon="36.0543352">
        <ele>137.1</ele>
        <time>2026-04-18T13:50:51Z</time>
        <extensions>
          <speed>13.90</speed>
          <course>125.6</course>
        </extensions>
      </trkpt>
      <trkpt lat="48.5381088" lon="36.0543507">
        <ele>137.1</ele>
        <time>2026-04-18T13:50:51Z</time>
        <extensions>
          <speed>13.97</speed>
          <course>125.8</course>
        </extensions>
      </trkpt>
      <trkpt lat="48.5381015" lon="36.0543660">
        <ele>137.1</ele>
        <time>2026-04-18T13:50:51Z</time>
        <extensions>
          <speed>13.94</speed>
          <course>125.9</course>
        </extensions>
      </trkpt>
      <trkpt lat="48.5380940" lon="36.0543810">
        <ele>137.1</ele>
        <time>2026-04-18T13:50:51Z</time>
        <extensions>
          <speed>13.92</speed>
          <course>126.7</course>
        </extensions>
      </trkpt>
      <trkpt lat="48.5380865" lon="36.0543962">
        <ele>137.2</ele>
        <time>2026-04-18T13:50:51Z</time>
        <extensions>
          <speed>13.91</speed>
          <course>126.8</course>
        </extensions>
      </trkpt>
      <trkpt lat="48.5380790" lon="36.0544112">
        <ele>137.2</ele>
        <time>2026-04-18T13:50:52Z</time>
        <extensions>
          <speed>13.81</speed>
          <course>127.0</course>
        </extensions>
      </trkpt>
      <trkpt lat="48.5380713" lon="36.0544263">
        <ele>137.2</ele>
        <time>2026-04-18T13:50:52Z</time>
        <extensions>
          <speed>14.02</speed>
          <course>127.3</course>
        </extensions>
      </trkpt>
      <trkpt lat="48.5380637" lon="36.0544417">
        <ele>137.3</ele>
        <time>2026-04-18T13:50:52Z</time>
        <extensions>
          <speed>14.09</speed>
          <course>127.5</course>
        </extensions>
      </trkpt>
      <trkpt lat="48.5380562" lon="36.0544565">
        <ele>137.3</ele>
        <time>2026-04-18T13:50:52Z</time>
        <extensions>
          <speed>13.95</speed>
          <course>127.4</course>
        </extensions>
      </trkpt>
      <trkpt lat="48.5380483" lon="36.0544717">
        <ele>137.3</ele>
        <time>2026-04-18T13:50:52Z</time>
        <extensions>
          <speed>14.20</speed>
          <course>127.5</course>
        </extensions>
      </trkpt>
      <trkpt lat="48.5380407" lon="36.0544868">
        <ele>137.3</ele>
        <time>2026-04-18T13:50:52Z</time>
        <extensions>
          <speed>14.07</speed>
          <course>127.7</course>
        </extensions>
      </trkpt>
      <trkpt lat="48.5380330" lon="36.0545018">
        <ele>137.3</ele>
        <time>2026-04-18T13:50:52Z</time>
        <extensions>
          <speed>14.12</speed>
          <course>127.7</course>
        </extensions>
      </trkpt>
      <trkpt lat="48.5380250" lon="36.0545172">
        <ele>137.4</ele>
        <time>2026-04-18T13:50:52Z</time>
        <extensions>
          <speed>14.24</speed>
          <course>128.0</course>
        </extensions>
      </trkpt>
      <trkpt lat="48.5380172" lon="36.0545325">
        <ele>137.4</ele>
        <time>2026-04-18T13:50:52Z</time>
        <extensions>
          <speed>14.29</speed>
          <course>127.9</course>
        </extensions>
      </trkpt>
      <trkpt lat="48.5380093" lon="36.0545472">
        <ele>137.4</ele>
        <time>2026-04-18T13:50:52Z</time>
        <extensions>
          <speed>14.12</speed>
          <course>128.2</course>
        </extensions>
      </trkpt>
      <trkpt lat="48.5380017" lon="36.0545623">
        <ele>137.4</ele>
        <time>2026-04-18T13:50:53Z</time>
        <extensions>
          <speed>14.12</speed>
          <course>127.7</course>
        </extensions>
      </trkpt>
      <trkpt lat="48.5379937" lon="36.0545773">
        <ele>137.4</ele>
        <time>2026-04-18T13:50:53Z</time>
        <extensions>
          <speed>14.27</speed>
          <course>128.2</course>
        </extensions>
      </trkpt>
      <trkpt lat="48.5379858" lon="36.0545927">
        <ele>137.4</ele>
        <time>2026-04-18T13:50:53Z</time>
        <extensions>
          <speed>14.19</speed>
          <course>128.1</course>
        </extensions>
      </trkpt>
      <trkpt lat="48.5379780" lon="36.0546077">
        <ele>137.4</ele>
        <time>2026-04-18T13:50:53Z</time>
        <extensions>
          <speed>14.21</speed>
          <course>127.9</course>
        </extensions>
      </trkpt>
      <trkpt lat="48.5379702" lon="36.0546225">
        <ele>137.4</ele>
        <time>2026-04-18T13:50:53Z</time>
        <extensions>
          <speed>14.21</speed>
          <course>128.3</course>
        </extensions>
      </trkpt>
      <trkpt lat="48.5379622" lon="36.0546377">
        <ele>137.4</ele>
        <time>2026-04-18T13:50:53Z</time>
        <extensions>
          <speed>14.14</speed>
          <course>128.2</course>
        </extensions>
      </trkpt>
      <trkpt lat="48.5379542" lon="36.0546528">
        <ele>137.5</ele>
        <time>2026-04-18T13:50:53Z</time>
        <extensions>
          <speed>14.25</speed>
          <course>128.4</course>
        </extensions>
      </trkpt>
      <trkpt lat="48.5379465" lon="36.0546677">
        <ele>137.4</ele>
        <time>2026-04-18T13:50:53Z</time>
        <extensions>
          <speed>14.11</speed>
          <course>128.2</course>
        </extensions>
      </trkpt>
      <trkpt lat="48.5379388" lon="36.0546827">
        <ele>137.5</ele>
        <time>2026-04-18T13:50:53Z</time>
        <extensions>
          <speed>14.02</speed>
          <course>128.0</course>
        </extensions>
      </trkpt>
      <trkpt lat="48.5379308" lon="36.0546978">
        <ele>137.5</ele>
        <time>2026-04-18T13:50:53Z</time>
        <extensions>
          <speed>14.18</speed>
          <course>128.4</course>
        </extensions>
      </trkpt>
      <trkpt lat="48.5379230" lon="36.0547127">
        <ele>137.5</ele>
        <time>2026-04-18T13:50:54Z</time>
        <extensions>
          <speed>14.08</speed>
          <course>128.2</course>
        </extensions>
      </trkpt>
      <trkpt lat="48.5379153" lon="36.0547278">
        <ele>137.5</ele>
        <time>2026-04-18T13:50:54Z</time>
        <extensions>
          <speed>14.11</speed>
          <course>128.2</course>
        </extensions>
      </trkpt>
      <trkpt lat="48.5379075" lon="36.0547432">
        <ele>137.6</ele>
        <time>2026-04-18T13:50:54Z</time>
        <extensions>
          <speed>14.08</speed>
          <course>127.7</course>
        </extensions>
      </trkpt>
      <trkpt lat="48.5378997" lon="36.0547583">
        <ele>137.6</ele>
        <time>2026-04-18T13:50:54Z</time>
        <extensions>
          <speed>14.16</speed>
          <course>127.8</course>
        </extensions>
      </trkpt>
      <trkpt lat="48.5378920" lon="36.0547730">
        <ele>137.6</ele>
        <time>2026-04-18T13:50:54Z</time>
        <extensions>
          <speed>14.02</speed>
          <course>127.9</course>
        </extensions>
      </trkpt>
      <trkpt lat="48.5378842" lon="36.0547883">
        <ele>137.6</ele>
        <time>2026-04-18T13:50:54Z</time>
        <extensions>
          <speed>14.15</speed>
          <course>127.6</course>
        </extensions>
      </trkpt>
      <trkpt lat="48.5378765" lon="36.0548035">
        <ele>137.6</ele>
        <time>2026-04-18T13:50:54Z</time>
        <extensions>
          <speed>14.14</speed>
          <course>127.7</course>
        </extensions>
      </trkpt>
      <trkpt lat="48.5378687" lon="36.0548187">
        <ele>137.6</ele>
        <time>2026-04-18T13:50:54Z</time>
        <extensions>
          <speed>14.22</speed>
          <course>127.5</course>
        </extensions>
      </trkpt>
      <trkpt lat="48.5378610" lon="36.0548340">
        <ele>137.6</ele>
        <time>2026-04-18T13:50:54Z</time>
        <extensions>
          <speed>14.23</speed>
          <course>127.5</course>
        </extensions>
      </trkpt>
      <trkpt lat="48.5378532" lon="36.0548488">
        <ele>137.6</ele>
        <time>2026-04-18T13:50:54Z</time>
        <extensions>
          <speed>14.10</speed>
          <course>128.0</course>
        </extensions>
      </trkpt>
      <trkpt lat="48.5378453" lon="36.0548640">
        <ele>137.6</ele>
        <time>2026-04-18T13:50:55Z</time>
        <extensions>
          <speed>14.26</speed>
          <course>128.1</course>
        </extensions>
      </trkpt>
      <trkpt lat="48.5378375" lon="36.0548790">
        <ele>137.7</ele>
        <time>2026-04-18T13:50:55Z</time>
        <extensions>
          <speed>14.15</speed>
          <course>128.0</course>
        </extensions>
      </trkpt>
      <trkpt lat="48.5378297" lon="36.0548940">
        <ele>137.7</ele>
        <time>2026-04-18T13:50:55Z</time>
        <extensions>
          <speed>14.17</speed>
          <course>128.4</course>
        </extensions>
      </trkpt>
      <trkpt lat="48.5378220" lon="36.0549088">
        <ele>137.7</ele>
        <time>2026-04-18T13:50:55Z</time>
        <extensions>
          <speed>14.02</speed>
          <course>128.4</course>
        </extensions>
      </trkpt>
      <trkpt lat="48.5378140" lon="36.0549238">
        <ele>137.7</ele>
        <time>2026-04-18T13:50:55Z</time>
        <extensions>
          <speed>14.16</speed>
          <course>128.6</course>
        </extensions>
      </trkpt>
      <trkpt lat="48.5378062" lon="36.0549390">
        <ele>137.7</ele>
        <time>2026-04-18T13:50:55Z</time>
        <extensions>
          <speed>14.18</speed>
          <course>128.4</course>
        </extensions>
      </trkpt>
      <trkpt lat="48.5377983" lon="36.0549538">
        <ele>137.7</ele>
        <time>2026-04-18T13:50:55Z</time>
        <extensions>
          <speed>14.08</speed>
          <course>128.7</course>
        </extensions>
      </trkpt>
      <trkpt lat="48.5377905" lon="36.0549690">
        <ele>137.7</ele>
        <time>2026-04-18T13:50:55Z</time>
        <extensions>
          <speed>14.14</speed>
          <course>128.3</course>
        </extensions>
      </trkpt>
      <trkpt lat="48.5377827" lon="36.0549838">
        <ele>137.7</ele>
        <time>2026-04-18T13:50:55Z</time>
        <extensions>
          <speed>14.20</speed>
          <course>128.2</course>
        </extensions>
      </trkpt>
      <trkpt lat="48.5377750" lon="36.0549987">
        <ele>137.7</ele>
        <time>2026-04-18T13:50:55Z</time>
        <extensions>
          <speed>14.03</speed>
          <course>128.5</course>
        </extensions>
      </trkpt>
      <trkpt lat="48.5377672" lon="36.0550140">
        <ele>137.8</ele>
        <time>2026-04-18T13:50:56Z</time>
        <extensions>
          <speed>14.09</speed>
          <course>127.5</course>
        </extensions>
      </trkpt>
      <trkpt lat="48.5377593" lon="36.0550292">
        <ele>137.8</ele>
        <time>2026-04-18T13:50:56Z</time>
        <extensions>
          <speed>14.16</speed>
          <course>128.3</course>
        </extensions>
      </trkpt>
      <trkpt lat="48.5377517" lon="36.0550442">
        <ele>137.8</ele>
        <time>2026-04-18T13:50:56Z</time>
        <extensions>
          <speed>13.97</speed>
          <course>127.7</course>
        </extensions>
      </trkpt>
      <trkpt lat="48.5377440" lon="36.0550595">
        <ele>137.8</ele>
        <time>2026-04-18T13:50:56Z</time>
        <extensions>
          <speed>14.06</speed>
          <course>127.5</course>
        </extensions>
      </trkpt>
      <trkpt lat="48.5377365" lon="36.0550743">
        <ele>137.8</ele>
        <time>2026-04-18T13:50:56Z</time>
        <extensions>
          <speed>13.89</speed>
          <course>127.7</course>
        </extensions>
      </trkpt>
      <trkpt lat="48.5377290" lon="36.0550897">
        <ele>137.9</ele>
        <time>2026-04-18T13:50:56Z</time>
        <extensions>
          <speed>13.94</speed>
          <course>127.0</course>
        </extensions>
      </trkpt>
      <trkpt lat="48.5377215" lon="36.0551047">
        <ele>137.9</ele>
        <time>2026-04-18T13:50:56Z</time>
        <extensions>
          <speed>13.90</speed>
          <course>127.0</course>
        </extensions>
      </trkpt>
      <trkpt lat="48.5377142" lon="36.0551198">
        <ele>137.9</ele>
        <time>2026-04-18T13:50:56Z</time>
        <extensions>
          <speed>13.79</speed>
          <course>126.8</course>
        </extensions>
      </trkpt>
      <trkpt lat="48.5377068" lon="36.0551350">
        <ele>138.0</ele>
        <time>2026-04-18T13:50:56Z</time>
        <extensions>
          <speed>13.78</speed>
          <course>126.4</course>
        </extensions>
      </trkpt>
      <trkpt lat="48.5376995" lon="36.0551500">
        <ele>138.0</ele>
        <time>2026-04-18T13:50:56Z</time>
        <extensions>
          <speed>13.87</speed>
          <course>126.4</course>
        </extensions>
      </trkpt>
      <trkpt lat="48.5376922" lon="36.0551650">
        <ele>138.0</ele>
        <time>2026-04-18T13:50:57Z</time>
        <extensions>
          <speed>13.83</speed>
          <course>126.3</course>
        </extensions>
      </trkpt>
      <trkpt lat="48.5376848" lon="36.0551805">
        <ele>138.0</ele>
        <time>2026-04-18T13:50:57Z</time>
        <extensions>
          <speed>13.94</speed>
          <course>125.9</course>
        </extensions>
      </trkpt>
      <trkpt lat="48.5376777" lon="36.0551957">
        <ele>138.0</ele>
        <time>2026-04-18T13:50:57Z</time>
        <extensions>
          <speed>13.86</speed>
          <course>125.7</course>
        </extensions>
      </trkpt>
      <trkpt lat="48.5376703" lon="36.0552112">
        <ele>138.0</ele>
        <time>2026-04-18T13:50:57Z</time>
        <extensions>
          <speed>14.08</speed>
          <course>125.6</course>
        </extensions>
      </trkpt>
      <trkpt lat="48.5376628" lon="36.0552268">
        <ele>138.0</ele>
        <time>2026-04-18T13:50:57Z</time>
        <extensions>
          <speed>14.16</speed>
          <course>125.6</course>
        </extensions>
      </trkpt>
      <trkpt lat="48.5376557" lon="36.0552423">
        <ele>138.0</ele>
        <time>2026-04-18T13:50:57Z</time>
        <extensions>
          <speed>14.05</speed>
          <course>125.5</course>
        </extensions>
      </trkpt>
      <trkpt lat="48.5376483" lon="36.0552582">
        <ele>138.0</ele>
        <time>2026-04-18T13:50:57Z</time>
        <extensions>
          <speed>14.14</speed>
          <course>125.0</course>
        </extensions>
      </trkpt>
      <trkpt lat="48.5376410" lon="36.0552740">
        <ele>138.1</ele>
        <time>2026-04-18T13:50:57Z</time>
        <extensions>
          <speed>14.31</speed>
          <course>125.2</course>
        </extensions>
      </trkpt>
      <trkpt lat="48.5376335" lon="36.0552902">
        <ele>138.1</ele>
        <time>2026-04-18T13:50:57Z</time>
        <extensions>
          <speed>14.35</speed>
          <course>125.0</course>
        </extensions>
      </trkpt>
      <trkpt lat="48.5376263" lon="36.0553060">
        <ele>138.1</ele>
        <time>2026-04-18T13:50:57Z</time>
        <extensions>
          <speed>14.34</speed>
          <course>124.7</course>
        </extensions>
      </trkpt>
      <trkpt lat="48.5376190" lon="36.0553223">
        <ele>138.1</ele>
        <time>2026-04-18T13:50:58Z</time>
        <extensions>
          <speed>14.53</speed>
          <course>124.6</course>
        </extensions>
      </trkpt>
      <trkpt lat="48.5376040" lon="36.0553548">
        <ele>138.1</ele>
        <time>2026-04-18T13:50:58Z</time>
        <extensions>
          <speed>14.63</speed>
          <course>125.2</course>
        </extensions>
      </trkpt>
      <trkpt lat="48.5375963" lon="36.0553710">
        <ele>138.1</ele>
        <time>2026-04-18T13:50:58Z</time>
        <extensions>
          <speed>14.77</speed>
          <course>125.1</course>
        </extensions>
      </trkpt>
      <trkpt lat="48.5375888" lon="36.0553872">
        <ele>138.1</ele>
        <time>2026-04-18T13:50:58Z</time>
        <extensions>
          <speed>14.72</speed>
          <course>125.2</course>
        </extensions>
      </trkpt>
      <trkpt lat="48.5375812" lon="36.0554035">
        <ele>138.1</ele>
        <time>2026-04-18T13:50:58Z</time>
        <extensions>
          <speed>14.72</speed>
          <course>125.3</course>
        </extensions>
      </trkpt>
      <trkpt lat="48.5375733" lon="36.0554202">
        <ele>138.2</ele>
        <time>2026-04-18T13:50:58Z</time>
        <extensions>
          <speed>14.88</speed>
          <course>125.5</course>
        </extensions>
      </trkpt>
      <trkpt lat="48.5375657" lon="36.0554367">
        <ele>138.2</ele>
        <time>2026-04-18T13:50:58Z</time>
        <extensions>
          <speed>14.87</speed>
          <course>125.4</course>
        </extensions>
      </trkpt>
      <trkpt lat="48.5375580" lon="36.0554530">
        <ele>138.2</ele>
        <time>2026-04-18T13:50:58Z</time>
        <extensions>
          <speed>14.86</speed>
          <course>125.5</course>
        </extensions>
      </trkpt>
      <trkpt lat="48.5375500" lon="36.0554698">
        <ele>138.2</ele>
        <time>2026-04-18T13:50:58Z</time>
        <extensions>
          <speed>15.01</speed>
          <course>125.7</course>
        </extensions>
      </trkpt>
      <trkpt lat="48.5375423" lon="36.0554862">
        <ele>138.3</ele>
        <time>2026-04-18T13:50:59Z</time>
        <extensions>
          <speed>14.97</speed>
          <course>125.5</course>
        </extensions>
      </trkpt>
      <trkpt lat="48.5375343" lon="36.0555030">
        <ele>138.3</ele>
        <time>2026-04-18T13:50:59Z</time>
        <extensions>
          <speed>15.07</speed>
          <course>125.9</course>
        </extensions>
      </trkpt>
      <trkpt lat="48.5375263" lon="36.0555195">
        <ele>138.3</ele>
        <time>2026-04-18T13:50:59Z</time>
        <extensions>
          <speed>15.08</speed>
          <course>125.8</course>
        </extensions>
      </trkpt>
      <trkpt lat="48.5375183" lon="36.0555360">
        <ele>138.3</ele>
        <time>2026-04-18T13:50:59Z</time>
        <extensions>
          <speed>15.22</speed>
          <course>126.0</course>
        </extensions>
      </trkpt>
      <trkpt lat="48.5375105" lon="36.0555528">
        <ele>138.3</ele>
        <time>2026-04-18T13:50:59Z</time>
        <extensions>
          <speed>15.14</speed>
          <course>125.7</course>
        </extensions>
      </trkpt>
      <trkpt lat="48.5375023" lon="36.0555695">
        <ele>138.3</ele>
        <time>2026-04-18T13:50:59Z</time>
        <extensions>
          <speed>15.28</speed>
          <course>126.3</course>
        </extensions>
      </trkpt>
      <trkpt lat="48.5374942" lon="36.0555865">
        <ele>138.3</ele>
        <time>2026-04-18T13:50:59Z</time>
        <extensions>
          <speed>15.45</speed>
          <course>126.0</course>
        </extensions>
      </trkpt>
      <trkpt lat="48.5374862" lon="36.0556033">
        <ele>138.3</ele>
        <time>2026-04-18T13:50:59Z</time>
        <extensions>
          <speed>15.33</speed>
          <course>125.7</course>
        </extensions>
      </trkpt>
      <trkpt lat="48.5374778" lon="36.0556203">
        <ele>138.4</ele>
        <time>2026-04-18T13:50:59Z</time>
        <extensions>
          <speed>15.45</speed>
          <course>126.1</course>
        </extensions>
      </trkpt>
      <trkpt lat="48.5374698" lon="36.0556372">
        <ele>138.4</ele>
        <time>2026-04-18T13:50:59Z</time>
        <extensions>
          <speed>15.44</speed>
          <course>126.1</course>
        </extensions>
      </trkpt>
      <trkpt lat="48.5374615" lon="36.0556543">
        <ele>138.4</ele>
        <time>2026-04-18T13:51:00Z</time>
        <extensions>
          <speed>15.57</speed>
          <course>126.1</course>
        </extensions>
      </trkpt>
      <trkpt lat="48.5374452" lon="36.0556880">
        <ele>138.4</ele>
        <time>2026-04-18T13:51:00Z</time>
        <extensions>
          <speed>15.37</speed>
          <course>126.3</course>
        </extensions>
      </trkpt>
      <trkpt lat="48.5374375" lon="36.0557042">
        <ele>138.4</ele>
        <time>2026-04-18T13:51:00Z</time>
        <extensions>
          <speed>15.01</speed>
          <course>125.7</course>
        </extensions>
      </trkpt>
      <trkpt lat="48.5374293" lon="36.0557208">
        <ele>138.4</ele>
        <time>2026-04-18T13:51:00Z</time>
        <extensions>
          <speed>15.16</speed>
          <course>126.3</course>
        </extensions>
      </trkpt>
      <trkpt lat="48.5374213" lon="36.0557375">
        <ele>138.5</ele>
        <time>2026-04-18T13:51:00Z</time>
        <extensions>
          <speed>15.12</speed>
          <course>126.2</course>
        </extensions>
      </trkpt>
      <trkpt lat="48.5374133" lon="36.0557540">
        <ele>138.5</ele>
        <time>2026-04-18T13:51:00Z</time>
        <extensions>
          <speed>14.95</speed>
          <course>126.0</course>
        </extensions>
      </trkpt>
      <trkpt lat="48.5374055" lon="36.0557700">
        <ele>138.5</ele>
        <time>2026-04-18T13:51:00Z</time>
        <extensions>
          <speed>14.79</speed>
          <course>126.3</course>
        </extensions>
      </trkpt>
      <trkpt lat="48.5373978" lon="36.0557858">
        <ele>138.5</ele>
        <time>2026-04-18T13:51:00Z</time>
        <extensions>
          <speed>14.55</speed>
          <course>126.2</course>
        </extensions>
      </trkpt>
      <trkpt lat="48.5373902" lon="36.0558015">
        <ele>138.5</ele>
        <time>2026-04-18T13:51:00Z</time>
        <extensions>
          <speed>14.42</speed>
          <course>126.2</course>
        </extensions>
      </trkpt>
      <trkpt lat="48.5373823" lon="36.0558178">
        <ele>138.6</ele>
        <time>2026-04-18T13:51:01Z</time>
        <extensions>
          <speed>14.68</speed>
          <course>126.2</course>
        </extensions>
      </trkpt>
      <trkpt lat="48.5373745" lon="36.0558338">
        <ele>138.6</ele>
        <time>2026-04-18T13:51:01Z</time>
        <extensions>
          <speed>14.67</speed>
          <course>126.5</course>
        </extensions>
      </trkpt>
      <trkpt lat="48.5373667" lon="36.0558500">
        <ele>138.6</ele>
        <time>2026-04-18T13:51:01Z</time>
        <extensions>
          <speed>14.65</speed>
          <course>126.4</course>
        </extensions>
      </trkpt>
      <trkpt lat="48.5373590" lon="36.0558658">
        <ele>138.6</ele>
        <time>2026-04-18T13:51:01Z</time>
        <extensions>
          <speed>14.61</speed>
          <course>126.3</course>
        </extensions>
      </trkpt>
      <trkpt lat="48.5373510" lon="36.0558820">
        <ele>138.6</ele>
        <time>2026-04-18T13:51:01Z</time>
        <extensions>
          <speed>14.78</speed>
          <course>126.5</course>
        </extensions>
      </trkpt>
      <trkpt lat="48.5373430" lon="36.0558983">
        <ele>138.7</ele>
        <time>2026-04-18T13:51:01Z</time>
        <extensions>
          <speed>14.82</speed>
          <course>126.3</course>
        </extensions>
      </trkpt>
      <trkpt lat="48.5373352" lon="36.0559145">
        <ele>138.7</ele>
        <time>2026-04-18T13:51:01Z</time>
        <extensions>
          <speed>14.83</speed>
          <course>126.1</course>
        </extensions>
      </trkpt>
      <trkpt lat="48.5373272" lon="36.0559310">
        <ele>138.7</ele>
        <time>2026-04-18T13:51:01Z</time>
        <extensions>
          <speed>14.95</speed>
          <course>126.6</course>
        </extensions>
      </trkpt>
      <trkpt lat="48.5373192" lon="36.0559473">
        <ele>138.8</ele>
        <time>2026-04-18T13:51:01Z</time>
        <extensions>
          <speed>15.06</speed>
          <course>126.5</course>
        </extensions>
      </trkpt>
      <trkpt lat="48.5373108" lon="36.0559640">
        <ele>138.8</ele>
        <time>2026-04-18T13:51:01Z</time>
        <extensions>
          <speed>15.11</speed>
          <course>126.9</course>
        </extensions>
      </trkpt>
      <trkpt lat="48.5373027" lon="36.0559807">
        <ele>138.8</ele>
        <time>2026-04-18T13:51:02Z</time>
        <extensions>
          <speed>15.30</speed>
          <course>126.5</course>
        </extensions>
      </trkpt>
      <trkpt lat="48.5372943" lon="36.0559977">
        <ele>138.9</ele>
        <time>2026-04-18T13:51:02Z</time>
        <extensions>
          <speed>15.43</speed>
          <course>126.6</course>
        </extensions>
      </trkpt>
      <trkpt lat="48.5372860" lon="36.0560143">
        <ele>138.9</ele>
        <time>2026-04-18T13:51:02Z</time>
        <extensions>
          <speed>15.48</speed>
          <course>127.1</course>
        </extensions>
      </trkpt>
      <trkpt lat="48.5372775" lon="36.0560315">
        <ele>138.9</ele>
        <time>2026-04-18T13:51:02Z</time>
        <extensions>
          <speed>15.72</speed>
          <course>127.0</course>
        </extensions>
      </trkpt>
      <trkpt lat="48.5372690" lon="36.0560488">
        <ele>138.9</ele>
        <time>2026-04-18T13:51:02Z</time>
        <extensions>
          <speed>15.76</speed>
          <course>126.8</course>
        </extensions>
      </trkpt>
      <trkpt lat="48.5372603" lon="36.0560662">
        <ele>139.0</ele>
        <time>2026-04-18T13:51:02Z</time>
        <extensions>
          <speed>15.97</speed>
          <course>127.1</course>
        </extensions>
      </trkpt>
      <trkpt lat="48.5372515" lon="36.0560837">
        <ele>139.0</ele>
        <time>2026-04-18T13:51:02Z</time>
        <extensions>
          <speed>16.18</speed>
          <course>127.0</course>
        </extensions>
      </trkpt>
      <trkpt lat="48.5372427" lon="36.0561013">
        <ele>139.0</ele>
        <time>2026-04-18T13:51:02Z</time>
        <extensions>
          <speed>16.17</speed>
          <course>126.8</course>
        </extensions>
      </trkpt>
      <trkpt lat="48.5372338" lon="36.0561192">
        <ele>139.1</ele>
        <time>2026-04-18T13:51:02Z</time>
        <extensions>
          <speed>16.33</speed>
          <course>127.2</course>
        </extensions>
      </trkpt>
      <trkpt lat="48.5372250" lon="36.0561370">
        <ele>139.1</ele>
        <time>2026-04-18T13:51:02Z</time>
        <extensions>
          <speed>16.45</speed>
          <course>127.1</course>
        </extensions>
      </trkpt>
      <trkpt lat="48.5372158" lon="36.0561552">
        <ele>139.1</ele>
        <time>2026-04-18T13:51:03Z</time>
        <extensions>
          <speed>16.68</speed>
          <course>127.2</course>
        </extensions>
      </trkpt>
      <trkpt lat="48.5372068" lon="36.0561732">
        <ele>139.1</ele>
        <time>2026-04-18T13:51:03Z</time>
        <extensions>
          <speed>16.73</speed>
          <course>127.1</course>
        </extensions>
      </trkpt>
      <trkpt lat="48.5371975" lon="36.0561917">
        <ele>139.2</ele>
        <time>2026-04-18T13:51:03Z</time>
        <extensions>
          <speed>16.87</speed>
          <course>127.3</course>
        </extensions>
      </trkpt>
      <trkpt lat="48.5371882" lon="36.0562100">
        <ele>139.2</ele>
        <time>2026-04-18T13:51:03Z</time>
        <extensions>
          <speed>17.05</speed>
          <course>127.3</course>
        </extensions>
      </trkpt>
      <trkpt lat="48.5371787" lon="36.0562288">
        <ele>139.2</ele>
        <time>2026-04-18T13:51:03Z</time>
        <extensions>
          <speed>17.33</speed>
          <course>127.3</course>
        </extensions>
      </trkpt>
      <trkpt lat="48.5371693" lon="36.0562475">
        <ele>139.2</ele>
        <time>2026-04-18T13:51:03Z</time>
        <extensions>
          <speed>17.37</speed>
          <course>127.5</course>
        </extensions>
      </trkpt>
      <trkpt lat="48.5371598" lon="36.0562662">
        <ele>139.2</ele>
        <time>2026-04-18T13:51:03Z</time>
        <extensions>
          <speed>17.45</speed>
          <course>127.5</course>
        </extensions>
      </trkpt>
      <trkpt lat="48.5371500" lon="36.0562852">
        <ele>139.2</ele>
        <time>2026-04-18T13:51:03Z</time>
        <extensions>
          <speed>17.67</speed>
          <course>127.5</course>
        </extensions>
      </trkpt>
      <trkpt lat="48.5371405" lon="36.0563040">
        <ele>139.2</ele>
        <time>2026-04-18T13:51:03Z</time>
        <extensions>
          <speed>17.68</speed>
          <course>127.5</course>
        </extensions>
      </trkpt>
      <trkpt lat="48.5371307" lon="36.0563232">
        <ele>139.3</ele>
        <time>2026-04-18T13:51:03Z</time>
        <extensions>
          <speed>17.70</speed>
          <course>127.6</course>
        </extensions>
      </trkpt>
      <trkpt lat="48.5371210" lon="36.0563422">
        <ele>139.3</ele>
        <time>2026-04-18T13:51:04Z</time>
        <extensions>
          <speed>17.80</speed>
          <course>127.7</course>
        </extensions>
      </trkpt>
      <trkpt lat="48.5371110" lon="36.0563618">
        <ele>139.3</ele>
        <time>2026-04-18T13:51:04Z</time>
        <extensions>
          <speed>17.94</speed>
          <course>127.6</course>
        </extensions>
      </trkpt>
      <trkpt lat="48.5371013" lon="36.0563808">
        <ele>139.3</ele>
        <time>2026-04-18T13:51:04Z</time>
        <extensions>
          <speed>17.93</speed>
          <course>127.7</course>
        </extensions>
      </trkpt>
      <trkpt lat="48.5370913" lon="36.0564007">
        <ele>139.3</ele>
        <time>2026-04-18T13:51:04Z</time>
        <extensions>
          <speed>18.13</speed>
          <course>127.3</course>
        </extensions>
      </trkpt>
      <trkpt lat="48.5370815" lon="36.0564202">
        <ele>139.4</ele>
        <time>2026-04-18T13:51:04Z</time>
        <extensions>
          <speed>18.07</speed>
          <course>127.4</course>
        </extensions>
      </trkpt>
      <trkpt lat="48.5370720" lon="36.0564393">
        <ele>139.4</ele>
        <time>2026-04-18T13:51:04Z</time>
        <extensions>
          <speed>17.79</speed>
          <course>127.0</course>
        </extensions>
      </trkpt>
      <trkpt lat="48.5370625" lon="36.0564582">
        <ele>139.4</ele>
        <time>2026-04-18T13:51:04Z</time>
        <extensions>
          <speed>17.51</speed>
          <course>127.0</course>
        </extensions>
      </trkpt>
      <trkpt lat="48.5370530" lon="36.0564772">
        <ele>139.4</ele>
        <time>2026-04-18T13:51:04Z</time>
        <extensions>
          <speed>17.50</speed>
          <course>126.8</course>
        </extensions>
      </trkpt>
      <trkpt lat="48.5370438" lon="36.0564957">
        <ele>139.4</ele>
        <time>2026-04-18T13:51:04Z</time>
        <extensions>
          <speed>17.15</speed>
          <course>126.8</course>
        </extensions>
      </trkpt>
      <trkpt lat="48.5370348" lon="36.0565140">
        <ele>139.5</ele>
        <time>2026-04-18T13:51:04Z</time>
        <extensions>
          <speed>16.90</speed>
          <course>126.6</course>
        </extensions>
      </trkpt>
      <trkpt lat="48.5370260" lon="36.0565325">
        <ele>139.5</ele>
        <time>2026-04-18T13:51:05Z</time>
        <extensions>
          <speed>16.79</speed>
          <course>126.3</course>
        </extensions>
      </trkpt>
      <trkpt lat="48.5370083" lon="36.0565687">
        <ele>139.5</ele>
        <time>2026-04-18T13:51:05Z</time>
        <extensions>
          <speed>16.49</speed>
          <course>126.3</course>
        </extensions>
      </trkpt>
      <trkpt lat="48.5369997" lon="36.0565867">
        <ele>139.5</ele>
        <time>2026-04-18T13:51:05Z</time>
        <extensions>
          <speed>16.50</speed>
          <course>126.1</course>
        </extensions>
      </trkpt>
      <trkpt lat="48.5369912" lon="36.0566047">
        <ele>139.6</ele>
        <time>2026-04-18T13:51:05Z</time>
        <extensions>
          <speed>16.24</speed>
          <course>125.6</course>
        </extensions>
      </trkpt>
      <trkpt lat="48.5369827" lon="36.0566223">
        <ele>139.6</ele>
        <time>2026-04-18T13:51:05Z</time>
        <extensions>
          <speed>16.17</speed>
          <course>125.9</course>
        </extensions>
      </trkpt>
      <trkpt lat="48.5369743" lon="36.0566392">
        <ele>139.6</ele>
        <time>2026-04-18T13:51:05Z</time>
        <extensions>
          <speed>15.75</speed>
          <course>126.1</course>
        </extensions>
      </trkpt>
      <trkpt lat="48.5369662" lon="36.0566560">
        <ele>139.6</ele>
        <time>2026-04-18T13:51:05Z</time>
        <extensions>
          <speed>15.66</speed>
          <course>126.3</course>
        </extensions>
      </trkpt>
      <trkpt lat="48.5369582" lon="36.0566732">
        <ele>139.6</ele>
        <time>2026-04-18T13:51:05Z</time>
        <extensions>
          <speed>15.22</speed>
          <course>125.4</course>
        </extensions>
      </trkpt>
      <trkpt lat="48.5369500" lon="36.0566902">
        <ele>139.7</ele>
        <time>2026-04-18T13:51:05Z</time>
        <extensions>
          <speed>15.33</speed>
          <course>126.0</course>
        </extensions>
      </trkpt>
      <trkpt lat="48.5369420" lon="36.0567065">
        <ele>139.7</ele>
        <time>2026-04-18T13:51:06Z</time>
        <extensions>
          <speed>15.11</speed>
          <course>126.1</course>
        </extensions>
      </trkpt>
      <trkpt lat="48.5369265" lon="36.0567395">
        <ele>139.7</ele>
        <time>2026-04-18T13:51:06Z</time>
        <extensions>
          <speed>14.93</speed>
          <course>125.3</course>
        </extensions>
      </trkpt>
      <trkpt lat="48.5369188" lon="36.0567553">
        <ele>139.7</ele>
        <time>2026-04-18T13:51:06Z</time>
        <extensions>
          <speed>14.70</speed>
          <course>126.0</course>
        </extensions>
      </trkpt>
      <trkpt lat="48.5369112" lon="36.0567712">
        <ele>139.7</ele>
        <time>2026-04-18T13:51:06Z</time>
        <extensions>
          <speed>14.67</speed>
          <course>126.0</course>
        </extensions>
      </trkpt>
      <trkpt lat="48.5369037" lon="36.0567870">
        <ele>139.7</ele>
        <time>2026-04-18T13:51:06Z</time>
        <extensions>
          <speed>14.35</speed>
          <course>125.2</course>
        </extensions>
      </trkpt>
      <trkpt lat="48.5368962" lon="36.0568025">
        <ele>139.7</ele>
        <time>2026-04-18T13:51:06Z</time>
        <extensions>
          <speed>14.38</speed>
          <course>126.4</course>
        </extensions>
      </trkpt>
      <trkpt lat="48.5368885" lon="36.0568178">
        <ele>139.7</ele>
        <time>2026-04-18T13:51:06Z</time>
        <extensions>
          <speed>14.17</speed>
          <course>126.6</course>
        </extensions>
      </trkpt>
      <trkpt lat="48.5368813" lon="36.0568332">
        <ele>139.7</ele>
        <time>2026-04-18T13:51:06Z</time>
        <extensions>
          <speed>13.99</speed>
          <course>125.8</course>
        </extensions>
      </trkpt>
      <trkpt lat="48.5368738" lon="36.0568482">
        <ele>139.7</ele>
        <time>2026-04-18T13:51:06Z</time>
        <extensions>
          <speed>13.88</speed>
          <course>126.5</course>
        </extensions>
      </trkpt>
      <trkpt lat="48.5368667" lon="36.0568635">
        <ele>139.8</ele>
        <time>2026-04-18T13:51:07Z</time>
        <extensions>
          <speed>13.74</speed>
          <course>126.1</course>
        </extensions>
      </trkpt>
      <trkpt lat="48.5368522" lon="36.0568927">
        <ele>139.8</ele>
        <time>2026-04-18T13:51:07Z</time>
        <extensions>
          <speed>13.45</speed>
          <course>126.5</course>
        </extensions>
      </trkpt>
      <trkpt lat="48.5368452" lon="36.0569073">
        <ele>139.8</ele>
        <time>2026-04-18T13:51:07Z</time>
        <extensions>
          <speed>13.27</speed>
          <course>126.2</course>
        </extensions>
      </trkpt>
      <trkpt lat="48.5368382" lon="36.0569210">
        <ele>139.8</ele>
        <time>2026-04-18T13:51:07Z</time>
        <extensions>
          <speed>13.03</speed>
          <course>127.1</course>
        </extensions>
      </trkpt>
      <trkpt lat="48.5368313" lon="36.0569355">
        <ele>139.8</ele>
        <time>2026-04-18T13:51:07Z</time>
        <extensions>
          <speed>12.94</speed>
          <course>126.3</course>
        </extensions>
      </trkpt>
      <trkpt lat="48.5368243" lon="36.0569493">
        <ele>139.9</ele>
        <time>2026-04-18T13:51:07Z</time>
        <extensions>
          <speed>12.83</speed>
          <course>126.9</course>
        </extensions>
      </trkpt>
      <trkpt lat="48.5368177" lon="36.0569630">
        <ele>139.9</ele>
        <time>2026-04-18T13:51:07Z</time>
        <extensions>
          <speed>12.69</speed>
          <course>127.0</course>
        </extensions>
      </trkpt>
      <trkpt lat="48.5368108" lon="36.0569765">
        <ele>139.9</ele>
        <time>2026-04-18T13:51:07Z</time>
        <extensions>
          <speed>12.57</speed>
          <course>127.4</course>
        </extensions>
      </trkpt>
      <trkpt lat="48.5368042" lon="36.0569898">
        <ele>139.9</ele>
        <time>2026-04-18T13:51:07Z</time>
        <extensions>
          <speed>12.45</speed>
          <course>126.9</course>
        </extensions>
      </trkpt>
      <trkpt lat="48.5367975" lon="36.0570033">
        <ele>139.9</ele>
        <time>2026-04-18T13:51:08Z</time>
        <extensions>
          <speed>12.33</speed>
          <course>126.6</course>
        </extensions>
      </trkpt>
      <trkpt lat="48.5367908" lon="36.0570167">
        <ele>139.9</ele>
        <time>2026-04-18T13:51:08Z</time>
        <extensions>
          <speed>12.33</speed>
          <course>126.7</course>
        </extensions>
      </trkpt>
      <trkpt lat="48.5367843" lon="36.0570295">
        <ele>139.9</ele>
        <time>2026-04-18T13:51:08Z</time>
        <extensions>
          <speed>12.07</speed>
          <course>127.3</course>
        </extensions>
      </trkpt>
      <trkpt lat="48.5367778" lon="36.0570425">
        <ele>139.9</ele>
        <time>2026-04-18T13:51:08Z</time>
        <extensions>
          <speed>12.05</speed>
          <course>127.6</course>
        </extensions>
      </trkpt>
      <trkpt lat="48.5367713" lon="36.0570552">
        <ele>139.9</ele>
        <time>2026-04-18T13:51:08Z</time>
        <extensions>
          <speed>11.93</speed>
          <course>127.5</course>
        </extensions>
      </trkpt>
      <trkpt lat="48.5367650" lon="36.0570677">
        <ele>139.9</ele>
        <time>2026-04-18T13:51:08Z</time>
        <extensions>
          <speed>11.69</speed>
          <course>127.5</course>
        </extensions>
      </trkpt>
      <trkpt lat="48.5367587" lon="36.0570805">
        <ele>140.0</ele>
        <time>2026-04-18T13:51:08Z</time>
        <extensions>
          <speed>11.70</speed>
          <course>127.0</course>
        </extensions>
      </trkpt>
      <trkpt lat="48.5367523" lon="36.0570927">
        <ele>140.0</ele>
        <time>2026-04-18T13:51:08Z</time>
        <extensions>
          <speed>11.44</speed>
          <course>127.8</course>
        </extensions>
      </trkpt>
      <trkpt lat="48.5367462" lon="36.0571045">
        <ele>140.0</ele>
        <time>2026-04-18T13:51:08Z</time>
        <extensions>
          <speed>11.33</speed>
          <course>127.8</course>
        </extensions>
      </trkpt>
      <trkpt lat="48.5367395" lon="36.0571172">
        <ele>140.0</ele>
        <time>2026-04-18T13:51:08Z</time>
        <extensions>
          <speed>11.64</speed>
          <course>128.4</course>
        </extensions>
      </trkpt>
      <trkpt lat="48.5367338" lon="36.0571287">
        <ele>140.0</ele>
        <time>2026-04-18T13:51:09Z</time>
        <extensions>
          <speed>11.03</speed>
          <course>126.7</course>
        </extensions>
      </trkpt>
      <trkpt lat="48.5367275" lon="36.0571410">
        <ele>140.0</ele>
        <time>2026-04-18T13:51:09Z</time>
        <extensions>
          <speed>11.33</speed>
          <course>128.3</course>
        </extensions>
      </trkpt>
      <trkpt lat="48.5367212" lon="36.0571535">
        <ele>140.0</ele>
        <time>2026-04-18T13:51:09Z</time>
        <extensions>
          <speed>11.67</speed>
          <course>127.5</course>
        </extensions>
      </trkpt>
      <trkpt lat="48.5367152" lon="36.0571662">
        <ele>140.0</ele>
        <time>2026-04-18T13:51:09Z</time>
        <extensions>
          <speed>11.56</speed>
          <course>125.8</course>
        </extensions>
      </trkpt>
      <trkpt lat="48.5367087" lon="36.0571785">
        <ele>140.0</ele>
        <time>2026-04-18T13:51:09Z</time>
        <extensions>
          <speed>11.64</speed>
          <course>127.6</course>
        </extensions>
      </trkpt>
      <trkpt lat="48.5367022" lon="36.0571917">
        <ele>140.0</ele>
        <time>2026-04-18T13:51:09Z</time>
        <extensions>
          <speed>11.96</speed>
          <course>127.3</course>
        </extensions>
      </trkpt>
      <trkpt lat="48.5366960" lon="36.0572045">
        <ele>140.0</ele>
        <time>2026-04-18T13:51:09Z</time>
        <extensions>
          <speed>11.71</speed>
          <course>126.1</course>
        </extensions>
      </trkpt>
      <trkpt lat="48.5366898" lon="36.0572177">
        <ele>140.0</ele>
        <time>2026-04-18T13:51:09Z</time>
        <extensions>
          <speed>11.77</speed>
          <course>125.8</course>
        </extensions>
      </trkpt>
      <trkpt lat="48.5366835" lon="36.0572302">
        <ele>140.0</ele>
        <time>2026-04-18T13:51:09Z</time>
        <extensions>
          <speed>11.85</speed>
          <course>126.8</course>
        </extensions>
      </trkpt>
      <trkpt lat="48.5366770" lon="36.0572438">
        <ele>140.1</ele>
        <time>2026-04-18T13:51:09Z</time>
        <extensions>
          <speed>12.10</speed>
          <course>126.2</course>
        </extensions>
      </trkpt>
      <trkpt lat="48.5366707" lon="36.0572570">
        <ele>140.1</ele>
        <time>2026-04-18T13:51:10Z</time>
        <extensions>
          <speed>12.03</speed>
          <course>125.9</course>
        </extensions>
      </trkpt>
      <trkpt lat="48.5366643" lon="36.0572703">
        <ele>140.1</ele>
        <time>2026-04-18T13:51:10Z</time>
        <extensions>
          <speed>12.00</speed>
          <course>125.7</course>
        </extensions>
      </trkpt>
      <trkpt lat="48.5366578" lon="36.0572838">
        <ele>140.1</ele>
        <time>2026-04-18T13:51:10Z</time>
        <extensions>
          <speed>12.28</speed>
          <course>125.8</course>
        </extensions>
      </trkpt>
      <trkpt lat="48.5366513" lon="36.0572968">
        <ele>140.0</ele>
        <time>2026-04-18T13:51:10Z</time>
        <extensions>
          <speed>12.37</speed>
          <course>126.4</course>
        </extensions>
      </trkpt>
      <trkpt lat="48.5366448" lon="36.0573108">
        <ele>140.1</ele>
        <time>2026-04-18T13:51:10Z</time>
        <extensions>
          <speed>12.23</speed>
          <course>125.1</course>
        </extensions>
      </trkpt>
      <trkpt lat="48.5366385" lon="36.0573247">
        <ele>140.1</ele>
        <time>2026-04-18T13:51:10Z</time>
        <extensions>
          <speed>12.53</speed>
          <course>125.1</course>
        </extensions>
      </trkpt>
      <trkpt lat="48.5366320" lon="36.0573380">
        <ele>140.1</ele>
        <time>2026-04-18T13:51:10Z</time>
        <extensions>
          <speed>12.39</speed>
          <course>125.8</course>
        </extensions>
      </trkpt>
      <trkpt lat="48.5366255" lon="36.0573520">
        <ele>140.1</ele>
        <time>2026-04-18T13:51:10Z</time>
        <extensions>
          <speed>12.38</speed>
          <course>125.2</course>
        </extensions>
      </trkpt>
      <trkpt lat="48.5366190" lon="36.0573660">
        <ele>140.1</ele>
        <time>2026-04-18T13:51:10Z</time>
        <extensions>
          <speed>12.58</speed>
          <course>124.9</course>
        </extensions>
      </trkpt>
      <trkpt lat="48.5366125" lon="36.0573797">
        <ele>140.2</ele>
        <time>2026-04-18T13:51:10Z</time>
        <extensions>
          <speed>12.46</speed>
          <course>125.6</course>
        </extensions>
      </trkpt>
      <trkpt lat="48.5366060" lon="36.0573942">
        <ele>140.2</ele>
        <time>2026-04-18T13:51:11Z</time>
        <extensions>
          <speed>12.61</speed>
          <course>124.5</course>
        </extensions>
      </trkpt>
      <trkpt lat="48.5365995" lon="36.0574077">
        <ele>140.2</ele>
        <time>2026-04-18T13:51:11Z</time>
        <extensions>
          <speed>12.63</speed>
          <course>125.1</course>
        </extensions>
      </trkpt>
      <trkpt lat="48.5365928" lon="36.0574222">
        <ele>140.2</ele>
        <time>2026-04-18T13:51:11Z</time>
        <extensions>
          <speed>12.72</speed>
          <course>124.8</course>
        </extensions>
      </trkpt>
      <trkpt lat="48.5365863" lon="36.0574365">
        <ele>140.2</ele>
        <time>2026-04-18T13:51:11Z</time>
        <extensions>
          <speed>12.72</speed>
          <course>124.5</course>
        </extensions>
      </trkpt>
      <trkpt lat="48.5365797" lon="36.0574497">
        <ele>140.2</ele>
        <time>2026-04-18T13:51:11Z</time>
        <extensions>
          <speed>12.58</speed>
          <course>126.1</course>
        </extensions>
      </trkpt>
      <trkpt lat="48.5365732" lon="36.0574640">
        <ele>140.2</ele>
        <time>2026-04-18T13:51:11Z</time>
        <extensions>
          <speed>12.73</speed>
          <course>125.0</course>
        </extensions>
      </trkpt>
      <trkpt lat="48.5365667" lon="36.0574782">
        <ele>140.2</ele>
        <time>2026-04-18T13:51:11Z</time>
        <extensions>
          <speed>12.87</speed>
          <course>124.8</course>
        </extensions>
      </trkpt>
      <trkpt lat="48.5365600" lon="36.0574923">
        <ele>140.2</ele>
        <time>2026-04-18T13:51:11Z</time>
        <extensions>
          <speed>12.77</speed>
          <course>125.0</course>
        </extensions>
      </trkpt>
      <trkpt lat="48.5365533" lon="36.0575067">
        <ele>140.3</ele>
        <time>2026-04-18T13:51:11Z</time>
        <extensions>
          <speed>12.93</speed>
          <course>124.8</course>
        </extensions>
      </trkpt>
      <trkpt lat="48.5365470" lon="36.0575208">
        <ele>140.3</ele>
        <time>2026-04-18T13:51:11Z</time>
        <extensions>
          <speed>12.74</speed>
          <course>124.5</course>
        </extensions>
      </trkpt>
      <trkpt lat="48.5365403" lon="36.0575350">
        <ele>140.3</ele>
        <time>2026-04-18T13:51:12Z</time>
        <extensions>
          <speed>12.77</speed>
          <course>125.1</course>
        </extensions>
      </trkpt>
      <trkpt lat="48.5365335" lon="36.0575490">
        <ele>140.3</ele>
        <time>2026-04-18T13:51:12Z</time>
        <extensions>
          <speed>12.78</speed>
          <course>125.7</course>
        </extensions>
      </trkpt>
      <trkpt lat="48.5365268" lon="36.0575633">
        <ele>140.4</ele>
        <time>2026-04-18T13:51:12Z</time>
        <extensions>
          <speed>12.68</speed>
          <course>125.7</course>
        </extensions>
      </trkpt>
      <trkpt lat="48.5365202" lon="36.0575773">
        <ele>140.4</ele>
        <time>2026-04-18T13:51:12Z</time>
        <extensions>
          <speed>13.03</speed>
          <course>125.5</course>
        </extensions>
      </trkpt>
      <trkpt lat="48.5365135" lon="36.0575910">
        <ele>140.4</ele>
        <time>2026-04-18T13:51:12Z</time>
        <extensions>
          <speed>12.78</speed>
          <course>125.9</course>
        </extensions>
      </trkpt>
      <trkpt lat="48.5365068" lon="36.0576047">
        <ele>140.4</ele>
        <time>2026-04-18T13:51:12Z</time>
        <extensions>
          <speed>12.74</speed>
          <course>126.0</course>
        </extensions>
      </trkpt>
      <trkpt lat="48.5365000" lon="36.0576185">
        <ele>140.4</ele>
        <time>2026-04-18T13:51:12Z</time>
        <extensions>
          <speed>12.88</speed>
          <course>126.2</course>
        </extensions>
      </trkpt>
      <trkpt lat="48.5364932" lon="36.0576323">
        <ele>140.4</ele>
        <time>2026-04-18T13:51:12Z</time>
        <extensions>
          <speed>12.90</speed>
          <course>126.0</course>
        </extensions>
      </trkpt>
      <trkpt lat="48.5364865" lon="36.0576460">
        <ele>140.4</ele>
        <time>2026-04-18T13:51:12Z</time>
        <extensions>
          <speed>12.78</speed>
          <course>126.2</course>
        </extensions>
      </trkpt>
      <trkpt lat="48.5364797" lon="36.0576598">
        <ele>140.4</ele>
        <time>2026-04-18T13:51:12Z</time>
        <extensions>
          <speed>12.90</speed>
          <course>125.8</course>
        </extensions>
      </trkpt>
      <trkpt lat="48.5364728" lon="36.0576742">
        <ele>140.4</ele>
        <time>2026-04-18T13:51:13Z</time>
        <extensions>
          <speed>13.05</speed>
          <course>125.5</course>
        </extensions>
      </trkpt>
      <trkpt lat="48.5364660" lon="36.0576878">
        <ele>140.4</ele>
        <time>2026-04-18T13:51:13Z</time>
        <extensions>
          <speed>12.91</speed>
          <course>126.9</course>
        </extensions>
      </trkpt>
      <trkpt lat="48.5364592" lon="36.0577015">
        <ele>140.4</ele>
        <time>2026-04-18T13:51:13Z</time>
        <extensions>
          <speed>12.73</speed>
          <course>126.6</course>
        </extensions>
      </trkpt>
      <trkpt lat="48.5364523" lon="36.0577152">
        <ele>140.4</ele>
        <time>2026-04-18T13:51:13Z</time>
        <extensions>
          <speed>12.84</speed>
          <course>126.8</course>
        </extensions>
      </trkpt>
      <trkpt lat="48.5364453" lon="36.0577292">
        <ele>140.4</ele>
        <time>2026-04-18T13:51:13Z</time>
        <extensions>
          <speed>12.95</speed>
          <course>127.0</course>
        </extensions>
      </trkpt>
      <trkpt lat="48.5364388" lon="36.0577433">
        <ele>140.5</ele>
        <time>2026-04-18T13:51:13Z</time>
        <extensions>
          <speed>12.66</speed>
          <course>125.2</course>
        </extensions>
      </trkpt>
      <trkpt lat="48.5364317" lon="36.0577570">
        <ele>140.5</ele>
        <time>2026-04-18T13:51:13Z</time>
        <extensions>
          <speed>12.97</speed>
          <course>127.2</course>
        </extensions>
      </trkpt>
      <trkpt lat="48.5364247" lon="36.0577710">
        <ele>140.4</ele>
        <time>2026-04-18T13:51:13Z</time>
        <extensions>
          <speed>13.03</speed>
          <course>126.6</course>
        </extensions>
      </trkpt>
      <trkpt lat="48.5364178" lon="36.0577850">
        <ele>140.5</ele>
        <time>2026-04-18T13:51:13Z</time>
        <extensions>
          <speed>12.87</speed>
          <course>126.3</course>
        </extensions>
      </trkpt>
      <trkpt lat="48.5364108" lon="36.0577988">
        <ele>140.5</ele>
        <time>2026-04-18T13:51:13Z</time>
        <extensions>
          <speed>12.89</speed>
          <course>126.8</course>
        </extensions>
      </trkpt>
      <trkpt lat="48.5364043" lon="36.0578123">
        <ele>140.5</ele>
        <time>2026-04-18T13:51:14Z</time>
        <extensions>
          <speed>12.58</speed>
          <course>126.4</course>
        </extensions>
      </trkpt>
      <trkpt lat="48.5363973" lon="36.0578267">
        <ele>140.5</ele>
        <time>2026-04-18T13:51:14Z</time>
        <extensions>
          <speed>12.89</speed>
          <course>126.0</course>
        </extensions>
      </trkpt>
      <trkpt lat="48.5363905" lon="36.0578402">
        <ele>140.4</ele>
        <time>2026-04-18T13:51:14Z</time>
        <extensions>
          <speed>12.85</speed>
          <course>126.5</course>
        </extensions>
      </trkpt>
      <trkpt lat="48.5363837" lon="36.0578538">
        <ele>140.5</ele>
        <time>2026-04-18T13:51:14Z</time>
        <extensions>
          <speed>12.64</speed>
          <course>127.1</course>
        </extensions>
      </trkpt>
      <trkpt lat="48.5363768" lon="36.0578675">
        <ele>140.5</ele>
        <time>2026-04-18T13:51:14Z</time>
        <extensions>
          <speed>12.68</speed>
          <course>126.9</course>
        </extensions>
      </trkpt>
      <trkpt lat="48.5363700" lon="36.0578810">
        <ele>140.4</ele>
        <time>2026-04-18T13:51:14Z</time>
        <extensions>
          <speed>12.62</speed>
          <course>127.0</course>
        </extensions>
      </trkpt>
      <trkpt lat="48.5363633" lon="36.0578943">
        <ele>140.5</ele>
        <time>2026-04-18T13:51:14Z</time>
        <extensions>
          <speed>12.39</speed>
          <course>127.1</course>
        </extensions>
      </trkpt>
      <trkpt lat="48.5363563" lon="36.0579083">
        <ele>140.5</ele>
        <time>2026-04-18T13:51:14Z</time>
        <extensions>
          <speed>12.67</speed>
          <course>126.9</course>
        </extensions>
      </trkpt>
      <trkpt lat="48.5363497" lon="36.0579222">
        <ele>140.5</ele>
        <time>2026-04-18T13:51:14Z</time>
        <extensions>
          <speed>12.69</speed>
          <course>126.6</course>
        </extensions>
      </trkpt>
      <trkpt lat="48.5363427" lon="36.0579352">
        <ele>140.5</ele>
        <time>2026-04-18T13:51:14Z</time>
        <extensions>
          <speed>12.53</speed>
          <course>127.8</course>
        </extensions>
      </trkpt>
      <trkpt lat="48.5363360" lon="36.0579488">
        <ele>140.5</ele>
        <time>2026-04-18T13:51:15Z</time>
        <extensions>
          <speed>12.54</speed>
          <course>127.0</course>
        </extensions>
      </trkpt>
      <trkpt lat="48.5363292" lon="36.0579620">
        <ele>140.6</ele>
        <time>2026-04-18T13:51:15Z</time>
        <extensions>
          <speed>12.33</speed>
          <course>127.5</course>
        </extensions>
      </trkpt>
      <trkpt lat="48.5363223" lon="36.0579757">
        <ele>140.6</ele>
        <time>2026-04-18T13:51:15Z</time>
        <extensions>
          <speed>12.51</speed>
          <course>127.3</course>
        </extensions>
      </trkpt>
      <trkpt lat="48.5363157" lon="36.0579887">
        <ele>140.5</ele>
        <time>2026-04-18T13:51:15Z</time>
        <extensions>
          <speed>12.48</speed>
          <course>127.0</course>
        </extensions>
      </trkpt>
      <trkpt lat="48.5363088" lon="36.0580020">
        <ele>140.6</ele>
        <time>2026-04-18T13:51:15Z</time>
        <extensions>
          <speed>12.31</speed>
          <course>127.6</course>
        </extensions>
      </trkpt>
      <trkpt lat="48.5363020" lon="36.0580155">
        <ele>140.6</ele>
        <time>2026-04-18T13:51:15Z</time>
        <extensions>
          <speed>12.48</speed>
          <course>126.8</course>
        </extensions>
      </trkpt>
      <trkpt lat="48.5362953" lon="36.0580285">
        <ele>140.6</ele>
        <time>2026-04-18T13:51:15Z</time>
        <extensions>
          <speed>12.19</speed>
          <course>127.5</course>
        </extensions>
      </trkpt>
      <trkpt lat="48.5362887" lon="36.0580417">
        <ele>140.6</ele>
        <time>2026-04-18T13:51:15Z</time>
        <extensions>
          <speed>12.30</speed>
          <course>126.9</course>
        </extensions>
      </trkpt>
      <trkpt lat="48.5362820" lon="36.0580547">
        <ele>140.6</ele>
        <time>2026-04-18T13:51:15Z</time>
        <extensions>
          <speed>12.14</speed>
          <course>127.2</course>
        </extensions>
      </trkpt>
      <trkpt lat="48.5362755" lon="36.0580678">
        <ele>140.6</ele>
        <time>2026-04-18T13:51:15Z</time>
        <extensions>
          <speed>12.19</speed>
          <course>127.0</course>
        </extensions>
      </trkpt>
      <trkpt lat="48.5362690" lon="36.0580810">
        <ele>140.6</ele>
        <time>2026-04-18T13:51:16Z</time>
        <extensions>
          <speed>12.08</speed>
          <course>126.7</course>
        </extensions>
      </trkpt>
      <trkpt lat="48.5362625" lon="36.0580940">
        <ele>140.6</ele>
        <time>2026-04-18T13:51:16Z</time>
        <extensions>
          <speed>12.11</speed>
          <course>126.7</course>
        </extensions>
      </trkpt>
      <trkpt lat="48.5362560" lon="36.0581072">
        <ele>140.6</ele>
        <time>2026-04-18T13:51:16Z</time>
        <extensions>
          <speed>12.13</speed>
          <course>126.7</course>
        </extensions>
      </trkpt>
      <trkpt lat="48.5362495" lon="36.0581202">
        <ele>140.6</ele>
        <time>2026-04-18T13:51:16Z</time>
        <extensions>
          <speed>12.05</speed>
          <course>126.6</course>
        </extensions>
      </trkpt>
      <trkpt lat="48.5362432" lon="36.0581332">
        <ele>140.7</ele>
        <time>2026-04-18T13:51:16Z</time>
        <extensions>
          <speed>11.95</speed>
          <course>126.3</course>
        </extensions>
      </trkpt>
      <trkpt lat="48.5362367" lon="36.0581465">
        <ele>140.7</ele>
        <time>2026-04-18T13:51:16Z</time>
        <extensions>
          <speed>12.12</speed>
          <course>126.4</course>
        </extensions>
      </trkpt>
      <trkpt lat="48.5362303" lon="36.0581597">
        <ele>140.7</ele>
        <time>2026-04-18T13:51:16Z</time>
        <extensions>
          <speed>11.99</speed>
          <course>126.0</course>
        </extensions>
      </trkpt>
      <trkpt lat="48.5362238" lon="36.0581728">
        <ele>140.7</ele>
        <time>2026-04-18T13:51:16Z</time>
        <extensions>
          <speed>11.95</speed>
          <course>125.8</course>
        </extensions>
      </trkpt>
      <trkpt lat="48.5362175" lon="36.0581865">
        <ele>140.8</ele>
        <time>2026-04-18T13:51:16Z</time>
        <extensions>
          <speed>12.12</speed>
          <course>125.7</course>
        </extensions>
      </trkpt>
      <trkpt lat="48.5362112" lon="36.0581998">
        <ele>140.8</ele>
        <time>2026-04-18T13:51:16Z</time>
        <extensions>
          <speed>11.99</speed>
          <course>125.5</course>
        </extensions>
      </trkpt>
      <trkpt lat="48.5362047" lon="36.0582133">
        <ele>140.8</ele>
        <time>2026-04-18T13:51:17Z</time>
        <extensions>
          <speed>12.19</speed>
          <course>126.0</course>
        </extensions>
      </trkpt>
      <trkpt lat="48.5361918" lon="36.0582403">
        <ele>140.9</ele>
        <time>2026-04-18T13:51:17Z</time>
        <extensions>
          <speed>12.22</speed>
          <course>125.3</course>
        </extensions>
      </trkpt>
      <trkpt lat="48.5361853" lon="36.0582538">
        <ele>140.9</ele>
        <time>2026-04-18T13:51:17Z</time>
        <extensions>
          <speed>12.30</speed>
          <course>125.9</course>
        </extensions>
      </trkpt>
      <trkpt lat="48.5361788" lon="36.0582675">
        <ele>140.9</ele>
        <time>2026-04-18T13:51:17Z</time>
        <extensions>
          <speed>12.39</speed>
          <course>125.6</course>
        </extensions>
      </trkpt>
      <trkpt lat="48.5361723" lon="36.0582810">
        <ele>140.9</ele>
        <time>2026-04-18T13:51:17Z</time>
        <extensions>
          <speed>12.32</speed>
          <course>125.5</course>
        </extensions>
      </trkpt>
      <trkpt lat="48.5361657" lon="36.0582947">
        <ele>140.9</ele>
        <time>2026-04-18T13:51:17Z</time>
        <extensions>
          <speed>12.50</speed>
          <course>126.0</course>
        </extensions>
      </trkpt>
      <trkpt lat="48.5361590" lon="36.0583087">
        <ele>140.9</ele>
        <time>2026-04-18T13:51:17Z</time>
        <extensions>
          <speed>12.55</speed>
          <course>125.4</course>
        </extensions>
      </trkpt>
      <trkpt lat="48.5361523" lon="36.0583223">
        <ele>140.9</ele>
        <time>2026-04-18T13:51:17Z</time>
        <extensions>
          <speed>12.60</speed>
          <course>125.8</course>
        </extensions>
      </trkpt>
      <trkpt lat="48.5361457" lon="36.0583363">
        <ele>140.9</ele>
        <time>2026-04-18T13:51:17Z</time>
        <extensions>
          <speed>12.71</speed>
          <course>125.8</course>
        </extensions>
      </trkpt>
      <trkpt lat="48.5361390" lon="36.0583500">
        <ele>140.9</ele>
        <time>2026-04-18T13:51:18Z</time>
        <extensions>
          <speed>12.67</speed>
          <course>125.8</course>
        </extensions>
      </trkpt>
      <trkpt lat="48.5361255" lon="36.0583778">
        <ele>140.9</ele>
        <time>2026-04-18T13:51:18Z</time>
        <extensions>
          <speed>12.78</speed>
          <course>125.9</course>
        </extensions>
      </trkpt>
      <trkpt lat="48.5361188" lon="36.0583918">
        <ele>140.9</ele>
        <time>2026-04-18T13:51:18Z</time>
        <extensions>
          <speed>12.78</speed>
          <course>125.8</course>
        </extensions>
      </trkpt>
      <trkpt lat="48.5361122" lon="36.0584060">
        <ele>140.9</ele>
        <time>2026-04-18T13:51:18Z</time>
        <extensions>
          <speed>12.83</speed>
          <course>125.4</course>
        </extensions>
      </trkpt>
      <trkpt lat="48.5361053" lon="36.0584202">
        <ele>141.0</ele>
        <time>2026-04-18T13:51:18Z</time>
        <extensions>
          <speed>12.91</speed>
          <course>125.4</course>
        </extensions>
      </trkpt>
      <trkpt lat="48.5360987" lon="36.0584345">
        <ele>141.0</ele>
        <time>2026-04-18T13:51:18Z</time>
        <extensions>
          <speed>12.92</speed>
          <course>125.3</course>
        </extensions>
      </trkpt>
      <trkpt lat="48.5360918" lon="36.0584488">
        <ele>141.0</ele>
        <time>2026-04-18T13:51:18Z</time>
        <extensions>
          <speed>13.01</speed>
          <course>125.2</course>
        </extensions>
      </trkpt>
      <trkpt lat="48.5360850" lon="36.0584632">
        <ele>141.0</ele>
        <time>2026-04-18T13:51:18Z</time>
        <extensions>
          <speed>13.12</speed>
          <course>125.1</course>
        </extensions>
      </trkpt>
      <trkpt lat="48.5360782" lon="36.0584778">
        <ele>141.0</ele>
        <time>2026-04-18T13:51:18Z</time>
        <extensions>
          <speed>13.18</speed>
          <course>125.0</course>
        </extensions>
      </trkpt>
      <trkpt lat="48.5360715" lon="36.0584923">
        <ele>141.0</ele>
        <time>2026-04-18T13:51:19Z</time>
        <extensions>
          <speed>13.14</speed>
          <course>124.8</course>
        </extensions>
      </trkpt>
      <trkpt lat="48.5360578" lon="36.0585215">
        <ele>141.0</ele>
        <time>2026-04-18T13:51:19Z</time>
        <extensions>
          <speed>13.28</speed>
          <course>125.4</course>
        </extensions>
      </trkpt>
      <trkpt lat="48.5360508" lon="36.0585362">
        <ele>141.0</ele>
        <time>2026-04-18T13:51:19Z</time>
        <extensions>
          <speed>13.41</speed>
          <course>125.0</course>
        </extensions>
      </trkpt>
      <trkpt lat="48.5360440" lon="36.0585507">
        <ele>141.0</ele>
        <time>2026-04-18T13:51:19Z</time>
        <extensions>
          <speed>13.28</speed>
          <course>125.4</course>
        </extensions>
      </trkpt>
      <trkpt lat="48.5360370" lon="36.0585653">
        <ele>141.1</ele>
        <time>2026-04-18T13:51:19Z</time>
        <extensions>
          <speed>13.47</speed>
          <course>125.9</course>
        </extensions>
      </trkpt>
      <trkpt lat="48.5360298" lon="36.0585802">
        <ele>141.1</ele>
        <time>2026-04-18T13:51:19Z</time>
        <extensions>
          <speed>13.48</speed>
          <course>125.7</course>
        </extensions>
      </trkpt>
      <trkpt lat="48.5360228" lon="36.0585948">
        <ele>141.1</ele>
        <time>2026-04-18T13:51:19Z</time>
        <extensions>
          <speed>13.54</speed>
          <course>125.8</course>
        </extensions>
      </trkpt>
      <trkpt lat="48.5360157" lon="36.0586097">
        <ele>141.1</ele>
        <time>2026-04-18T13:51:19Z</time>
        <extensions>
          <speed>13.61</speed>
          <course>125.9</course>
        </extensions>
      </trkpt>
      <trkpt lat="48.5360085" lon="36.0586247">
        <ele>141.1</ele>
        <time>2026-04-18T13:51:19Z</time>
        <extensions>
          <speed>13.70</speed>
          <course>125.8</course>
        </extensions>
      </trkpt>
      <trkpt lat="48.5360013" lon="36.0586395">
        <ele>141.1</ele>
        <time>2026-04-18T13:51:20Z</time>
        <extensions>
          <speed>13.71</speed>
          <course>125.9</course>
        </extensions>
      </trkpt>
      <trkpt lat="48.5359867" lon="36.0586698">
        <ele>141.1</ele>
        <time>2026-04-18T13:51:20Z</time>
        <extensions>
          <speed>13.85</speed>
          <course>126.1</course>
        </extensions>
      </trkpt>
      <trkpt lat="48.5359795" lon="36.0586848">
        <ele>141.1</ele>
        <time>2026-04-18T13:51:20Z</time>
        <extensions>
          <speed>13.69</speed>
          <course>125.7</course>
        </extensions>
      </trkpt>
      <trkpt lat="48.5359722" lon="36.0587000">
        <ele>141.1</ele>
        <time>2026-04-18T13:51:20Z</time>
        <extensions>
          <speed>13.77</speed>
          <course>126.1</course>
        </extensions>
      </trkpt>
      <trkpt lat="48.5359648" lon="36.0587153">
        <ele>141.1</ele>
        <time>2026-04-18T13:51:20Z</time>
        <extensions>
          <speed>13.95</speed>
          <course>125.8</course>
        </extensions>
      </trkpt>
      <trkpt lat="48.5359575" lon="36.0587307">
        <ele>141.2</ele>
        <time>2026-04-18T13:51:20Z</time>
        <extensions>
          <speed>13.88</speed>
          <course>125.7</course>
        </extensions>
      </trkpt>
      <trkpt lat="48.5359502" lon="36.0587462">
        <ele>141.2</ele>
        <time>2026-04-18T13:51:20Z</time>
        <extensions>
          <speed>13.97</speed>
          <course>125.4</course>
        </extensions>
      </trkpt>
      <trkpt lat="48.5359428" lon="36.0587617">
        <ele>141.2</ele>
        <time>2026-04-18T13:51:20Z</time>
        <extensions>
          <speed>13.99</speed>
          <course>125.5</course>
        </extensions>
      </trkpt>
      <trkpt lat="48.5359355" lon="36.0587770">
        <ele>141.2</ele>
        <time>2026-04-18T13:51:20Z</time>
        <extensions>
          <speed>13.97</speed>
          <course>125.8</course>
        </extensions>
      </trkpt>
      <trkpt lat="48.5359283" lon="36.0587925">
        <ele>141.2</ele>
        <time>2026-04-18T13:51:21Z</time>
        <extensions>
          <speed>13.94</speed>
          <course>125.0</course>
        </extensions>
      </trkpt>
      <trkpt lat="48.5359140" lon="36.0588233">
        <ele>141.3</ele>
        <time>2026-04-18T13:51:21Z</time>
        <extensions>
          <speed>13.93</speed>
          <course>125.0</course>
        </extensions>
      </trkpt>
      <trkpt lat="48.5359068" lon="36.0588385">
        <ele>141.3</ele>
        <time>2026-04-18T13:51:21Z</time>
        <extensions>
          <speed>13.75</speed>
          <course>125.5</course>
        </extensions>
      </trkpt>
      <trkpt lat="48.5358995" lon="36.0588538">
        <ele>141.3</ele>
        <time>2026-04-18T13:51:21Z</time>
        <extensions>
          <speed>13.79</speed>
          <course>125.5</course>
        </extensions>
      </trkpt>
      <trkpt lat="48.5358923" lon="36.0588690">
        <ele>141.3</ele>
        <time>2026-04-18T13:51:21Z</time>
        <extensions>
          <speed>13.85</speed>
          <course>125.7</course>
        </extensions>
      </trkpt>
      <trkpt lat="48.5358852" lon="36.0588843">
        <ele>141.3</ele>
        <time>2026-04-18T13:51:21Z</time>
        <extensions>
          <speed>13.77</speed>
          <course>125.1</course>
        </extensions>
      </trkpt>
      <trkpt lat="48.5358780" lon="36.0588992">
        <ele>141.3</ele>
        <time>2026-04-18T13:51:21Z</time>
        <extensions>
          <speed>13.66</speed>
          <course>125.8</course>
        </extensions>
      </trkpt>
      <trkpt lat="48.5358707" lon="36.0589143">
        <ele>141.3</ele>
        <time>2026-04-18T13:51:21Z</time>
        <extensions>
          <speed>13.79</speed>
          <course>126.2</course>
        </extensions>
      </trkpt>
      <trkpt lat="48.5358633" lon="36.0589293">
        <ele>141.3</ele>
        <time>2026-04-18T13:51:21Z</time>
        <extensions>
          <speed>13.74</speed>
          <course>125.9</course>
        </extensions>
      </trkpt>
      <trkpt lat="48.5358562" lon="36.0589442">
        <ele>141.3</ele>
        <time>2026-04-18T13:51:22Z</time>
        <extensions>
          <speed>13.50</speed>
          <course>126.3</course>
        </extensions>
      </trkpt>
      <trkpt lat="48.5358415" lon="36.0589735">
        <ele>141.3</ele>
        <time>2026-04-18T13:51:22Z</time>
        <extensions>
          <speed>13.59</speed>
          <course>127.3</course>
        </extensions>
      </trkpt>
      <trkpt lat="48.5358342" lon="36.0589882">
        <ele>141.3</ele>
        <time>2026-04-18T13:51:22Z</time>
        <extensions>
          <speed>13.54</speed>
          <course>127.0</course>
        </extensions>
      </trkpt>
      <trkpt lat="48.5358265" lon="36.0590030">
        <ele>141.4</ele>
        <time>2026-04-18T13:51:22Z</time>
        <extensions>
          <speed>13.81</speed>
          <course>127.7</course>
        </extensions>
      </trkpt>
      <trkpt lat="48.5358188" lon="36.0590180">
        <ele>141.4</ele>
        <time>2026-04-18T13:51:22Z</time>
        <extensions>
          <speed>13.90</speed>
          <course>127.8</course>
        </extensions>
      </trkpt>
      <trkpt lat="48.5358112" lon="36.0590330">
        <ele>141.4</ele>
        <time>2026-04-18T13:51:22Z</time>
        <extensions>
          <speed>13.88</speed>
          <course>127.5</course>
        </extensions>
      </trkpt>
      <trkpt lat="48.5358033" lon="36.0590480">
        <ele>141.4</ele>
        <time>2026-04-18T13:51:22Z</time>
        <extensions>
          <speed>14.05</speed>
          <course>128.3</course>
        </extensions>
      </trkpt>
      <trkpt lat="48.5357953" lon="36.0590635">
        <ele>141.4</ele>
        <time>2026-04-18T13:51:22Z</time>
        <extensions>
          <speed>14.26</speed>
          <course>127.8</course>
        </extensions>
      </trkpt>
      <trkpt lat="48.5357875" lon="36.0590787">
        <ele>141.5</ele>
        <time>2026-04-18T13:51:22Z</time>
        <extensions>
          <speed>14.23</speed>
          <course>128.0</course>
        </extensions>
      </trkpt>
      <trkpt lat="48.5357795" lon="36.0590942">
        <ele>141.5</ele>
        <time>2026-04-18T13:51:23Z</time>
        <extensions>
          <speed>14.38</speed>
          <course>127.8</course>
        </extensions>
      </trkpt>
      <trkpt lat="48.5357635" lon="36.0591255">
        <ele>141.5</ele>
        <time>2026-04-18T13:51:23Z</time>
        <extensions>
          <speed>14.58</speed>
          <course>127.7</course>
        </extensions>
      </trkpt>
      <trkpt lat="48.5357553" lon="36.0591413">
        <ele>141.6</ele>
        <time>2026-04-18T13:51:23Z</time>
        <extensions>
          <speed>14.72</speed>
          <course>127.6</course>
        </extensions>
      </trkpt>
      <trkpt lat="48.5357472" lon="36.0591573">
        <ele>141.6</ele>
        <time>2026-04-18T13:51:23Z</time>
        <extensions>
          <speed>14.82</speed>
          <course>127.7</course>
        </extensions>
      </trkpt>
      <trkpt lat="48.5357390" lon="36.0591733">
        <ele>141.6</ele>
        <time>2026-04-18T13:51:23Z</time>
        <extensions>
          <speed>14.84</speed>
          <course>127.6</course>
        </extensions>
      </trkpt>
      <trkpt lat="48.5357308" lon="36.0591895">
        <ele>141.6</ele>
        <time>2026-04-18T13:51:23Z</time>
        <extensions>
          <speed>15.03</speed>
          <course>127.5</course>
        </extensions>
      </trkpt>
      <trkpt lat="48.5357225" lon="36.0592058">
        <ele>141.6</ele>
        <time>2026-04-18T13:51:23Z</time>
        <extensions>
          <speed>15.06</speed>
          <course>127.0</course>
        </extensions>
      </trkpt>
      <trkpt lat="48.5357143" lon="36.0592223">
        <ele>141.6</ele>
        <time>2026-04-18T13:51:23Z</time>
        <extensions>
          <speed>15.12</speed>
          <course>127.2</course>
        </extensions>
      </trkpt>
      <trkpt lat="48.5357060" lon="36.0592392">
        <ele>141.7</ele>
        <time>2026-04-18T13:51:23Z</time>
        <extensions>
          <speed>15.38</speed>
          <course>126.6</course>
        </extensions>
      </trkpt>
      <trkpt lat="48.5356977" lon="36.0592558">
        <ele>141.7</ele>
        <time>2026-04-18T13:51:24Z</time>
        <extensions>
          <speed>15.32</speed>
          <course>126.8</course>
        </extensions>
      </trkpt>
      <trkpt lat="48.5356810" lon="36.0592898">
        <ele>141.7</ele>
        <time>2026-04-18T13:51:24Z</time>
        <extensions>
          <speed>15.71</speed>
          <course>126.3</course>
        </extensions>
      </trkpt>
      <trkpt lat="48.5356727" lon="36.0593070">
        <ele>141.7</ele>
        <time>2026-04-18T13:51:24Z</time>
        <extensions>
          <speed>15.64</speed>
          <course>126.2</course>
        </extensions>
      </trkpt>
      <trkpt lat="48.5356642" lon="36.0593240">
        <ele>141.7</ele>
        <time>2026-04-18T13:51:24Z</time>
        <extensions>
          <speed>15.68</speed>
          <course>126.9</course>
        </extensions>
      </trkpt>
      <trkpt lat="48.5356557" lon="36.0593413">
        <ele>141.8</ele>
        <time>2026-04-18T13:51:24Z</time>
        <extensions>
          <speed>15.76</speed>
          <course>126.4</course>
        </extensions>
      </trkpt>
      <trkpt lat="48.5356473" lon="36.0593587">
        <ele>141.8</ele>
        <time>2026-04-18T13:51:24Z</time>
        <extensions>
          <speed>15.71</speed>
          <course>126.4</course>
        </extensions>
      </trkpt>
      <trkpt lat="48.5356387" lon="36.0593760">
        <ele>141.8</ele>
        <time>2026-04-18T13:51:24Z</time>
        <extensions>
          <speed>15.83</speed>
          <course>127.0</course>
        </extensions>
      </trkpt>
      <trkpt lat="48.5356302" lon="36.0593932">
        <ele>141.8</ele>
        <time>2026-04-18T13:51:24Z</time>
        <extensions>
          <speed>15.94</speed>
          <course>126.7</course>
        </extensions>
      </trkpt>
      <trkpt lat="48.5356217" lon="36.0594105">
        <ele>141.9</ele>
        <time>2026-04-18T13:51:24Z</time>
        <extensions>
          <speed>15.83</speed>
          <course>126.5</course>
        </extensions>
      </trkpt>
      <trkpt lat="48.5356128" lon="36.0594282">
        <ele>141.9</ele>
        <time>2026-04-18T13:51:25Z</time>
        <extensions>
          <speed>16.12</speed>
          <course>126.6</course>
        </extensions>
      </trkpt>
      <trkpt lat="48.5355955" lon="36.0594633">
        <ele>141.9</ele>
        <time>2026-04-18T13:51:25Z</time>
        <extensions>
          <speed>16.19</speed>
          <course>126.5</course>
        </extensions>
      </trkpt>
      <trkpt lat="48.5355870" lon="36.0594803">
        <ele>141.9</ele>
        <time>2026-04-18T13:51:25Z</time>
        <extensions>
          <speed>15.96</speed>
          <course>126.9</course>
        </extensions>
      </trkpt>
      <trkpt lat="48.5355788" lon="36.0594973">
        <ele>141.9</ele>
        <time>2026-04-18T13:51:25Z</time>
        <extensions>
          <speed>15.49</speed>
          <course>126.1</course>
        </extensions>
      </trkpt>
      <trkpt lat="48.5355703" lon="36.0595138">
        <ele>141.9</ele>
        <time>2026-04-18T13:51:25Z</time>
        <extensions>
          <speed>15.39</speed>
          <course>127.3</course>
        </extensions>
      </trkpt>
      <trkpt lat="48.5355620" lon="36.0595307">
        <ele>141.9</ele>
        <time>2026-04-18T13:51:25Z</time>
        <extensions>
          <speed>15.49</speed>
          <course>126.9</course>
        </extensions>
      </trkpt>
      <trkpt lat="48.5355540" lon="36.0595467">
        <ele>141.9</ele>
        <time>2026-04-18T13:51:25Z</time>
        <extensions>
          <speed>14.96</speed>
          <course>126.5</course>
        </extensions>
      </trkpt>
      <trkpt lat="48.5355458" lon="36.0595627">
        <ele>141.9</ele>
        <time>2026-04-18T13:51:25Z</time>
        <extensions>
          <speed>14.85</speed>
          <course>127.5</course>
        </extensions>
      </trkpt>
      <trkpt lat="48.5355377" lon="36.0595785">
        <ele>141.9</ele>
        <time>2026-04-18T13:51:25Z</time>
        <extensions>
          <speed>14.87</speed>
          <course>127.2</course>
        </extensions>
      </trkpt>
      <trkpt lat="48.5355298" lon="36.0595943">
        <ele>141.9</ele>
        <time>2026-04-18T13:51:26Z</time>
        <extensions>
          <speed>14.64</speed>
          <course>126.8</course>
        </extensions>
      </trkpt>
      <trkpt lat="48.5355142" lon="36.0596253">
        <ele>141.9</ele>
        <time>2026-04-18T13:51:26Z</time>
        <extensions>
          <speed>14.33</speed>
          <course>127.5</course>
        </extensions>
      </trkpt>
      <trkpt lat="48.5355065" lon="36.0596405">
        <ele>141.9</ele>
        <time>2026-04-18T13:51:26Z</time>
        <extensions>
          <speed>14.19</speed>
          <course>127.2</course>
        </extensions>
      </trkpt>
      <trkpt lat="48.5354988" lon="36.0596558">
        <ele>142.0</ele>
        <time>2026-04-18T13:51:26Z</time>
        <extensions>
          <speed>14.06</speed>
          <course>126.9</course>
        </extensions>
      </trkpt>
      <trkpt lat="48.5354913" lon="36.0596707">
        <ele>142.0</ele>
        <time>2026-04-18T13:51:26Z</time>
        <extensions>
          <speed>13.87</speed>
          <course>127.0</course>
        </extensions>
      </trkpt>
      <trkpt lat="48.5354837" lon="36.0596855">
        <ele>142.0</ele>
        <time>2026-04-18T13:51:26Z</time>
        <extensions>
          <speed>13.80</speed>
          <course>127.4</course>
        </extensions>
      </trkpt>
      <trkpt lat="48.5354763" lon="36.0597005">
        <ele>142.0</ele>
        <time>2026-04-18T13:51:26Z</time>
        <extensions>
          <speed>13.86</speed>
          <course>126.4</course>
        </extensions>
      </trkpt>
      <trkpt lat="48.5354690" lon="36.0597150">
        <ele>141.9</ele>
        <time>2026-04-18T13:51:26Z</time>
        <extensions>
          <speed>13.57</speed>
          <course>126.9</course>
        </extensions>
      </trkpt>
      <trkpt lat="48.5354617" lon="36.0597298">
        <ele>142.0</ele>
        <time>2026-04-18T13:51:26Z</time>
        <extensions>
          <speed>13.62</speed>
          <course>126.9</course>
        </extensions>
      </trkpt>
      <trkpt lat="48.5354545" lon="36.0597442">
        <ele>142.0</ele>
        <time>2026-04-18T13:51:27Z</time>
        <extensions>
          <speed>13.40</speed>
          <course>126.8</course>
        </extensions>
      </trkpt>
      <trkpt lat="48.5354402" lon="36.0597730">
        <ele>142.0</ele>
        <time>2026-04-18T13:51:27Z</time>
        <extensions>
          <speed>13.25</speed>
          <course>126.7</course>
        </extensions>
      </trkpt>
      <trkpt lat="48.5354330" lon="36.0597873">
        <ele>142.0</ele>
        <time>2026-04-18T13:51:27Z</time>
        <extensions>
          <speed>13.25</speed>
          <course>126.9</course>
        </extensions>
      </trkpt>
      <trkpt lat="48.5354260" lon="36.0598017">
        <ele>142.0</ele>
        <time>2026-04-18T13:51:27Z</time>
        <extensions>
          <speed>13.24</speed>
          <course>126.3</course>
        </extensions>
      </trkpt>
      <trkpt lat="48.5354188" lon="36.0598155">
        <ele>142.0</ele>
        <time>2026-04-18T13:51:27Z</time>
        <extensions>
          <speed>13.10</speed>
          <course>127.3</course>
        </extensions>
      </trkpt>
      <trkpt lat="48.5354118" lon="36.0598298">
        <ele>142.0</ele>
        <time>2026-04-18T13:51:27Z</time>
        <extensions>
          <speed>13.13</speed>
          <course>126.5</course>
        </extensions>
      </trkpt>
      <trkpt lat="48.5354047" lon="36.0598440">
        <ele>142.0</ele>
        <time>2026-04-18T13:51:27Z</time>
        <extensions>
          <speed>13.14</speed>
          <course>127.2</course>
        </extensions>
      </trkpt>
      <trkpt lat="48.5353977" lon="36.0598580">
        <ele>141.9</ele>
        <time>2026-04-18T13:51:27Z</time>
        <extensions>
          <speed>13.03</speed>
          <course>126.4</course>
        </extensions>
      </trkpt>
      <trkpt lat="48.5353905" lon="36.0598723">
        <ele>141.9</ele>
        <time>2026-04-18T13:51:27Z</time>
        <extensions>
          <speed>13.20</speed>
          <course>127.3</course>
        </extensions>
      </trkpt>
      <trkpt lat="48.5353835" lon="36.0598867">
        <ele>141.9</ele>
        <time>2026-04-18T13:51:28Z</time>
        <extensions>
          <speed>13.13</speed>
          <course>125.9</course>
        </extensions>
      </trkpt>
      <trkpt lat="48.5353698" lon="36.0599157">
        <ele>142.0</ele>
        <time>2026-04-18T13:51:28Z</time>
        <extensions>
          <speed>13.04</speed>
          <course>125.4</course>
        </extensions>
      </trkpt>
      <trkpt lat="48.5353628" lon="36.0599297">
        <ele>142.0</ele>
        <time>2026-04-18T13:51:28Z</time>
        <extensions>
          <speed>13.03</speed>
          <course>126.6</course>
        </extensions>
      </trkpt>
      <trkpt lat="48.5353557" lon="36.0599443">
        <ele>142.0</ele>
        <time>2026-04-18T13:51:28Z</time>
        <extensions>
          <speed>13.35</speed>
          <course>126.8</course>
        </extensions>
      </trkpt>
      <trkpt lat="48.5353488" lon="36.0599585">
        <ele>142.0</ele>
        <time>2026-04-18T13:51:28Z</time>
        <extensions>
          <speed>12.98</speed>
          <course>126.1</course>
        </extensions>
      </trkpt>
      <trkpt lat="48.5353417" lon="36.0599728">
        <ele>141.9</ele>
        <time>2026-04-18T13:51:28Z</time>
        <extensions>
          <speed>13.37</speed>
          <course>126.6</course>
        </extensions>
      </trkpt>
      <trkpt lat="48.5353347" lon="36.0599875">
        <ele>141.9</ele>
        <time>2026-04-18T13:51:28Z</time>
        <extensions>
          <speed>13.30</speed>
          <course>125.7</course>
        </extensions>
      </trkpt>
      <trkpt lat="48.5353277" lon="36.0600020">
        <ele>142.0</ele>
        <time>2026-04-18T13:51:28Z</time>
        <extensions>
          <speed>13.18</speed>
          <course>126.5</course>
        </extensions>
      </trkpt>
      <trkpt lat="48.5353207" lon="36.0600167">
        <ele>141.9</ele>
        <time>2026-04-18T13:51:28Z</time>
        <extensions>
          <speed>13.40</speed>
          <course>125.6</course>
        </extensions>
      </trkpt>
      <trkpt lat="48.5353135" lon="36.0600315">
        <ele>141.9</ele>
        <time>2026-04-18T13:51:29Z</time>
        <extensions>
          <speed>13.48</speed>
          <course>126.2</course>
        </extensions>
      </trkpt>
      <trkpt lat="48.5353062" lon="36.0600463">
        <ele>141.9</ele>
        <time>2026-04-18T13:51:29Z</time>
        <extensions>
          <speed>13.70</speed>
          <course>126.0</course>
        </extensions>
      </trkpt>
      <trkpt lat="48.5352992" lon="36.0600608">
        <ele>141.9</ele>
        <time>2026-04-18T13:51:29Z</time>
        <extensions>
          <speed>13.50</speed>
          <course>125.5</course>
        </extensions>
      </trkpt>
      <trkpt lat="48.5352920" lon="36.0600758">
        <ele>141.9</ele>
        <time>2026-04-18T13:51:29Z</time>
        <extensions>
          <speed>13.46</speed>
          <course>126.3</course>
        </extensions>
      </trkpt>
      <trkpt lat="48.5352847" lon="36.0600907">
        <ele>142.0</ele>
        <time>2026-04-18T13:51:29Z</time>
        <extensions>
          <speed>13.49</speed>
          <course>127.0</course>
        </extensions>
      </trkpt>
      <trkpt lat="48.5352775" lon="36.0601055">
        <ele>142.0</ele>
        <time>2026-04-18T13:51:29Z</time>
        <extensions>
          <speed>13.51</speed>
          <course>126.0</course>
        </extensions>
      </trkpt>
      <trkpt lat="48.5352702" lon="36.0601207">
        <ele>142.0</ele>
        <time>2026-04-18T13:51:29Z</time>
        <extensions>
          <speed>13.68</speed>
          <course>125.9</course>
        </extensions>
      </trkpt>
      <trkpt lat="48.5352628" lon="36.0601358">
        <ele>142.0</ele>
        <time>2026-04-18T13:51:29Z</time>
        <extensions>
          <speed>13.80</speed>
          <course>126.0</course>
        </extensions>
      </trkpt>
      <trkpt lat="48.5352557" lon="36.0601510">
        <ele>142.0</ele>
        <time>2026-04-18T13:51:29Z</time>
        <extensions>
          <speed>13.79</speed>
          <course>126.0</course>
        </extensions>
      </trkpt>
      <trkpt lat="48.5352480" lon="36.0601663">
        <ele>142.0</ele>
        <time>2026-04-18T13:51:29Z</time>
        <extensions>
          <speed>14.04</speed>
          <course>126.4</course>
        </extensions>
      </trkpt>
      <trkpt lat="48.5352407" lon="36.0601817">
        <ele>142.0</ele>
        <time>2026-04-18T13:51:30Z</time>
        <extensions>
          <speed>13.96</speed>
          <course>125.8</course>
        </extensions>
      </trkpt>
      <trkpt lat="48.5352258" lon="36.0602123">
        <ele>142.0</ele>
        <time>2026-04-18T13:51:30Z</time>
        <extensions>
          <speed>14.09</speed>
          <course>126.3</course>
        </extensions>
      </trkpt>
      <trkpt lat="48.5352183" lon="36.0602277">
        <ele>142.0</ele>
        <time>2026-04-18T13:51:30Z</time>
        <extensions>
          <speed>14.05</speed>
          <course>125.9</course>
        </extensions>
      </trkpt>
      <trkpt lat="48.5352112" lon="36.0602432">
        <ele>142.0</ele>
        <time>2026-04-18T13:51:30Z</time>
        <extensions>
          <speed>13.98</speed>
          <course>125.5</course>
        </extensions>
      </trkpt>
      <trkpt lat="48.5352038" lon="36.0602583">
        <ele>142.0</ele>
        <time>2026-04-18T13:51:30Z</time>
        <extensions>
          <speed>13.94</speed>
          <course>125.9</course>
        </extensions>
      </trkpt>
      <trkpt lat="48.5351965" lon="36.0602737">
        <ele>142.0</ele>
        <time>2026-04-18T13:51:30Z</time>
        <extensions>
          <speed>13.87</speed>
          <course>125.5</course>
        </extensions>
      </trkpt>
      <trkpt lat="48.5351895" lon="36.0602885">
        <ele>142.0</ele>
        <time>2026-04-18T13:51:30Z</time>
        <extensions>
          <speed>13.49</speed>
          <course>125.8</course>
        </extensions>
      </trkpt>
      <trkpt lat="48.5351825" lon="36.0603032">
        <ele>142.0</ele>
        <time>2026-04-18T13:51:30Z</time>
        <extensions>
          <speed>13.33</speed>
          <course>125.4</course>
        </extensions>
      </trkpt>
      <trkpt lat="48.5351755" lon="36.0603178">
        <ele>141.9</ele>
        <time>2026-04-18T13:51:30Z</time>
        <extensions>
          <speed>13.36</speed>
          <course>125.5</course>
        </extensions>
      </trkpt>
      <trkpt lat="48.5351690" lon="36.0603323">
        <ele>141.9</ele>
        <time>2026-04-18T13:51:31Z</time>
        <extensions>
          <speed>13.05</speed>
          <course>124.6</course>
        </extensions>
      </trkpt>
      <trkpt lat="48.5351623" lon="36.0603465">
        <ele>141.9</ele>
        <time>2026-04-18T13:51:31Z</time>
        <extensions>
          <speed>12.84</speed>
          <course>125.1</course>
        </extensions>
      </trkpt>
      <trkpt lat="48.5351557" lon="36.0603610">
        <ele>142.0</ele>
        <time>2026-04-18T13:51:31Z</time>
        <extensions>
          <speed>12.85</speed>
          <course>125.0</course>
        </extensions>
      </trkpt>
      <trkpt lat="48.5351493" lon="36.0603748">
        <ele>142.0</ele>
        <time>2026-04-18T13:51:31Z</time>
        <extensions>
          <speed>12.44</speed>
          <course>124.3</course>
        </extensions>
      </trkpt>
      <trkpt lat="48.5351432" lon="36.0603887">
        <ele>142.0</ele>
        <time>2026-04-18T13:51:31Z</time>
        <extensions>
          <speed>12.34</speed>
          <course>124.1</course>
        </extensions>
      </trkpt>
      <trkpt lat="48.5351368" lon="36.0604025">
        <ele>142.0</ele>
        <time>2026-04-18T13:51:31Z</time>
        <extensions>
          <speed>12.41</speed>
          <course>124.1</course>
        </extensions>
      </trkpt>
      <trkpt lat="48.5351307" lon="36.0604165">
        <ele>142.0</ele>
        <time>2026-04-18T13:51:31Z</time>
        <extensions>
          <speed>12.43</speed>
          <course>124.2</course>
        </extensions>
      </trkpt>
      <trkpt lat="48.5351247" lon="36.0604302">
        <ele>142.0</ele>
        <time>2026-04-18T13:51:31Z</time>
        <extensions>
          <speed>12.24</speed>
          <course>123.4</course>
        </extensions>
      </trkpt>
      <trkpt lat="48.5351185" lon="36.0604437">
        <ele>142.0</ele>
        <time>2026-04-18T13:51:31Z</time>
        <extensions>
          <speed>12.12</speed>
          <course>124.1</course>
        </extensions>
      </trkpt>
      <trkpt lat="48.5351130" lon="36.0604568">
        <ele>142.0</ele>
        <time>2026-04-18T13:51:31Z</time>
        <extensions>
          <speed>11.71</speed>
          <course>122.4</course>
        </extensions>
      </trkpt>
      <trkpt lat="48.5351070" lon="36.0604707">
        <ele>142.0</ele>
        <time>2026-04-18T13:51:32Z</time>
        <extensions>
          <speed>11.96</speed>
          <course>123.5</course>
        </extensions>
      </trkpt>
      <trkpt lat="48.5350957" lon="36.0604970">
        <ele>142.1</ele>
        <time>2026-04-18T13:51:32Z</time>
        <extensions>
          <speed>11.41</speed>
          <course>122.5</course>
        </extensions>
      </trkpt>
      <trkpt lat="48.5350902" lon="36.0605100">
        <ele>142.1</ele>
        <time>2026-04-18T13:51:32Z</time>
        <extensions>
          <speed>11.42</speed>
          <course>123.0</course>
        </extensions>
      </trkpt>
      <trkpt lat="48.5350848" lon="36.0605228">
        <ele>142.1</ele>
        <time>2026-04-18T13:51:32Z</time>
        <extensions>
          <speed>11.19</speed>
          <course>121.9</course>
        </extensions>
      </trkpt>
      <trkpt lat="48.5350795" lon="36.0605355">
        <ele>142.1</ele>
        <time>2026-04-18T13:51:32Z</time>
        <extensions>
          <speed>11.12</speed>
          <course>122.1</course>
        </extensions>
      </trkpt>
      <trkpt lat="48.5350745" lon="36.0605480">
        <ele>142.1</ele>
        <time>2026-04-18T13:51:32Z</time>
        <extensions>
          <speed>10.89</speed>
          <course>121.5</course>
        </extensions>
      </trkpt>
      <trkpt lat="48.5350692" lon="36.0605605">
        <ele>142.2</ele>
        <time>2026-04-18T13:51:32Z</time>
        <extensions>
          <speed>10.96</speed>
          <course>122.5</course>
        </extensions>
      </trkpt>
      <trkpt lat="48.5350642" lon="36.0605728">
        <ele>142.2</ele>
        <time>2026-04-18T13:51:32Z</time>
        <extensions>
          <speed>10.69</speed>
          <course>121.5</course>
        </extensions>
      </trkpt>
      <trkpt lat="48.5350590" lon="36.0605847">
        <ele>142.2</ele>
        <time>2026-04-18T13:51:32Z</time>
        <extensions>
          <speed>10.57</speed>
          <course>122.8</course>
        </extensions>
      </trkpt>
      <trkpt lat="48.5350542" lon="36.0605965">
        <ele>142.2</ele>
        <time>2026-04-18T13:51:33Z</time>
        <extensions>
          <speed>10.35</speed>
          <course>121.8</course>
        </extensions>
      </trkpt>
      <trkpt lat="48.5350445" lon="36.0606192">
        <ele>142.1</ele>
        <time>2026-04-18T13:51:33Z</time>
        <extensions>
          <speed>10.02</speed>
          <course>122.6</course>
        </extensions>
      </trkpt>
      <trkpt lat="48.5350393" lon="36.0606308">
        <ele>142.2</ele>
        <time>2026-04-18T13:51:33Z</time>
        <extensions>
          <speed>10.12</speed>
          <course>124.0</course>
        </extensions>
      </trkpt>
      <trkpt lat="48.5350345" lon="36.0606418">
        <ele>142.2</ele>
        <time>2026-04-18T13:51:33Z</time>
        <extensions>
          <speed>9.86</speed>
          <course>124.0</course>
        </extensions>
      </trkpt>
      <trkpt lat="48.5350295" lon="36.0606528">
        <ele>142.2</ele>
        <time>2026-04-18T13:51:33Z</time>
        <extensions>
          <speed>9.87</speed>
          <course>123.8</course>
        </extensions>
      </trkpt>
      <trkpt lat="48.5350247" lon="36.0606638">
        <ele>142.2</ele>
        <time>2026-04-18T13:51:33Z</time>
        <extensions>
          <speed>9.82</speed>
          <course>123.7</course>
        </extensions>
      </trkpt>
      <trkpt lat="48.5350197" lon="36.0606745">
        <ele>142.2</ele>
        <time>2026-04-18T13:51:33Z</time>
        <extensions>
          <speed>9.55</speed>
          <course>125.2</course>
        </extensions>
      </trkpt>
      <trkpt lat="48.5350147" lon="36.0606852">
        <ele>142.2</ele>
        <time>2026-04-18T13:51:33Z</time>
        <extensions>
          <speed>9.69</speed>
          <course>125.3</course>
        </extensions>
      </trkpt>
      <trkpt lat="48.5350095" lon="36.0606958">
        <ele>142.2</ele>
        <time>2026-04-18T13:51:33Z</time>
        <extensions>
          <speed>9.67</speed>
          <course>125.4</course>
        </extensions>
      </trkpt>
      <trkpt lat="48.5350047" lon="36.0607062">
        <ele>142.2</ele>
        <time>2026-04-18T13:51:34Z</time>
        <extensions>
          <speed>9.51</speed>
          <course>125.1</course>
        </extensions>
      </trkpt>
      <trkpt lat="48.5349948" lon="36.0607272">
        <ele>142.2</ele>
        <time>2026-04-18T13:51:34Z</time>
        <extensions>
          <speed>9.70</speed>
          <course>125.3</course>
        </extensions>
      </trkpt>
      <trkpt lat="48.5349900" lon="36.0607380">
        <ele>142.2</ele>
        <time>2026-04-18T13:51:34Z</time>
        <extensions>
          <speed>9.62</speed>
          <course>124.5</course>
        </extensions>
      </trkpt>
      <trkpt lat="48.5349852" lon="36.0607485">
        <ele>142.2</ele>
        <time>2026-04-18T13:51:34Z</time>
        <extensions>
          <speed>9.41</speed>
          <course>124.2</course>
        </extensions>
      </trkpt>
      <trkpt lat="48.5349805" lon="36.0607592">
        <ele>142.1</ele>
        <time>2026-04-18T13:51:34Z</time>
        <extensions>
          <speed>9.64</speed>
          <course>123.5</course>
        </extensions>
      </trkpt>
      <trkpt lat="48.5349758" lon="36.0607703">
        <ele>142.1</ele>
        <time>2026-04-18T13:51:34Z</time>
        <extensions>
          <speed>9.75</speed>
          <course>122.2</course>
        </extensions>
      </trkpt>
      <trkpt lat="48.5349715" lon="36.0607805">
        <ele>142.1</ele>
        <time>2026-04-18T13:51:34Z</time>
        <extensions>
          <speed>9.29</speed>
          <course>122.0</course>
        </extensions>
      </trkpt>
      <trkpt lat="48.5349670" lon="36.0607917">
        <ele>142.1</ele>
        <time>2026-04-18T13:51:34Z</time>
        <extensions>
          <speed>9.56</speed>
          <course>121.8</course>
        </extensions>
      </trkpt>
      <trkpt lat="48.5349625" lon="36.0608033">
        <ele>142.0</ele>
        <time>2026-04-18T13:51:34Z</time>
        <extensions>
          <speed>9.84</speed>
          <course>120.0</course>
        </extensions>
      </trkpt>
      <trkpt lat="48.5349582" lon="36.0608145">
        <ele>142.0</ele>
        <time>2026-04-18T13:51:35Z</time>
        <extensions>
          <speed>9.59</speed>
          <course>120.0</course>
        </extensions>
      </trkpt>
      <trkpt lat="48.5349498" lon="36.0608373">
        <ele>142.0</ele>
        <time>2026-04-18T13:51:35Z</time>
        <extensions>
          <speed>9.59</speed>
          <course>118.8</course>
        </extensions>
      </trkpt>
      <trkpt lat="48.5349453" lon="36.0608497">
        <ele>142.1</ele>
        <time>2026-04-18T13:51:35Z</time>
        <extensions>
          <speed>10.03</speed>
          <course>118.9</course>
        </extensions>
      </trkpt>
      <trkpt lat="48.5349410" lon="36.0608615">
        <ele>142.1</ele>
        <time>2026-04-18T13:51:35Z</time>
        <extensions>
          <speed>9.96</speed>
          <course>118.7</course>
        </extensions>
      </trkpt>
      <trkpt lat="48.5349367" lon="36.0608727">
        <ele>142.0</ele>
        <time>2026-04-18T13:51:35Z</time>
        <extensions>
          <speed>9.84</speed>
          <course>120.1</course>
        </extensions>
      </trkpt>
      <trkpt lat="48.5349322" lon="36.0608850">
        <ele>142.0</ele>
        <time>2026-04-18T13:51:35Z</time>
        <extensions>
          <speed>10.14</speed>
          <course>119.2</course>
        </extensions>
      </trkpt>
      <trkpt lat="48.5349275" lon="36.0608968">
        <ele>142.0</ele>
        <time>2026-04-18T13:51:35Z</time>
        <extensions>
          <speed>10.19</speed>
          <course>120.1</course>
        </extensions>
      </trkpt>
      <trkpt lat="48.5349228" lon="36.0609085">
        <ele>142.0</ele>
        <time>2026-04-18T13:51:35Z</time>
        <extensions>
          <speed>10.12</speed>
          <course>120.8</course>
        </extensions>
      </trkpt>
      <trkpt lat="48.5349180" lon="36.0609203">
        <ele>141.9</ele>
        <time>2026-04-18T13:51:35Z</time>
        <extensions>
          <speed>10.43</speed>
          <course>121.7</course>
        </extensions>
      </trkpt>
      <trkpt lat="48.5349132" lon="36.0609320">
        <ele>141.9</ele>
        <time>2026-04-18T13:51:36Z</time>
        <extensions>
          <speed>10.25</speed>
          <course>121.8</course>
        </extensions>
      </trkpt>
      <trkpt lat="48.5349028" lon="36.0609558">
        <ele>141.9</ele>
        <time>2026-04-18T13:51:36Z</time>
        <extensions>
          <speed>10.51</speed>
          <course>123.7</course>
        </extensions>
      </trkpt>
      <trkpt lat="48.5348978" lon="36.0609670">
        <ele>141.9</ele>
        <time>2026-04-18T13:51:36Z</time>
        <extensions>
          <speed>10.22</speed>
          <course>123.5</course>
        </extensions>
      </trkpt>
      <trkpt lat="48.5348925" lon="36.0609790">
        <ele>141.9</ele>
        <time>2026-04-18T13:51:36Z</time>
        <extensions>
          <speed>10.57</speed>
          <course>124.0</course>
        </extensions>
      </trkpt>
      <trkpt lat="48.5348870" lon="36.0609908">
        <ele>141.9</ele>
        <time>2026-04-18T13:51:36Z</time>
        <extensions>
          <speed>10.47</speed>
          <course>124.5</course>
        </extensions>
      </trkpt>
      <trkpt lat="48.5348817" lon="36.0610025">
        <ele>141.9</ele>
        <time>2026-04-18T13:51:36Z</time>
        <extensions>
          <speed>10.44</speed>
          <course>124.5</course>
        </extensions>
      </trkpt>
      <trkpt lat="48.5348762" lon="36.0610143">
        <ele>141.9</ele>
        <time>2026-04-18T13:51:36Z</time>
        <extensions>
          <speed>10.60</speed>
          <course>125.4</course>
        </extensions>
      </trkpt>
      <trkpt lat="48.5348707" lon="36.0610260">
        <ele>141.9</ele>
        <time>2026-04-18T13:51:36Z</time>
        <extensions>
          <speed>10.68</speed>
          <course>125.4</course>
        </extensions>
      </trkpt>
      <trkpt lat="48.5348648" lon="36.0610378">
        <ele>142.0</ele>
        <time>2026-04-18T13:51:36Z</time>
        <extensions>
          <speed>10.59</speed>
          <course>126.1</course>
        </extensions>
      </trkpt>
      <trkpt lat="48.5348592" lon="36.0610493">
        <ele>141.9</ele>
        <time>2026-04-18T13:51:37Z</time>
        <extensions>
          <speed>10.84</speed>
          <course>126.4</course>
        </extensions>
      </trkpt>
      <trkpt lat="48.5348473" lon="36.0610732">
        <ele>141.9</ele>
        <time>2026-04-18T13:51:37Z</time>
        <extensions>
          <speed>11.03</speed>
          <course>126.8</course>
        </extensions>
      </trkpt>
      <trkpt lat="48.5348415" lon="36.0610852">
        <ele>141.9</ele>
        <time>2026-04-18T13:51:37Z</time>
        <extensions>
          <speed>11.01</speed>
          <course>126.5</course>
        </extensions>
      </trkpt>
      <trkpt lat="48.5348355" lon="36.0610970">
        <ele>141.9</ele>
        <time>2026-04-18T13:51:37Z</time>
        <extensions>
          <speed>10.97</speed>
          <course>127.0</course>
        </extensions>
      </trkpt>
      <trkpt lat="48.5348295" lon="36.0611087">
        <ele>141.8</ele>
        <time>2026-04-18T13:51:37Z</time>
        <extensions>
          <speed>11.03</speed>
          <course>127.9</course>
        </extensions>
      </trkpt>
      <trkpt lat="48.5348233" lon="36.0611205">
        <ele>141.8</ele>
        <time>2026-04-18T13:51:37Z</time>
        <extensions>
          <speed>11.11</speed>
          <course>128.1</course>
        </extensions>
      </trkpt>
      <trkpt lat="48.5348170" lon="36.0611323">
        <ele>141.8</ele>
        <time>2026-04-18T13:51:37Z</time>
        <extensions>
          <speed>11.12</speed>
          <course>128.5</course>
        </extensions>
      </trkpt>
      <trkpt lat="48.5348108" lon="36.0611438">
        <ele>141.8</ele>
        <time>2026-04-18T13:51:37Z</time>
        <extensions>
          <speed>11.08</speed>
          <course>128.7</course>
        </extensions>
      </trkpt>
      <trkpt lat="48.5348045" lon="36.0611553">
        <ele>141.8</ele>
        <time>2026-04-18T13:51:37Z</time>
        <extensions>
          <speed>11.20</speed>
          <course>129.2</course>
        </extensions>
      </trkpt>
      <trkpt lat="48.5347980" lon="36.0611675">
        <ele>141.8</ele>
        <time>2026-04-18T13:51:38Z</time>
        <extensions>
          <speed>11.26</speed>
          <course>129.4</course>
        </extensions>
      </trkpt>
      <trkpt lat="48.5347915" lon="36.0611793">
        <ele>141.8</ele>
        <time>2026-04-18T13:51:38Z</time>
        <extensions>
          <speed>11.20</speed>
          <course>129.1</course>
        </extensions>
      </trkpt>
      <trkpt lat="48.5347850" lon="36.0611910">
        <ele>141.8</ele>
        <time>2026-04-18T13:51:38Z</time>
        <extensions>
          <speed>11.29</speed>
          <course>129.7</course>
        </extensions>
      </trkpt>
      <trkpt lat="48.5347787" lon="36.0612027">
        <ele>141.8</ele>
        <time>2026-04-18T13:51:38Z</time>
        <extensions>
          <speed>11.36</speed>
          <course>129.5</course>
        </extensions>
      </trkpt>
      <trkpt lat="48.5347718" lon="36.0612152">
        <ele>141.8</ele>
        <time>2026-04-18T13:51:38Z</time>
        <extensions>
          <speed>11.65</speed>
          <course>129.8</course>
        </extensions>
      </trkpt>
      <trkpt lat="48.5347653" lon="36.0612268">
        <ele>141.8</ele>
        <time>2026-04-18T13:51:38Z</time>
        <extensions>
          <speed>11.41</speed>
          <course>129.3</course>
        </extensions>
      </trkpt>
      <trkpt lat="48.5347588" lon="36.0612387">
        <ele>141.7</ele>
        <time>2026-04-18T13:51:38Z</time>
        <extensions>
          <speed>11.51</speed>
          <course>129.7</course>
        </extensions>
      </trkpt>
      <trkpt lat="48.5347522" lon="36.0612507">
        <ele>141.7</ele>
        <time>2026-04-18T13:51:38Z</time>
        <extensions>
          <speed>11.55</speed>
          <course>130.0</course>
        </extensions>
      </trkpt>
      <trkpt lat="48.5347453" lon="36.0612628">
        <ele>141.7</ele>
        <time>2026-04-18T13:51:38Z</time>
        <extensions>
          <speed>11.62</speed>
          <course>130.2</course>
        </extensions>
      </trkpt>
      <trkpt lat="48.5347385" lon="36.0612747">
        <ele>141.7</ele>
        <time>2026-04-18T13:51:38Z</time>
        <extensions>
          <speed>11.64</speed>
          <course>130.2</course>
        </extensions>
      </trkpt>
      <trkpt lat="48.5347317" lon="36.0612867">
        <ele>141.7</ele>
        <time>2026-04-18T13:51:39Z</time>
        <extensions>
          <speed>11.76</speed>
          <course>130.3</course>
        </extensions>
      </trkpt>
      <trkpt lat="48.5347253" lon="36.0612985">
        <ele>141.7</ele>
        <time>2026-04-18T13:51:39Z</time>
        <extensions>
          <speed>11.48</speed>
          <course>129.5</course>
        </extensions>
      </trkpt>
      <trkpt lat="48.5347183" lon="36.0613105">
        <ele>141.7</ele>
        <time>2026-04-18T13:51:39Z</time>
        <extensions>
          <speed>11.54</speed>
          <course>130.9</course>
        </extensions>
      </trkpt>
      <trkpt lat="48.5347113" lon="36.0613225">
        <ele>141.7</ele>
        <time>2026-04-18T13:51:39Z</time>
        <extensions>
          <speed>11.80</speed>
          <course>130.8</course>
        </extensions>
      </trkpt>
      <trkpt lat="48.5347047" lon="36.0613345">
        <ele>141.6</ele>
        <time>2026-04-18T13:51:39Z</time>
        <extensions>
          <speed>11.71</speed>
          <course>130.3</course>
        </extensions>
      </trkpt>
      <trkpt lat="48.5346975" lon="36.0613465">
        <ele>141.6</ele>
        <time>2026-04-18T13:51:39Z</time>
        <extensions>
          <speed>11.82</speed>
          <course>131.4</course>
        </extensions>
      </trkpt>
      <trkpt lat="48.5346903" lon="36.0613590">
        <ele>141.6</ele>
        <time>2026-04-18T13:51:39Z</time>
        <extensions>
          <speed>12.08</speed>
          <course>131.1</course>
        </extensions>
      </trkpt>
      <trkpt lat="48.5346833" lon="36.0613708">
        <ele>141.6</ele>
        <time>2026-04-18T13:51:39Z</time>
        <extensions>
          <speed>11.79</speed>
          <course>131.2</course>
        </extensions>
      </trkpt>
      <trkpt lat="48.5346765" lon="36.0613825">
        <ele>141.6</ele>
        <time>2026-04-18T13:51:39Z</time>
        <extensions>
          <speed>11.60</speed>
          <course>131.4</course>
        </extensions>
      </trkpt>
      <trkpt lat="48.5346695" lon="36.0613945">
        <ele>141.6</ele>
        <time>2026-04-18T13:51:39Z</time>
        <extensions>
          <speed>11.78</speed>
          <course>131.2</course>
        </extensions>
      </trkpt>
      <trkpt lat="48.5346625" lon="36.0614065">
        <ele>141.6</ele>
        <time>2026-04-18T13:51:40Z</time>
        <extensions>
          <speed>11.70</speed>
          <course>131.2</course>
        </extensions>
      </trkpt>
      <trkpt lat="48.5346560" lon="36.0614178">
        <ele>141.5</ele>
        <time>2026-04-18T13:51:40Z</time>
        <extensions>
          <speed>11.39</speed>
          <course>131.1</course>
        </extensions>
      </trkpt>
      <trkpt lat="48.5346492" lon="36.0614298">
        <ele>141.5</ele>
        <time>2026-04-18T13:51:40Z</time>
        <extensions>
          <speed>11.51</speed>
          <course>130.5</course>
        </extensions>
      </trkpt>
      <trkpt lat="48.5346427" lon="36.0614417">
        <ele>141.5</ele>
        <time>2026-04-18T13:51:40Z</time>
        <extensions>
          <speed>11.64</speed>
          <course>129.6</course>
        </extensions>
      </trkpt>
      <trkpt lat="48.5346362" lon="36.0614537">
        <ele>141.4</ele>
        <time>2026-04-18T13:51:40Z</time>
        <extensions>
          <speed>11.39</speed>
          <course>129.1</course>
        </extensions>
      </trkpt>
      <trkpt lat="48.5346298" lon="36.0614662">
        <ele>141.4</ele>
        <time>2026-04-18T13:51:40Z</time>
        <extensions>
          <speed>11.52</speed>
          <course>127.9</course>
        </extensions>
      </trkpt>
      <trkpt lat="48.5346233" lon="36.0614788">
        <ele>141.5</ele>
        <time>2026-04-18T13:51:40Z</time>
        <extensions>
          <speed>11.61</speed>
          <course>128.1</course>
        </extensions>
      </trkpt>
      <trkpt lat="48.5346172" lon="36.0614915">
        <ele>141.4</ele>
        <time>2026-04-18T13:51:40Z</time>
        <extensions>
          <speed>11.58</speed>
          <course>126.6</course>
        </extensions>
      </trkpt>
      <trkpt lat="48.5346110" lon="36.0615040">
        <ele>141.4</ele>
        <time>2026-04-18T13:51:40Z</time>
        <extensions>
          <speed>11.58</speed>
          <course>126.3</course>
        </extensions>
      </trkpt>
      <trkpt lat="48.5346050" lon="36.0615167">
        <ele>141.4</ele>
        <time>2026-04-18T13:51:40Z</time>
        <extensions>
          <speed>11.64</speed>
          <course>125.7</course>
        </extensions>
      </trkpt>
      <trkpt lat="48.5345988" lon="36.0615298">
        <ele>141.3</ele>
        <time>2026-04-18T13:51:41Z</time>
        <extensions>
          <speed>11.72</speed>
          <course>124.8</course>
        </extensions>
      </trkpt>
      <trkpt lat="48.5345930" lon="36.0615428">
        <ele>141.3</ele>
        <time>2026-04-18T13:51:41Z</time>
        <extensions>
          <speed>11.70</speed>
          <course>124.6</course>
        </extensions>
      </trkpt>
      <trkpt lat="48.5345868" lon="36.0615562">
        <ele>141.3</ele>
        <time>2026-04-18T13:51:41Z</time>
        <extensions>
          <speed>11.74</speed>
          <course>124.8</course>
        </extensions>
      </trkpt>
      <trkpt lat="48.5345810" lon="36.0615697">
        <ele>141.3</ele>
        <time>2026-04-18T13:51:41Z</time>
        <extensions>
          <speed>11.88</speed>
          <course>123.1</course>
        </extensions>
      </trkpt>
      <trkpt lat="48.5345752" lon="36.0615832">
        <ele>141.3</ele>
        <time>2026-04-18T13:51:41Z</time>
        <extensions>
          <speed>11.86</speed>
          <course>123.4</course>
        </extensions>
      </trkpt>
      <trkpt lat="48.5345693" lon="36.0615968">
        <ele>141.3</ele>
        <time>2026-04-18T13:51:41Z</time>
        <extensions>
          <speed>11.89</speed>
          <course>122.5</course>
        </extensions>
      </trkpt>
      <trkpt lat="48.5345635" lon="36.0616108">
        <ele>141.3</ele>
        <time>2026-04-18T13:51:41Z</time>
        <extensions>
          <speed>12.15</speed>
          <course>122.7</course>
        </extensions>
      </trkpt>
      <trkpt lat="48.5345575" lon="36.0616248">
        <ele>141.3</ele>
        <time>2026-04-18T13:51:41Z</time>
        <extensions>
          <speed>12.06</speed>
          <course>122.3</course>
        </extensions>
      </trkpt>
      <trkpt lat="48.5345518" lon="36.0616388">
        <ele>141.2</ele>
        <time>2026-04-18T13:51:41Z</time>
        <extensions>
          <speed>12.27</speed>
          <course>122.2</course>
        </extensions>
      </trkpt>
      <trkpt lat="48.5345457" lon="36.0616532">
        <ele>141.2</ele>
        <time>2026-04-18T13:51:41Z</time>
        <extensions>
          <speed>12.41</speed>
          <course>122.7</course>
        </extensions>
      </trkpt>
      <trkpt lat="48.5345398" lon="36.0616673">
        <ele>141.2</ele>
        <time>2026-04-18T13:51:42Z</time>
        <extensions>
          <speed>12.46</speed>
          <course>121.4</course>
        </extensions>
      </trkpt>
      <trkpt lat="48.5345338" lon="36.0616815">
        <ele>141.1</ele>
        <time>2026-04-18T13:51:42Z</time>
        <extensions>
          <speed>12.59</speed>
          <course>122.8</course>
        </extensions>
      </trkpt>
      <trkpt lat="48.5345277" lon="36.0616963">
        <ele>141.1</ele>
        <time>2026-04-18T13:51:42Z</time>
        <extensions>
          <speed>12.71</speed>
          <course>121.9</course>
        </extensions>
      </trkpt>
      <trkpt lat="48.5345215" lon="36.0617105">
        <ele>141.1</ele>
        <time>2026-04-18T13:51:42Z</time>
        <extensions>
          <speed>12.73</speed>
          <course>123.1</course>
        </extensions>
      </trkpt>
      <trkpt lat="48.5345153" lon="36.0617248">
        <ele>141.1</ele>
        <time>2026-04-18T13:51:42Z</time>
        <extensions>
          <speed>12.54</speed>
          <course>123.2</course>
        </extensions>
      </trkpt>
      <trkpt lat="48.5345088" lon="36.0617390">
        <ele>141.0</ele>
        <time>2026-04-18T13:51:42Z</time>
        <extensions>
          <speed>12.78</speed>
          <course>124.4</course>
        </extensions>
      </trkpt>
      <trkpt lat="48.5345023" lon="36.0617532">
        <ele>141.0</ele>
        <time>2026-04-18T13:51:42Z</time>
        <extensions>
          <speed>12.78</speed>
          <course>124.7</course>
        </extensions>
      </trkpt>
      <trkpt lat="48.5344957" lon="36.0617677">
        <ele>141.0</ele>
        <time>2026-04-18T13:51:42Z</time>
        <extensions>
          <speed>12.80</speed>
          <course>124.8</course>
        </extensions>
      </trkpt>
      <trkpt lat="48.5344890" lon="36.0617818">
        <ele>141.0</ele>
        <time>2026-04-18T13:51:42Z</time>
        <extensions>
          <speed>12.85</speed>
          <course>124.8</course>
        </extensions>
      </trkpt>
      <trkpt lat="48.5344823" lon="36.0617968">
        <ele>141.0</ele>
        <time>2026-04-18T13:51:42Z</time>
        <extensions>
          <speed>13.14</speed>
          <course>124.5</course>
        </extensions>
      </trkpt>
      <trkpt lat="48.5344753" lon="36.0618113">
        <ele>141.0</ele>
        <time>2026-04-18T13:51:43Z</time>
        <extensions>
          <speed>13.07</speed>
          <course>125.8</course>
        </extensions>
      </trkpt>
      <trkpt lat="48.5344685" lon="36.0618253">
        <ele>141.0</ele>
        <time>2026-04-18T13:51:43Z</time>
        <extensions>
          <speed>13.04</speed>
          <course>126.0</course>
        </extensions>
      </trkpt>
      <trkpt lat="48.5344618" lon="36.0618393">
        <ele>140.9</ele>
        <time>2026-04-18T13:51:43Z</time>
        <extensions>
          <speed>12.85</speed>
          <course>125.6</course>
        </extensions>
      </trkpt>
      <trkpt lat="48.5344552" lon="36.0618532">
        <ele>140.9</ele>
        <time>2026-04-18T13:51:43Z</time>
        <extensions>
          <speed>12.68</speed>
          <course>125.6</course>
        </extensions>
      </trkpt>
      <trkpt lat="48.5344485" lon="36.0618665">
        <ele>140.8</ele>
        <time>2026-04-18T13:51:43Z</time>
        <extensions>
          <speed>12.61</speed>
          <course>126.5</course>
        </extensions>
      </trkpt>
      <trkpt lat="48.5344418" lon="36.0618800">
        <ele>140.9</ele>
        <time>2026-04-18T13:51:43Z</time>
        <extensions>
          <speed>12.37</speed>
          <course>126.6</course>
        </extensions>
      </trkpt>
      <trkpt lat="48.5344353" lon="36.0618935">
        <ele>140.8</ele>
        <time>2026-04-18T13:51:43Z</time>
        <extensions>
          <speed>12.33</speed>
          <course>125.8</course>
        </extensions>
      </trkpt>
      <trkpt lat="48.5344290" lon="36.0619063">
        <ele>140.8</ele>
        <time>2026-04-18T13:51:43Z</time>
        <extensions>
          <speed>11.97</speed>
          <course>126.5</course>
        </extensions>
      </trkpt>
      <trkpt lat="48.5344222" lon="36.0619200">
        <ele>140.9</ele>
        <time>2026-04-18T13:51:43Z</time>
        <extensions>
          <speed>12.19</speed>
          <course>127.1</course>
        </extensions>
      </trkpt>
      <trkpt lat="48.5344158" lon="36.0619327">
        <ele>140.8</ele>
        <time>2026-04-18T13:51:43Z</time>
        <extensions>
          <speed>12.01</speed>
          <course>126.9</course>
        </extensions>
      </trkpt>
      <trkpt lat="48.5344095" lon="36.0619452">
        <ele>140.8</ele>
        <time>2026-04-18T13:51:44Z</time>
        <extensions>
          <speed>11.75</speed>
          <course>127.0</course>
        </extensions>
      </trkpt>
      <trkpt lat="48.5343968" lon="36.0619700">
        <ele>140.8</ele>
        <time>2026-04-18T13:51:44Z</time>
        <extensions>
          <speed>11.57</speed>
          <course>127.6</course>
        </extensions>
      </trkpt>
      <trkpt lat="48.5343908" lon="36.0619823">
        <ele>140.7</ele>
        <time>2026-04-18T13:51:44Z</time>
        <extensions>
          <speed>11.54</speed>
          <course>126.0</course>
        </extensions>
      </trkpt>
      <trkpt lat="48.5343847" lon="36.0619947">
        <ele>140.7</ele>
        <time>2026-04-18T13:51:44Z</time>
        <extensions>
          <speed>11.43</speed>
          <course>127.1</course>
        </extensions>
      </trkpt>
      <trkpt lat="48.5343785" lon="36.0620068">
        <ele>140.7</ele>
        <time>2026-04-18T13:51:44Z</time>
        <extensions>
          <speed>11.29</speed>
          <course>127.2</course>
        </extensions>
      </trkpt>
      <trkpt lat="48.5343725" lon="36.0620192">
        <ele>140.6</ele>
        <time>2026-04-18T13:51:44Z</time>
        <extensions>
          <speed>11.31</speed>
          <course>126.7</course>
        </extensions>
      </trkpt>
      <trkpt lat="48.5343665" lon="36.0620312">
        <ele>140.6</ele>
        <time>2026-04-18T13:51:44Z</time>
        <extensions>
          <speed>11.15</speed>
          <course>126.9</course>
        </extensions>
      </trkpt>
      <trkpt lat="48.5343608" lon="36.0620428">
        <ele>140.6</ele>
        <time>2026-04-18T13:51:44Z</time>
        <extensions>
          <speed>10.88</speed>
          <course>126.5</course>
        </extensions>
      </trkpt>
      <trkpt lat="48.5343547" lon="36.0620550">
        <ele>140.6</ele>
        <time>2026-04-18T13:51:44Z</time>
        <extensions>
          <speed>11.07</speed>
          <course>127.0</course>
        </extensions>
      </trkpt>
      <trkpt lat="48.5343492" lon="36.0620663">
        <ele>140.5</ele>
        <time>2026-04-18T13:51:45Z</time>
        <extensions>
          <speed>10.66</speed>
          <course>126.5</course>
        </extensions>
      </trkpt>
      <trkpt lat="48.5343375" lon="36.0620898">
        <ele>140.5</ele>
        <time>2026-04-18T13:51:45Z</time>
        <extensions>
          <speed>10.84</speed>
          <course>127.0</course>
        </extensions>
      </trkpt>
      <trkpt lat="48.5343317" lon="36.0621015">
        <ele>140.5</ele>
        <time>2026-04-18T13:51:45Z</time>
        <extensions>
          <speed>10.78</speed>
          <course>127.0</course>
        </extensions>
      </trkpt>
      <trkpt lat="48.5343258" lon="36.0621133">
        <ele>140.4</ele>
        <time>2026-04-18T13:51:45Z</time>
        <extensions>
          <speed>10.87</speed>
          <course>126.8</course>
        </extensions>
      </trkpt>
      <trkpt lat="48.5343198" lon="36.0621250">
        <ele>140.4</ele>
        <time>2026-04-18T13:51:45Z</time>
        <extensions>
          <speed>10.95</speed>
          <course>127.3</course>
        </extensions>
      </trkpt>
      <trkpt lat="48.5343140" lon="36.0621373">
        <ele>140.4</ele>
        <time>2026-04-18T13:51:45Z</time>
        <extensions>
          <speed>11.09</speed>
          <course>126.0</course>
        </extensions>
      </trkpt>
      <trkpt lat="48.5343082" lon="36.0621488">
        <ele>140.4</ele>
        <time>2026-04-18T13:51:45Z</time>
        <extensions>
          <speed>10.82</speed>
          <course>126.8</course>
        </extensions>
      </trkpt>
      <trkpt lat="48.5343023" lon="36.0621608">
        <ele>140.3</ele>
        <time>2026-04-18T13:51:45Z</time>
        <extensions>
          <speed>11.07</speed>
          <course>126.8</course>
        </extensions>
      </trkpt>
      <trkpt lat="48.5342962" lon="36.0621733">
        <ele>140.3</ele>
        <time>2026-04-18T13:51:45Z</time>
        <extensions>
          <speed>11.15</speed>
          <course>126.5</course>
        </extensions>
      </trkpt>
      <trkpt lat="48.5342903" lon="36.0621848">
        <ele>140.3</ele>
        <time>2026-04-18T13:51:46Z</time>
        <extensions>
          <speed>10.89</speed>
          <course>127.4</course>
        </extensions>
      </trkpt>
      <trkpt lat="48.5342783" lon="36.0622085">
        <ele>140.3</ele>
        <time>2026-04-18T13:51:46Z</time>
        <extensions>
          <speed>10.98</speed>
          <course>127.1</course>
        </extensions>
      </trkpt>
      <trkpt lat="48.5342722" lon="36.0622210">
        <ele>140.3</ele>
        <time>2026-04-18T13:51:46Z</time>
        <extensions>
          <speed>11.20</speed>
          <course>127.5</course>
        </extensions>
      </trkpt>
      <trkpt lat="48.5342662" lon="36.0622330">
        <ele>140.2</ele>
        <time>2026-04-18T13:51:46Z</time>
        <extensions>
          <speed>11.20</speed>
          <course>126.9</course>
        </extensions>
      </trkpt>
      <trkpt lat="48.5342603" lon="36.0622447">
        <ele>140.2</ele>
        <time>2026-04-18T13:51:46Z</time>
        <extensions>
          <speed>11.02</speed>
          <course>126.6</course>
        </extensions>
      </trkpt>
      <trkpt lat="48.5342542" lon="36.0622570">
        <ele>140.2</ele>
        <time>2026-04-18T13:51:46Z</time>
        <extensions>
          <speed>11.17</speed>
          <course>127.0</course>
        </extensions>
      </trkpt>
      <trkpt lat="48.5342480" lon="36.0622698">
        <ele>140.2</ele>
        <time>2026-04-18T13:51:46Z</time>
        <extensions>
          <speed>11.49</speed>
          <course>126.7</course>
        </extensions>
      </trkpt>
      <trkpt lat="48.5342418" lon="36.0622815">
        <ele>140.1</ele>
        <time>2026-04-18T13:51:46Z</time>
        <extensions>
          <speed>11.22</speed>
          <course>127.4</course>
        </extensions>
      </trkpt>
      <trkpt lat="48.5342358" lon="36.0622938">
        <ele>140.1</ele>
        <time>2026-04-18T13:51:46Z</time>
        <extensions>
          <speed>11.23</speed>
          <course>126.6</course>
        </extensions>
      </trkpt>
      <trkpt lat="48.5342295" lon="36.0623062">
        <ele>140.1</ele>
        <time>2026-04-18T13:51:47Z</time>
        <extensions>
          <speed>11.63</speed>
          <course>127.5</course>
        </extensions>
      </trkpt>
      <trkpt lat="48.5342168" lon="36.0623317">
        <ele>140.1</ele>
        <time>2026-04-18T13:51:47Z</time>
        <extensions>
          <speed>11.73</speed>
          <course>127.0</course>
        </extensions>
      </trkpt>
      <trkpt lat="48.5342105" lon="36.0623440">
        <ele>140.0</ele>
        <time>2026-04-18T13:51:47Z</time>
        <extensions>
          <speed>11.54</speed>
          <course>127.3</course>
        </extensions>
      </trkpt>
      <trkpt lat="48.5342042" lon="36.0623562">
        <ele>140.0</ele>
        <time>2026-04-18T13:51:47Z</time>
        <extensions>
          <speed>11.63</speed>
          <course>127.6</course>
        </extensions>
      </trkpt>
      <trkpt lat="48.5341977" lon="36.0623690">
        <ele>140.0</ele>
        <time>2026-04-18T13:51:47Z</time>
        <extensions>
          <speed>11.67</speed>
          <course>127.8</course>
        </extensions>
      </trkpt>
      <trkpt lat="48.5341912" lon="36.0623815">
        <ele>140.0</ele>
        <time>2026-04-18T13:51:47Z</time>
        <extensions>
          <speed>11.84</speed>
          <course>127.9</course>
        </extensions>
      </trkpt>
      <trkpt lat="48.5341848" lon="36.0623940">
        <ele>139.9</ele>
        <time>2026-04-18T13:51:47Z</time>
        <extensions>
          <speed>11.85</speed>
          <course>127.5</course>
        </extensions>
      </trkpt>
      <trkpt lat="48.5341783" lon="36.0624067">
        <ele>139.9</ele>
        <time>2026-04-18T13:51:47Z</time>
        <extensions>
          <speed>11.92</speed>
          <course>127.8</course>
        </extensions>
      </trkpt>
      <trkpt lat="48.5341717" lon="36.0624195">
        <ele>139.9</ele>
        <time>2026-04-18T13:51:47Z</time>
        <extensions>
          <speed>11.90</speed>
          <course>127.7</course>
        </extensions>
      </trkpt>
      <trkpt lat="48.5341650" lon="36.0624322">
        <ele>139.9</ele>
        <time>2026-04-18T13:51:48Z</time>
        <extensions>
          <speed>11.90</speed>
          <course>128.0</course>
        </extensions>
      </trkpt>
      <trkpt lat="48.5341517" lon="36.0624577">
        <ele>139.8</ele>
        <time>2026-04-18T13:51:48Z</time>
        <extensions>
          <speed>12.08</speed>
          <course>128.3</course>
        </extensions>
      </trkpt>
      <trkpt lat="48.5341452" lon="36.0624703">
        <ele>139.8</ele>
        <time>2026-04-18T13:51:48Z</time>
        <extensions>
          <speed>12.03</speed>
          <course>128.2</course>
        </extensions>
      </trkpt>
      <trkpt lat="48.5341380" lon="36.0624835">
        <ele>139.8</ele>
        <time>2026-04-18T13:51:48Z</time>
        <extensions>
          <speed>12.22</speed>
          <course>129.1</course>
        </extensions>
      </trkpt>
      <trkpt lat="48.5341312" lon="36.0624963">
        <ele>139.8</ele>
        <time>2026-04-18T13:51:48Z</time>
        <extensions>
          <speed>12.18</speed>
          <course>128.9</course>
        </extensions>
      </trkpt>
      <trkpt lat="48.5341242" lon="36.0625092">
        <ele>139.8</ele>
        <time>2026-04-18T13:51:48Z</time>
        <extensions>
          <speed>12.29</speed>
          <course>129.5</course>
        </extensions>
      </trkpt>
      <trkpt lat="48.5341172" lon="36.0625220">
        <ele>139.7</ele>
        <time>2026-04-18T13:51:48Z</time>
        <extensions>
          <speed>12.38</speed>
          <course>129.3</course>
        </extensions>
      </trkpt>
      <trkpt lat="48.5341102" lon="36.0625350">
        <ele>139.7</ele>
        <time>2026-04-18T13:51:48Z</time>
        <extensions>
          <speed>12.49</speed>
          <course>129.3</course>
        </extensions>
      </trkpt>
      <trkpt lat="48.5341032" lon="36.0625477">
        <ele>139.7</ele>
        <time>2026-04-18T13:51:48Z</time>
        <extensions>
          <speed>12.31</speed>
          <course>129.2</course>
        </extensions>
      </trkpt>
      <trkpt lat="48.5340960" lon="36.0625608">
        <ele>139.7</ele>
        <time>2026-04-18T13:51:49Z</time>
        <extensions>
          <speed>12.44</speed>
          <course>129.5</course>
        </extensions>
      </trkpt>
      <trkpt lat="48.5340817" lon="36.0625873">
        <ele>139.6</ele>
        <time>2026-04-18T13:51:49Z</time>
        <extensions>
          <speed>12.69</speed>
          <course>129.2</course>
        </extensions>
      </trkpt>
      <trkpt lat="48.5340745" lon="36.0626003">
        <ele>139.6</ele>
        <time>2026-04-18T13:51:49Z</time>
        <extensions>
          <speed>12.65</speed>
          <course>129.1</course>
        </extensions>
      </trkpt>
      <trkpt lat="48.5340673" lon="36.0626135">
        <ele>139.6</ele>
        <time>2026-04-18T13:51:49Z</time>
        <extensions>
          <speed>12.56</speed>
          <course>129.4</course>
        </extensions>
      </trkpt>
      <trkpt lat="48.5340603" lon="36.0626270">
        <ele>139.5</ele>
        <time>2026-04-18T13:51:49Z</time>
        <extensions>
          <speed>12.76</speed>
          <course>128.7</course>
        </extensions>
      </trkpt>
      <trkpt lat="48.5340532" lon="36.0626405">
        <ele>139.5</ele>
        <time>2026-04-18T13:51:49Z</time>
        <extensions>
          <speed>12.74</speed>
          <course>128.5</course>
        </extensions>
      </trkpt>
      <trkpt lat="48.5340460" lon="36.0626540">
        <ele>139.5</ele>
        <time>2026-04-18T13:51:49Z</time>
        <extensions>
          <speed>12.74</speed>
          <course>128.6</course>
        </extensions>
      </trkpt>
      <trkpt lat="48.5340390" lon="36.0626675">
        <ele>139.5</ele>
        <time>2026-04-18T13:51:49Z</time>
        <extensions>
          <speed>12.79</speed>
          <course>128.0</course>
        </extensions>
      </trkpt>
      <trkpt lat="48.5340318" lon="36.0626813">
        <ele>139.5</ele>
        <time>2026-04-18T13:51:49Z</time>
        <extensions>
          <speed>12.84</speed>
          <course>127.8</course>
        </extensions>
      </trkpt>
      <trkpt lat="48.5340248" lon="36.0626955">
        <ele>139.5</ele>
        <time>2026-04-18T13:51:50Z</time>
        <extensions>
          <speed>12.98</speed>
          <course>126.9</course>
        </extensions>
      </trkpt>
      <trkpt lat="48.5340108" lon="36.0627240">
        <ele>139.4</ele>
        <time>2026-04-18T13:51:50Z</time>
        <extensions>
          <speed>13.07</speed>
          <course>126.3</course>
        </extensions>
      </trkpt>
      <trkpt lat="48.5340038" lon="36.0627383">
        <ele>139.4</ele>
        <time>2026-04-18T13:51:50Z</time>
        <extensions>
          <speed>13.18</speed>
          <course>126.5</course>
        </extensions>
      </trkpt>
      <trkpt lat="48.5339968" lon="36.0627528">
        <ele>139.4</ele>
        <time>2026-04-18T13:51:50Z</time>
        <extensions>
          <speed>13.24</speed>
          <course>126.3</course>
        </extensions>
      </trkpt>
      <trkpt lat="48.5339900" lon="36.0627675">
        <ele>139.4</ele>
        <time>2026-04-18T13:51:50Z</time>
        <extensions>
          <speed>13.29</speed>
          <course>125.4</course>
        </extensions>
      </trkpt>
      <trkpt lat="48.5339830" lon="36.0627818">
        <ele>139.4</ele>
        <time>2026-04-18T13:51:50Z</time>
        <extensions>
          <speed>13.17</speed>
          <course>126.0</course>
        </extensions>
      </trkpt>
      <trkpt lat="48.5339758" lon="36.0627965">
        <ele>139.3</ele>
        <time>2026-04-18T13:51:50Z</time>
        <extensions>
          <speed>13.40</speed>
          <course>126.1</course>
        </extensions>
      </trkpt>
      <trkpt lat="48.5339690" lon="36.0628110">
        <ele>139.3</ele>
        <time>2026-04-18T13:51:50Z</time>
        <extensions>
          <speed>13.24</speed>
          <course>125.5</course>
        </extensions>
      </trkpt>
      <trkpt lat="48.5339620" lon="36.0628260">
        <ele>139.3</ele>
        <time>2026-04-18T13:51:50Z</time>
        <extensions>
          <speed>13.53</speed>
          <course>125.6</course>
        </extensions>
      </trkpt>
      <trkpt lat="48.5339548" lon="36.0628408">
        <ele>139.3</ele>
        <time>2026-04-18T13:51:51Z</time>
        <extensions>
          <speed>13.53</speed>
          <course>125.7</course>
        </extensions>
      </trkpt>
      <trkpt lat="48.5339405" lon="36.0628708">
        <ele>139.2</ele>
        <time>2026-04-18T13:51:51Z</time>
        <extensions>
          <speed>13.68</speed>
          <course>126.2</course>
        </extensions>
      </trkpt>
      <trkpt lat="48.5339333" lon="36.0628857">
        <ele>139.2</ele>
        <time>2026-04-18T13:51:51Z</time>
        <extensions>
          <speed>13.65</speed>
          <course>126.0</course>
        </extensions>
      </trkpt>
      <trkpt lat="48.5339260" lon="36.0629010">
        <ele>139.2</ele>
        <time>2026-04-18T13:51:51Z</time>
        <extensions>
          <speed>13.76</speed>
          <course>125.7</course>
        </extensions>
      </trkpt>
      <trkpt lat="48.5339187" lon="36.0629157">
        <ele>139.1</ele>
        <time>2026-04-18T13:51:51Z</time>
        <extensions>
          <speed>13.76</speed>
          <course>126.7</course>
        </extensions>
      </trkpt>
      <trkpt lat="48.5339113" lon="36.0629308">
        <ele>139.1</ele>
        <time>2026-04-18T13:51:51Z</time>
        <extensions>
          <speed>13.82</speed>
          <course>126.0</course>
        </extensions>
      </trkpt>
      <trkpt lat="48.5339038" lon="36.0629462">
        <ele>139.1</ele>
        <time>2026-04-18T13:51:51Z</time>
        <extensions>
          <speed>13.85</speed>
          <course>126.4</course>
        </extensions>
      </trkpt>
      <trkpt lat="48.5338965" lon="36.0629613">
        <ele>139.1</ele>
        <time>2026-04-18T13:51:51Z</time>
        <extensions>
          <speed>14.04</speed>
          <course>126.4</course>
        </extensions>
      </trkpt>
      <trkpt lat="48.5338890" lon="36.0629765">
        <ele>139.0</ele>
        <time>2026-04-18T13:51:51Z</time>
        <extensions>
          <speed>14.16</speed>
          <course>126.1</course>
        </extensions>
      </trkpt>
      <trkpt lat="48.5338815" lon="36.0629918">
        <ele>138.9</ele>
        <time>2026-04-18T13:51:52Z</time>
        <extensions>
          <speed>14.18</speed>
          <course>126.4</course>
        </extensions>
      </trkpt>
      <trkpt lat="48.5338663" lon="36.0630230">
        <ele>138.9</ele>
        <time>2026-04-18T13:51:52Z</time>
        <extensions>
          <speed>14.27</speed>
          <course>126.3</course>
        </extensions>
      </trkpt>
      <trkpt lat="48.5338590" lon="36.0630380">
        <ele>138.8</ele>
        <time>2026-04-18T13:51:52Z</time>
        <extensions>
          <speed>14.06</speed>
          <course>125.9</course>
        </extensions>
      </trkpt>
      <trkpt lat="48.5338512" lon="36.0630533">
        <ele>138.8</ele>
        <time>2026-04-18T13:51:52Z</time>
        <extensions>
          <speed>14.23</speed>
          <course>127.6</course>
        </extensions>
      </trkpt>
      <trkpt lat="48.5338437" lon="36.0630683">
        <ele>138.8</ele>
        <time>2026-04-18T13:51:52Z</time>
        <extensions>
          <speed>14.08</speed>
          <course>126.8</course>
        </extensions>
      </trkpt>
      <trkpt lat="48.5338358" lon="36.0630838">
        <ele>138.8</ele>
        <time>2026-04-18T13:51:52Z</time>
        <extensions>
          <speed>14.15</speed>
          <course>127.1</course>
        </extensions>
      </trkpt>
      <trkpt lat="48.5338280" lon="36.0630990">
        <ele>138.7</ele>
        <time>2026-04-18T13:51:52Z</time>
        <extensions>
          <speed>14.30</speed>
          <course>127.4</course>
        </extensions>
      </trkpt>
      <trkpt lat="48.5338202" lon="36.0631147">
        <ele>138.7</ele>
        <time>2026-04-18T13:51:52Z</time>
        <extensions>
          <speed>14.49</speed>
          <course>127.3</course>
        </extensions>
      </trkpt>
      <trkpt lat="48.5338125" lon="36.0631292">
        <ele>138.6</ele>
        <time>2026-04-18T13:51:52Z</time>
        <extensions>
          <speed>14.08</speed>
          <course>128.0</course>
        </extensions>
      </trkpt>
      <trkpt lat="48.5338048" lon="36.0631440">
        <ele>138.6</ele>
        <time>2026-04-18T13:51:53Z</time>
        <extensions>
          <speed>14.02</speed>
          <course>127.9</course>
        </extensions>
      </trkpt>
      <trkpt lat="48.5337893" lon="36.0631738">
        <ele>138.5</ele>
        <time>2026-04-18T13:51:53Z</time>
        <extensions>
          <speed>13.96</speed>
          <course>127.7</course>
        </extensions>
      </trkpt>
      <trkpt lat="48.5337823" lon="36.0631880">
        <ele>138.5</ele>
        <time>2026-04-18T13:51:53Z</time>
        <extensions>
          <speed>13.36</speed>
          <course>127.2</course>
        </extensions>
      </trkpt>
      <trkpt lat="48.5337747" lon="36.0632025">
        <ele>138.4</ele>
        <time>2026-04-18T13:51:53Z</time>
        <extensions>
          <speed>13.49</speed>
          <course>128.2</course>
        </extensions>
      </trkpt>
      <trkpt lat="48.5337670" lon="36.0632165">
        <ele>138.4</ele>
        <time>2026-04-18T13:51:53Z</time>
        <extensions>
          <speed>13.45</speed>
          <course>128.6</course>
        </extensions>
      </trkpt>
      <trkpt lat="48.5337598" lon="36.0632305">
        <ele>138.3</ele>
        <time>2026-04-18T13:51:53Z</time>
        <extensions>
          <speed>13.27</speed>
          <course>127.8</course>
        </extensions>
      </trkpt>
      <trkpt lat="48.5337523" lon="36.0632448">
        <ele>138.3</ele>
        <time>2026-04-18T13:51:53Z</time>
        <extensions>
          <speed>13.24</speed>
          <course>128.3</course>
        </extensions>
      </trkpt>
      <trkpt lat="48.5337453" lon="36.0632583">
        <ele>138.3</ele>
        <time>2026-04-18T13:51:53Z</time>
        <extensions>
          <speed>12.90</speed>
          <course>128.1</course>
        </extensions>
      </trkpt>
      <trkpt lat="48.5337383" lon="36.0632717">
        <ele>138.2</ele>
        <time>2026-04-18T13:51:53Z</time>
        <extensions>
          <speed>12.84</speed>
          <course>128.2</course>
        </extensions>
      </trkpt>
      <trkpt lat="48.5337312" lon="36.0632853">
        <ele>138.2</ele>
        <time>2026-04-18T13:51:54Z</time>
        <extensions>
          <speed>12.79</speed>
          <course>128.4</course>
        </extensions>
      </trkpt>
      <trkpt lat="48.5337240" lon="36.0632988">
        <ele>138.2</ele>
        <time>2026-04-18T13:51:54Z</time>
        <extensions>
          <speed>12.74</speed>
          <course>128.3</course>
        </extensions>
      </trkpt>
      <trkpt lat="48.5337173" lon="36.0633118">
        <ele>138.1</ele>
        <time>2026-04-18T13:51:54Z</time>
        <extensions>
          <speed>12.42</speed>
          <course>127.7</course>
        </extensions>
      </trkpt>
      <trkpt lat="48.5337107" lon="36.0633250">
        <ele>138.0</ele>
        <time>2026-04-18T13:51:54Z</time>
        <extensions>
          <speed>12.47</speed>
          <course>127.4</course>
        </extensions>
      </trkpt>
      <trkpt lat="48.5337040" lon="36.0633380">
        <ele>138.0</ele>
        <time>2026-04-18T13:51:54Z</time>
        <extensions>
          <speed>12.23</speed>
          <course>127.7</course>
        </extensions>
      </trkpt>
      <trkpt lat="48.5336972" lon="36.0633507">
        <ele>138.0</ele>
        <time>2026-04-18T13:51:54Z</time>
        <extensions>
          <speed>12.13</speed>
          <course>128.5</course>
        </extensions>
      </trkpt>
      <trkpt lat="48.5336907" lon="36.0633642">
        <ele>137.9</ele>
        <time>2026-04-18T13:51:54Z</time>
        <extensions>
          <speed>12.16</speed>
          <course>126.8</course>
        </extensions>
      </trkpt>
      <trkpt lat="48.5336842" lon="36.0633770">
        <ele>137.9</ele>
        <time>2026-04-18T13:51:54Z</time>
        <extensions>
          <speed>12.05</speed>
          <course>127.5</course>
        </extensions>
      </trkpt>
      <trkpt lat="48.5336778" lon="36.0633897">
        <ele>137.8</ele>
        <time>2026-04-18T13:51:54Z</time>
        <extensions>
          <speed>11.76</speed>
          <course>127.3</course>
        </extensions>
      </trkpt>
      <trkpt lat="48.5336710" lon="36.0634028">
        <ele>137.9</ele>
        <time>2026-04-18T13:51:54Z</time>
        <extensions>
          <speed>12.03</speed>
          <course>127.9</course>
        </extensions>
      </trkpt>
      <trkpt lat="48.5336647" lon="36.0634158">
        <ele>137.8</ele>
        <time>2026-04-18T13:51:55Z</time>
        <extensions>
          <speed>11.82</speed>
          <course>126.6</course>
        </extensions>
      </trkpt>
      <trkpt lat="48.5336583" lon="36.0634288">
        <ele>137.8</ele>
        <time>2026-04-18T13:51:55Z</time>
        <extensions>
          <speed>11.93</speed>
          <course>126.8</course>
        </extensions>
      </trkpt>
      <trkpt lat="48.5336520" lon="36.0634417">
        <ele>137.8</ele>
        <time>2026-04-18T13:51:55Z</time>
        <extensions>
          <speed>11.62</speed>
          <course>126.6</course>
        </extensions>
      </trkpt>
      <trkpt lat="48.5336462" lon="36.0634543">
        <ele>137.7</ele>
        <time>2026-04-18T13:51:55Z</time>
        <extensions>
          <speed>11.66</speed>
          <course>125.5</course>
        </extensions>
      </trkpt>
      <trkpt lat="48.5336395" lon="36.0634673">
        <ele>137.7</ele>
        <time>2026-04-18T13:51:55Z</time>
        <extensions>
          <speed>11.87</speed>
          <course>126.9</course>
        </extensions>
      </trkpt>
      <trkpt lat="48.5336333" lon="36.0634805">
        <ele>137.7</ele>
        <time>2026-04-18T13:51:55Z</time>
        <extensions>
          <speed>11.69</speed>
          <course>126.2</course>
        </extensions>
      </trkpt>
      <trkpt lat="48.5336273" lon="36.0634927">
        <ele>137.6</ele>
        <time>2026-04-18T13:51:55Z</time>
        <extensions>
          <speed>11.68</speed>
          <course>126.3</course>
        </extensions>
      </trkpt>
      <trkpt lat="48.5336213" lon="36.0635050">
        <ele>137.5</ele>
        <time>2026-04-18T13:51:55Z</time>
        <extensions>
          <speed>11.60</speed>
          <course>126.4</course>
        </extensions>
      </trkpt>
      <trkpt lat="48.5336150" lon="36.0635182">
        <ele>137.5</ele>
        <time>2026-04-18T13:51:55Z</time>
        <extensions>
          <speed>11.63</speed>
          <course>126.2</course>
        </extensions>
      </trkpt>
      <trkpt lat="48.5336088" lon="36.0635313">
        <ele>137.5</ele>
        <time>2026-04-18T13:51:55Z</time>
        <extensions>
          <speed>11.99</speed>
          <course>125.9</course>
        </extensions>
      </trkpt>
      <trkpt lat="48.5336028" lon="36.0635447">
        <ele>137.4</ele>
        <time>2026-04-18T13:51:56Z</time>
        <extensions>
          <speed>11.81</speed>
          <course>124.5</course>
        </extensions>
      </trkpt>
      <trkpt lat="48.5335967" lon="36.0635568">
        <ele>137.4</ele>
        <time>2026-04-18T13:51:56Z</time>
        <extensions>
          <speed>11.56</speed>
          <course>126.4</course>
        </extensions>
      </trkpt>
      <trkpt lat="48.5335902" lon="36.0635708">
        <ele>137.4</ele>
        <time>2026-04-18T13:51:56Z</time>
        <extensions>
          <speed>12.05</speed>
          <course>125.7</course>
        </extensions>
      </trkpt>
      <trkpt lat="48.5335842" lon="36.0635837">
        <ele>137.4</ele>
        <time>2026-04-18T13:51:56Z</time>
        <extensions>
          <speed>11.67</speed>
          <course>125.8</course>
        </extensions>
      </trkpt>
      <trkpt lat="48.5335782" lon="36.0635962">
        <ele>137.3</ele>
        <time>2026-04-18T13:51:56Z</time>
        <extensions>
          <speed>11.47</speed>
          <course>125.6</course>
        </extensions>
      </trkpt>
      <trkpt lat="48.5335718" lon="36.0636098">
        <ele>137.3</ele>
        <time>2026-04-18T13:51:56Z</time>
        <extensions>
          <speed>11.82</speed>
          <course>125.8</course>
        </extensions>
      </trkpt>
      <trkpt lat="48.5335660" lon="36.0636225">
        <ele>137.3</ele>
        <time>2026-04-18T13:51:56Z</time>
        <extensions>
          <speed>11.47</speed>
          <course>125.1</course>
        </extensions>
      </trkpt>
      <trkpt lat="48.5335598" lon="36.0636353">
        <ele>137.3</ele>
        <time>2026-04-18T13:51:56Z</time>
        <extensions>
          <speed>11.79</speed>
          <course>125.4</course>
        </extensions>
      </trkpt>
      <trkpt lat="48.5335537" lon="36.0636488">
        <ele>137.3</ele>
        <time>2026-04-18T13:51:56Z</time>
        <extensions>
          <speed>11.86</speed>
          <course>125.4</course>
        </extensions>
      </trkpt>
      <trkpt lat="48.5335478" lon="36.0636613">
        <ele>137.2</ele>
        <time>2026-04-18T13:51:56Z</time>
        <extensions>
          <speed>11.64</speed>
          <course>125.0</course>
        </extensions>
      </trkpt>
      <trkpt lat="48.5335415" lon="36.0636745">
        <ele>137.2</ele>
        <time>2026-04-18T13:51:57Z</time>
        <extensions>
          <speed>11.73</speed>
          <course>125.8</course>
        </extensions>
      </trkpt>
      <trkpt lat="48.5335355" lon="36.0636873">
        <ele>137.1</ele>
        <time>2026-04-18T13:51:57Z</time>
        <extensions>
          <speed>11.75</speed>
          <course>125.4</course>
        </extensions>
      </trkpt>
      <trkpt lat="48.5335293" lon="36.0637003">
        <ele>137.1</ele>
        <time>2026-04-18T13:51:57Z</time>
        <extensions>
          <speed>11.70</speed>
          <course>125.4</course>
        </extensions>
      </trkpt>
      <trkpt lat="48.5335232" lon="36.0637135">
        <ele>137.1</ele>
        <time>2026-04-18T13:51:57Z</time>
        <extensions>
          <speed>11.74</speed>
          <course>125.4</course>
        </extensions>
      </trkpt>
      <trkpt lat="48.5335173" lon="36.0637258">
        <ele>137.0</ele>
        <time>2026-04-18T13:51:57Z</time>
        <extensions>
          <speed>11.62</speed>
          <course>125.6</course>
        </extensions>
      </trkpt>
      <trkpt lat="48.5335112" lon="36.0637390">
        <ele>137.0</ele>
        <time>2026-04-18T13:51:57Z</time>
        <extensions>
          <speed>11.71</speed>
          <course>125.3</course>
        </extensions>
      </trkpt>
      <trkpt lat="48.5335047" lon="36.0637525">
        <ele>137.0</ele>
        <time>2026-04-18T13:51:57Z</time>
        <extensions>
          <speed>11.98</speed>
          <course>125.9</course>
        </extensions>
      </trkpt>
      <trkpt lat="48.5334987" lon="36.0637653">
        <ele>136.9</ele>
        <time>2026-04-18T13:51:57Z</time>
        <extensions>
          <speed>11.84</speed>
          <course>125.4</course>
        </extensions>
      </trkpt>
      <trkpt lat="48.5334927" lon="36.0637788">
        <ele>136.9</ele>
        <time>2026-04-18T13:51:57Z</time>
        <extensions>
          <speed>11.83</speed>
          <course>124.4</course>
        </extensions>
      </trkpt>
      <trkpt lat="48.5334868" lon="36.0637913">
        <ele>136.8</ele>
        <time>2026-04-18T13:51:57Z</time>
        <extensions>
          <speed>11.55</speed>
          <course>124.4</course>
        </extensions>
      </trkpt>
      <trkpt lat="48.5334803" lon="36.0638055">
        <ele>136.9</ele>
        <time>2026-04-18T13:51:58Z</time>
        <extensions>
          <speed>12.24</speed>
          <course>125.3</course>
        </extensions>
      </trkpt>
      <trkpt lat="48.5334745" lon="36.0638185">
        <ele>136.8</ele>
        <time>2026-04-18T13:51:58Z</time>
        <extensions>
          <speed>11.85</speed>
          <course>124.2</course>
        </extensions>
      </trkpt>
      <trkpt lat="48.5334683" lon="36.0638320">
        <ele>136.8</ele>
        <time>2026-04-18T13:51:58Z</time>
        <extensions>
          <speed>11.96</speed>
          <course>124.1</course>
        </extensions>
      </trkpt>
      <trkpt lat="48.5334623" lon="36.0638458">
        <ele>136.7</ele>
        <time>2026-04-18T13:51:58Z</time>
        <extensions>
          <speed>12.12</speed>
          <course>123.8</course>
        </extensions>
      </trkpt>
      <trkpt lat="48.5334562" lon="36.0638590">
        <ele>136.7</ele>
        <time>2026-04-18T13:51:58Z</time>
        <extensions>
          <speed>12.04</speed>
          <course>124.5</course>
        </extensions>
      </trkpt>
      <trkpt lat="48.5334502" lon="36.0638730">
        <ele>136.7</ele>
        <time>2026-04-18T13:51:58Z</time>
        <extensions>
          <speed>12.21</speed>
          <course>123.6</course>
        </extensions>
      </trkpt>
      <trkpt lat="48.5334440" lon="36.0638867">
        <ele>136.7</ele>
        <time>2026-04-18T13:51:58Z</time>
        <extensions>
          <speed>12.10</speed>
          <course>123.8</course>
        </extensions>
      </trkpt>
      <trkpt lat="48.5334380" lon="36.0639002">
        <ele>136.6</ele>
        <time>2026-04-18T13:51:58Z</time>
        <extensions>
          <speed>12.34</speed>
          <course>124.2</course>
        </extensions>
      </trkpt>
      <trkpt lat="48.5334318" lon="36.0639137">
        <ele>136.5</ele>
        <time>2026-04-18T13:51:58Z</time>
        <extensions>
          <speed>12.32</speed>
          <course>124.4</course>
        </extensions>
      </trkpt>
      <trkpt lat="48.5334257" lon="36.0639280">
        <ele>136.5</ele>
        <time>2026-04-18T13:51:58Z</time>
        <extensions>
          <speed>12.44</speed>
          <course>123.0</course>
        </extensions>
      </trkpt>
      <trkpt lat="48.5334193" lon="36.0639415">
        <ele>136.4</ele>
        <time>2026-04-18T13:51:59Z</time>
        <extensions>
          <speed>12.42</speed>
          <course>124.4</course>
        </extensions>
      </trkpt>
      <trkpt lat="48.5334073" lon="36.0639703">
        <ele>136.4</ele>
        <time>2026-04-18T13:51:59Z</time>
        <extensions>
          <speed>12.52</speed>
          <course>122.0</course>
        </extensions>
      </trkpt>
      <trkpt lat="48.5334012" lon="36.0639840">
        <ele>136.4</ele>
        <time>2026-04-18T13:51:59Z</time>
        <extensions>
          <speed>12.37</speed>
          <course>123.4</course>
        </extensions>
      </trkpt>
      <trkpt lat="48.5333953" lon="36.0639975">
        <ele>136.4</ele>
        <time>2026-04-18T13:51:59Z</time>
        <extensions>
          <speed>12.14</speed>
          <course>122.5</course>
        </extensions>
      </trkpt>
      <trkpt lat="48.5333890" lon="36.0640117">
        <ele>136.3</ele>
        <time>2026-04-18T13:51:59Z</time>
        <extensions>
          <speed>12.59</speed>
          <course>124.0</course>
        </extensions>
      </trkpt>
      <trkpt lat="48.5333823" lon="36.0640257">
        <ele>136.3</ele>
        <time>2026-04-18T13:51:59Z</time>
        <extensions>
          <speed>12.50</speed>
          <course>124.9</course>
        </extensions>
      </trkpt>
      <trkpt lat="48.5333762" lon="36.0640390">
        <ele>136.2</ele>
        <time>2026-04-18T13:51:59Z</time>
        <extensions>
          <speed>12.25</speed>
          <course>124.9</course>
        </extensions>
      </trkpt>
      <trkpt lat="48.5333692" lon="36.0640527">
        <ele>136.3</ele>
        <time>2026-04-18T13:51:59Z</time>
        <extensions>
          <speed>12.56</speed>
          <course>127.0</course>
        </extensions>
      </trkpt>
      <trkpt lat="48.5333628" lon="36.0640662">
        <ele>136.2</ele>
        <time>2026-04-18T13:51:59Z</time>
        <extensions>
          <speed>12.18</speed>
          <course>125.5</course>
        </extensions>
      </trkpt>
      <trkpt lat="48.5333558" lon="36.0640800">
        <ele>136.2</ele>
        <time>2026-04-18T13:52:00Z</time>
        <extensions>
          <speed>12.65</speed>
          <course>126.7</course>
        </extensions>
      </trkpt>
      <trkpt lat="48.5333422" lon="36.0641070">
        <ele>136.2</ele>
        <time>2026-04-18T13:52:00Z</time>
        <extensions>
          <speed>12.42</speed>
          <course>127.5</course>
        </extensions>
      </trkpt>
      <trkpt lat="48.5333355" lon="36.0641207">
        <ele>136.2</ele>
        <time>2026-04-18T13:52:00Z</time>
        <extensions>
          <speed>12.45</speed>
          <course>126.8</course>
        </extensions>
      </trkpt>
      <trkpt lat="48.5333287" lon="36.0641340">
        <ele>136.2</ele>
        <time>2026-04-18T13:52:00Z</time>
        <extensions>
          <speed>12.48</speed>
          <course>126.9</course>
        </extensions>
      </trkpt>
      <trkpt lat="48.5333215" lon="36.0641480">
        <ele>136.3</ele>
        <time>2026-04-18T13:52:00Z</time>
        <extensions>
          <speed>12.47</speed>
          <course>127.3</course>
        </extensions>
      </trkpt>
      <trkpt lat="48.5333152" lon="36.0641608">
        <ele>136.1</ele>
        <time>2026-04-18T13:52:00Z</time>
        <extensions>
          <speed>12.52</speed>
          <course>127.0</course>
        </extensions>
      </trkpt>
      <trkpt lat="48.5333082" lon="36.0641743">
        <ele>136.1</ele>
        <time>2026-04-18T13:52:00Z</time>
        <extensions>
          <speed>12.66</speed>
          <course>127.7</course>
        </extensions>
      </trkpt>
      <trkpt lat="48.5333015" lon="36.0641875">
        <ele>136.0</ele>
        <time>2026-04-18T13:52:00Z</time>
        <extensions>
          <speed>12.61</speed>
          <course>127.3</course>
        </extensions>
      </trkpt>
      <trkpt lat="48.5332950" lon="36.0642007">
        <ele>135.9</ele>
        <time>2026-04-18T13:52:00Z</time>
        <extensions>
          <speed>12.53</speed>
          <course>127.1</course>
        </extensions>
      </trkpt>
      <trkpt lat="48.5332883" lon="36.0642138">
        <ele>135.9</ele>
        <time>2026-04-18T13:52:01Z</time>
        <extensions>
          <speed>12.23</speed>
          <course>126.6</course>
        </extensions>
      </trkpt>
      <trkpt lat="48.5332753" lon="36.0642398">
        <ele>135.8</ele>
        <time>2026-04-18T13:52:01Z</time>
        <extensions>
          <speed>12.12</speed>
          <course>127.3</course>
        </extensions>
      </trkpt>
      <trkpt lat="48.5332687" lon="36.0642530">
        <ele>135.8</ele>
        <time>2026-04-18T13:52:01Z</time>
        <extensions>
          <speed>12.19</speed>
          <course>127.4</course>
        </extensions>
      </trkpt>
      <trkpt lat="48.5332625" lon="36.0642655">
        <ele>135.7</ele>
        <time>2026-04-18T13:52:01Z</time>
        <extensions>
          <speed>11.76</speed>
          <course>126.9</course>
        </extensions>
      </trkpt>
      <trkpt lat="48.5332560" lon="36.0642787">
        <ele>135.7</ele>
        <time>2026-04-18T13:52:01Z</time>
        <extensions>
          <speed>11.82</speed>
          <course>126.6</course>
        </extensions>
      </trkpt>
      <trkpt lat="48.5332498" lon="36.0642913">
        <ele>135.7</ele>
        <time>2026-04-18T13:52:01Z</time>
        <extensions>
          <speed>11.78</speed>
          <course>126.4</course>
        </extensions>
      </trkpt>
      <trkpt lat="48.5332435" lon="36.0643038">
        <ele>135.7</ele>
        <time>2026-04-18T13:52:01Z</time>
        <extensions>
          <speed>11.46</speed>
          <course>126.7</course>
        </extensions>
      </trkpt>
      <trkpt lat="48.5332373" lon="36.0643165">
        <ele>135.7</ele>
        <time>2026-04-18T13:52:01Z</time>
        <extensions>
          <speed>11.50</speed>
          <course>126.6</course>
        </extensions>
      </trkpt>
      <trkpt lat="48.5332312" lon="36.0643288">
        <ele>135.6</ele>
        <time>2026-04-18T13:52:01Z</time>
        <extensions>
          <speed>11.56</speed>
          <course>126.7</course>
        </extensions>
      </trkpt>
      <trkpt lat="48.5332252" lon="36.0643410">
        <ele>135.6</ele>
        <time>2026-04-18T13:52:02Z</time>
        <extensions>
          <speed>11.18</speed>
          <course>126.5</course>
        </extensions>
      </trkpt>
      <trkpt lat="48.5332132" lon="36.0643657">
        <ele>135.5</ele>
        <time>2026-04-18T13:52:02Z</time>
        <extensions>
          <speed>11.42</speed>
          <course>126.3</course>
        </extensions>
      </trkpt>
      <trkpt lat="48.5332068" lon="36.0643778">
        <ele>135.5</ele>
        <time>2026-04-18T13:52:02Z</time>
        <extensions>
          <speed>11.28</speed>
          <course>127.3</course>
        </extensions>
      </trkpt>
      <trkpt lat="48.5332008" lon="36.0643902">
        <ele>135.5</ele>
        <time>2026-04-18T13:52:02Z</time>
        <extensions>
          <speed>11.26</speed>
          <course>126.6</course>
        </extensions>
      </trkpt>
      <trkpt lat="48.5331947" lon="36.0644018">
        <ele>135.5</ele>
        <time>2026-04-18T13:52:02Z</time>
        <extensions>
          <speed>11.25</speed>
          <course>127.7</course>
        </extensions>
      </trkpt>
      <trkpt lat="48.5331883" lon="36.0644137">
        <ele>135.4</ele>
        <time>2026-04-18T13:52:02Z</time>
        <extensions>
          <speed>11.19</speed>
          <course>128.4</course>
        </extensions>
      </trkpt>
      <trkpt lat="48.5331825" lon="36.0644262">
        <ele>135.4</ele>
        <time>2026-04-18T13:52:02Z</time>
        <extensions>
          <speed>11.20</speed>
          <course>126.2</course>
        </extensions>
      </trkpt>
      <trkpt lat="48.5331763" lon="36.0644380">
        <ele>135.4</ele>
        <time>2026-04-18T13:52:02Z</time>
        <extensions>
          <speed>11.31</speed>
          <course>127.3</course>
        </extensions>
      </trkpt>
      <trkpt lat="48.5331702" lon="36.0644503">
        <ele>135.4</ele>
        <time>2026-04-18T13:52:02Z</time>
        <extensions>
          <speed>11.18</speed>
          <course>127.3</course>
        </extensions>
      </trkpt>
      <trkpt lat="48.5331642" lon="36.0644615">
        <ele>135.3</ele>
        <time>2026-04-18T13:52:03Z</time>
        <extensions>
          <speed>11.12</speed>
          <course>128.2</course>
        </extensions>
      </trkpt>
      <trkpt lat="48.5331578" lon="36.0644735">
        <ele>135.2</ele>
        <time>2026-04-18T13:52:03Z</time>
        <extensions>
          <speed>11.21</speed>
          <course>128.6</course>
        </extensions>
      </trkpt>
      <trkpt lat="48.5331515" lon="36.0644858">
        <ele>135.3</ele>
        <time>2026-04-18T13:52:03Z</time>
        <extensions>
          <speed>11.31</speed>
          <course>128.0</course>
        </extensions>
      </trkpt>
      <trkpt lat="48.5331452" lon="36.0644982">
        <ele>135.2</ele>
        <time>2026-04-18T13:52:03Z</time>
        <extensions>
          <speed>11.38</speed>
          <course>127.9</course>
        </extensions>
      </trkpt>
      <trkpt lat="48.5331390" lon="36.0645103">
        <ele>135.2</ele>
        <time>2026-04-18T13:52:03Z</time>
        <extensions>
          <speed>11.27</speed>
          <course>127.6</course>
        </extensions>
      </trkpt>
      <trkpt lat="48.5331327" lon="36.0645222">
        <ele>135.2</ele>
        <time>2026-04-18T13:52:03Z</time>
        <extensions>
          <speed>11.27</speed>
          <course>128.5</course>
        </extensions>
      </trkpt>
      <trkpt lat="48.5331262" lon="36.0645350">
        <ele>135.2</ele>
        <time>2026-04-18T13:52:03Z</time>
        <extensions>
          <speed>11.52</speed>
          <course>127.6</course>
        </extensions>
      </trkpt>
      <trkpt lat="48.5331200" lon="36.0645468">
        <ele>135.1</ele>
        <time>2026-04-18T13:52:03Z</time>
        <extensions>
          <speed>11.41</speed>
          <course>128.1</course>
        </extensions>
      </trkpt>
      <trkpt lat="48.5331140" lon="36.0645590">
        <ele>135.1</ele>
        <time>2026-04-18T13:52:03Z</time>
        <extensions>
          <speed>11.40</speed>
          <course>127.1</course>
        </extensions>
      </trkpt>
      <trkpt lat="48.5331077" lon="36.0645712">
        <ele>135.1</ele>
        <time>2026-04-18T13:52:03Z</time>
        <extensions>
          <speed>11.27</speed>
          <course>127.8</course>
        </extensions>
      </trkpt>
      <trkpt lat="48.5331013" lon="36.0645837">
        <ele>135.1</ele>
        <time>2026-04-18T13:52:04Z</time>
        <extensions>
          <speed>11.34</speed>
          <course>127.4</course>
        </extensions>
      </trkpt>
      <trkpt lat="48.5330953" lon="36.0645955">
        <ele>135.1</ele>
        <time>2026-04-18T13:52:04Z</time>
        <extensions>
          <speed>11.16</speed>
          <course>127.3</course>
        </extensions>
      </trkpt>
      <trkpt lat="48.5330890" lon="36.0646082">
        <ele>135.0</ele>
        <time>2026-04-18T13:52:04Z</time>
        <extensions>
          <speed>11.48</speed>
          <course>127.4</course>
        </extensions>
      </trkpt>
      <trkpt lat="48.5330830" lon="36.0646203">
        <ele>135.0</ele>
        <time>2026-04-18T13:52:04Z</time>
        <extensions>
          <speed>11.34</speed>
          <course>126.5</course>
        </extensions>
      </trkpt>
      <trkpt lat="48.5330767" lon="36.0646328">
        <ele>135.0</ele>
        <time>2026-04-18T13:52:04Z</time>
        <extensions>
          <speed>11.32</speed>
          <course>127.3</course>
        </extensions>
      </trkpt>
      <trkpt lat="48.5330708" lon="36.0646448">
        <ele>134.9</ele>
        <time>2026-04-18T13:52:04Z</time>
        <extensions>
          <speed>11.42</speed>
          <course>126.5</course>
        </extensions>
      </trkpt>
      <trkpt lat="48.5330650" lon="36.0646568">
        <ele>134.9</ele>
        <time>2026-04-18T13:52:04Z</time>
        <extensions>
          <speed>11.21</speed>
          <course>126.9</course>
        </extensions>
      </trkpt>
      <trkpt lat="48.5330585" lon="36.0646695">
        <ele>134.9</ele>
        <time>2026-04-18T13:52:04Z</time>
        <extensions>
          <speed>11.42</speed>
          <course>127.3</course>
        </extensions>
      </trkpt>
      <trkpt lat="48.5330525" lon="36.0646813">
        <ele>134.8</ele>
        <time>2026-04-18T13:52:04Z</time>
        <extensions>
          <speed>11.28</speed>
          <course>127.4</course>
        </extensions>
      </trkpt>
      <trkpt lat="48.5330462" lon="36.0646938">
        <ele>134.8</ele>
        <time>2026-04-18T13:52:04Z</time>
        <extensions>
          <speed>11.39</speed>
          <course>127.8</course>
        </extensions>
      </trkpt>
      <trkpt lat="48.5330403" lon="36.0647055">
        <ele>134.8</ele>
        <time>2026-04-18T13:52:05Z</time>
        <extensions>
          <speed>11.20</speed>
          <course>127.3</course>
        </extensions>
      </trkpt>
      <trkpt lat="48.5330337" lon="36.0647180">
        <ele>134.8</ele>
        <time>2026-04-18T13:52:05Z</time>
        <extensions>
          <speed>11.36</speed>
          <course>128.3</course>
        </extensions>
      </trkpt>
      <trkpt lat="48.5330275" lon="36.0647300">
        <ele>134.8</ele>
        <time>2026-04-18T13:52:05Z</time>
        <extensions>
          <speed>11.30</speed>
          <course>127.6</course>
        </extensions>
      </trkpt>
      <trkpt lat="48.5330213" lon="36.0647423">
        <ele>134.8</ele>
        <time>2026-04-18T13:52:05Z</time>
        <extensions>
          <speed>11.30</speed>
          <course>127.6</course>
        </extensions>
      </trkpt>
      <trkpt lat="48.5330150" lon="36.0647543">
        <ele>134.8</ele>
        <time>2026-04-18T13:52:05Z</time>
        <extensions>
          <speed>11.26</speed>
          <course>128.2</course>
        </extensions>
      </trkpt>
      <trkpt lat="48.5330087" lon="36.0647665">
        <ele>134.7</ele>
        <time>2026-04-18T13:52:05Z</time>
        <extensions>
          <speed>11.36</speed>
          <course>128.0</course>
        </extensions>
      </trkpt>
      <trkpt lat="48.5330023" lon="36.0647787">
        <ele>134.7</ele>
        <time>2026-04-18T13:52:05Z</time>
        <extensions>
          <speed>11.46</speed>
          <course>128.5</course>
        </extensions>
      </trkpt>
      <trkpt lat="48.5329960" lon="36.0647905">
        <ele>134.7</ele>
        <time>2026-04-18T13:52:05Z</time>
        <extensions>
          <speed>11.42</speed>
          <course>128.8</course>
        </extensions>
      </trkpt>
      <trkpt lat="48.5329898" lon="36.0648022">
        <ele>134.6</ele>
        <time>2026-04-18T13:52:05Z</time>
        <extensions>
          <speed>11.38</speed>
          <course>128.7</course>
        </extensions>
      </trkpt>
      <trkpt lat="48.5329833" lon="36.0648143">
        <ele>134.6</ele>
        <time>2026-04-18T13:52:05Z</time>
        <extensions>
          <speed>11.30</speed>
          <course>128.6</course>
        </extensions>
      </trkpt>
      <trkpt lat="48.5329770" lon="36.0648265">
        <ele>134.6</ele>
        <time>2026-04-18T13:52:06Z</time>
        <extensions>
          <speed>11.43</speed>
          <course>127.9</course>
        </extensions>
      </trkpt>
      <trkpt lat="48.5329707" lon="36.0648385">
        <ele>134.5</ele>
        <time>2026-04-18T13:52:06Z</time>
        <extensions>
          <speed>11.46</speed>
          <course>128.7</course>
        </extensions>
      </trkpt>
      <trkpt lat="48.5329643" lon="36.0648502">
        <ele>134.5</ele>
        <time>2026-04-18T13:52:06Z</time>
        <extensions>
          <speed>11.31</speed>
          <course>128.9</course>
        </extensions>
      </trkpt>
      <trkpt lat="48.5329580" lon="36.0648622">
        <ele>134.4</ele>
        <time>2026-04-18T13:52:06Z</time>
        <extensions>
          <speed>11.39</speed>
          <course>128.6</course>
        </extensions>
      </trkpt>
      <trkpt lat="48.5329517" lon="36.0648747">
        <ele>134.4</ele>
        <time>2026-04-18T13:52:06Z</time>
        <extensions>
          <speed>11.35</speed>
          <course>127.9</course>
        </extensions>
      </trkpt>
      <trkpt lat="48.5329453" lon="36.0648867">
        <ele>134.4</ele>
        <time>2026-04-18T13:52:06Z</time>
        <extensions>
          <speed>11.35</speed>
          <course>128.2</course>
        </extensions>
      </trkpt>
      <trkpt lat="48.5329392" lon="36.0648992">
        <ele>134.3</ele>
        <time>2026-04-18T13:52:06Z</time>
        <extensions>
          <speed>11.56</speed>
          <course>127.7</course>
        </extensions>
      </trkpt>
      <trkpt lat="48.5329330" lon="36.0649112">
        <ele>134.3</ele>
        <time>2026-04-18T13:52:06Z</time>
        <extensions>
          <speed>11.50</speed>
          <course>127.8</course>
        </extensions>
      </trkpt>
      <trkpt lat="48.5329267" lon="36.0649237">
        <ele>134.3</ele>
        <time>2026-04-18T13:52:06Z</time>
        <extensions>
          <speed>11.58</speed>
          <course>127.4</course>
        </extensions>
      </trkpt>
      <trkpt lat="48.5329207" lon="36.0649360">
        <ele>134.2</ele>
        <time>2026-04-18T13:52:06Z</time>
        <extensions>
          <speed>11.41</speed>
          <course>126.5</course>
        </extensions>
      </trkpt>
      <trkpt lat="48.5329145" lon="36.0649482">
        <ele>134.2</ele>
        <time>2026-04-18T13:52:07Z</time>
        <extensions>
          <speed>11.40</speed>
          <course>127.0</course>
        </extensions>
      </trkpt>
      <trkpt lat="48.5329082" lon="36.0649607">
        <ele>134.2</ele>
        <time>2026-04-18T13:52:07Z</time>
        <extensions>
          <speed>11.51</speed>
          <course>127.7</course>
        </extensions>
      </trkpt>
      <trkpt lat="48.5329020" lon="36.0649733">
        <ele>134.1</ele>
        <time>2026-04-18T13:52:07Z</time>
        <extensions>
          <speed>11.50</speed>
          <course>126.7</course>
        </extensions>
      </trkpt>
      <trkpt lat="48.5328958" lon="36.0649852">
        <ele>134.1</ele>
        <time>2026-04-18T13:52:07Z</time>
        <extensions>
          <speed>11.42</speed>
          <course>128.2</course>
        </extensions>
      </trkpt>
      <trkpt lat="48.5328895" lon="36.0649982">
        <ele>134.1</ele>
        <time>2026-04-18T13:52:07Z</time>
        <extensions>
          <speed>11.60</speed>
          <course>126.9</course>
        </extensions>
      </trkpt>
      <trkpt lat="48.5328833" lon="36.0650103">
        <ele>134.0</ele>
        <time>2026-04-18T13:52:07Z</time>
        <extensions>
          <speed>11.48</speed>
          <course>127.3</course>
        </extensions>
      </trkpt>
      <trkpt lat="48.5328768" lon="36.0650233">
        <ele>134.0</ele>
        <time>2026-04-18T13:52:07Z</time>
        <extensions>
          <speed>11.77</speed>
          <course>127.1</course>
        </extensions>
      </trkpt>
      <trkpt lat="48.5328705" lon="36.0650353">
        <ele>134.0</ele>
        <time>2026-04-18T13:52:07Z</time>
        <extensions>
          <speed>11.55</speed>
          <course>128.0</course>
        </extensions>
      </trkpt>
      <trkpt lat="48.5328643" lon="36.0650478">
        <ele>133.9</ele>
        <time>2026-04-18T13:52:07Z</time>
        <extensions>
          <speed>11.64</speed>
          <course>127.5</course>
        </extensions>
      </trkpt>
      <trkpt lat="48.5328578" lon="36.0650603">
        <ele>133.9</ele>
        <time>2026-04-18T13:52:07Z</time>
        <extensions>
          <speed>11.75</speed>
          <course>127.9</course>
        </extensions>
      </trkpt>
      <trkpt lat="48.5328515" lon="36.0650727">
        <ele>133.9</ele>
        <time>2026-04-18T13:52:08Z</time>
        <extensions>
          <speed>11.43</speed>
          <course>127.5</course>
        </extensions>
      </trkpt>
      <trkpt lat="48.5328450" lon="36.0650855">
        <ele>133.8</ele>
        <time>2026-04-18T13:52:08Z</time>
        <extensions>
          <speed>11.84</speed>
          <course>127.7</course>
        </extensions>
      </trkpt>
      <trkpt lat="48.5328390" lon="36.0650973">
        <ele>133.8</ele>
        <time>2026-04-18T13:52:08Z</time>
        <extensions>
          <speed>11.40</speed>
          <course>127.4</course>
        </extensions>
      </trkpt>
      <trkpt lat="48.5328323" lon="36.0651100">
        <ele>133.8</ele>
        <time>2026-04-18T13:52:08Z</time>
        <extensions>
          <speed>11.59</speed>
          <course>127.7</course>
        </extensions>
      </trkpt>
      <trkpt lat="48.5328260" lon="36.0651225">
        <ele>133.8</ele>
        <time>2026-04-18T13:52:08Z</time>
        <extensions>
          <speed>11.43</speed>
          <course>127.4</course>
        </extensions>
      </trkpt>
      <trkpt lat="48.5328198" lon="36.0651352">
        <ele>133.8</ele>
        <time>2026-04-18T13:52:08Z</time>
        <extensions>
          <speed>11.61</speed>
          <course>127.0</course>
        </extensions>
      </trkpt>
      <trkpt lat="48.5328133" lon="36.0651478">
        <ele>133.7</ele>
        <time>2026-04-18T13:52:08Z</time>
        <extensions>
          <speed>11.84</speed>
          <course>127.3</course>
        </extensions>
      </trkpt>
      <trkpt lat="48.5328077" lon="36.0651595">
        <ele>133.6</ele>
        <time>2026-04-18T13:52:08Z</time>
        <extensions>
          <speed>11.36</speed>
          <course>126.5</course>
        </extensions>
      </trkpt>
      <trkpt lat="48.5328013" lon="36.0651730">
        <ele>133.7</ele>
        <time>2026-04-18T13:52:08Z</time>
        <extensions>
          <speed>11.80</speed>
          <course>125.5</course>
        </extensions>
      </trkpt>
      <trkpt lat="48.5327948" lon="36.0651860">
        <ele>133.7</ele>
        <time>2026-04-18T13:52:08Z</time>
        <extensions>
          <speed>11.80</speed>
          <course>126.6</course>
        </extensions>
      </trkpt>
      <trkpt lat="48.5327887" lon="36.0651988">
        <ele>133.6</ele>
        <time>2026-04-18T13:52:09Z</time>
        <extensions>
          <speed>11.72</speed>
          <course>126.2</course>
        </extensions>
      </trkpt>
      <trkpt lat="48.5327828" lon="36.0652107">
        <ele>133.5</ele>
        <time>2026-04-18T13:52:09Z</time>
        <extensions>
          <speed>11.50</speed>
          <course>126.3</course>
        </extensions>
      </trkpt>
      <trkpt lat="48.5327765" lon="36.0652238">
        <ele>133.6</ele>
        <time>2026-04-18T13:52:09Z</time>
        <extensions>
          <speed>11.59</speed>
          <course>126.1</course>
        </extensions>
      </trkpt>
      <trkpt lat="48.5327705" lon="36.0652360">
        <ele>133.5</ele>
        <time>2026-04-18T13:52:09Z</time>
        <extensions>
          <speed>11.34</speed>
          <course>125.9</course>
        </extensions>
      </trkpt>
      <trkpt lat="48.5327648" lon="36.0652483">
        <ele>133.5</ele>
        <time>2026-04-18T13:52:09Z</time>
        <extensions>
          <speed>11.19</speed>
          <course>125.3</course>
        </extensions>
      </trkpt>
      <trkpt lat="48.5327592" lon="36.0652600">
        <ele>133.5</ele>
        <time>2026-04-18T13:52:09Z</time>
        <extensions>
          <speed>10.99</speed>
          <course>125.9</course>
        </extensions>
      </trkpt>
      <trkpt lat="48.5327532" lon="36.0652723">
        <ele>133.5</ele>
        <time>2026-04-18T13:52:09Z</time>
        <extensions>
          <speed>11.05</speed>
          <course>125.7</course>
        </extensions>
      </trkpt>
      <trkpt lat="48.5327475" lon="36.0652843">
        <ele>133.5</ele>
        <time>2026-04-18T13:52:09Z</time>
        <extensions>
          <speed>10.87</speed>
          <course>125.7</course>
        </extensions>
      </trkpt>
      <trkpt lat="48.5327420" lon="36.0652960">
        <ele>133.4</ele>
        <time>2026-04-18T13:52:09Z</time>
        <extensions>
          <speed>10.77</speed>
          <course>125.7</course>
        </extensions>
      </trkpt>
      <trkpt lat="48.5327362" lon="36.0653075">
        <ele>133.4</ele>
        <time>2026-04-18T13:52:09Z</time>
        <extensions>
          <speed>10.69</speed>
          <course>126.5</course>
        </extensions>
      </trkpt>
      <trkpt lat="48.5327305" lon="36.0653193">
        <ele>133.4</ele>
        <time>2026-04-18T13:52:10Z</time>
        <extensions>
          <speed>10.71</speed>
          <course>126.0</course>
        </extensions>
      </trkpt>
      <trkpt lat="48.5327250" lon="36.0653305">
        <ele>133.4</ele>
        <time>2026-04-18T13:52:10Z</time>
        <extensions>
          <speed>10.56</speed>
          <course>126.7</course>
        </extensions>
      </trkpt>
      <trkpt lat="48.5327197" lon="36.0653407">
        <ele>133.3</ele>
        <time>2026-04-18T13:52:10Z</time>
        <extensions>
          <speed>10.00</speed>
          <course>127.0</course>
        </extensions>
      </trkpt>
      <trkpt lat="48.5327145" lon="36.0653518">
        <ele>133.3</ele>
        <time>2026-04-18T13:52:10Z</time>
        <extensions>
          <speed>10.11</speed>
          <course>125.6</course>
        </extensions>
      </trkpt>
      <trkpt lat="48.5327088" lon="36.0653635">
        <ele>133.4</ele>
        <time>2026-04-18T13:52:10Z</time>
        <extensions>
          <speed>10.28</speed>
          <course>126.1</course>
        </extensions>
      </trkpt>
      <trkpt lat="48.5327037" lon="36.0653738">
        <ele>133.3</ele>
        <time>2026-04-18T13:52:10Z</time>
        <extensions>
          <speed>9.88</speed>
          <course>126.9</course>
        </extensions>
      </trkpt>
      <trkpt lat="48.5326987" lon="36.0653840">
        <ele>133.3</ele>
        <time>2026-04-18T13:52:10Z</time>
        <extensions>
          <speed>9.71</speed>
          <course>126.0</course>
        </extensions>
      </trkpt>
      <trkpt lat="48.5326930" lon="36.0653952">
        <ele>133.3</ele>
        <time>2026-04-18T13:52:10Z</time>
        <extensions>
          <speed>10.11</speed>
          <course>126.8</course>
        </extensions>
      </trkpt>
      <trkpt lat="48.5326878" lon="36.0654058">
        <ele>133.3</ele>
        <time>2026-04-18T13:52:10Z</time>
        <extensions>
          <speed>9.66</speed>
          <course>126.2</course>
        </extensions>
      </trkpt>
      <trkpt lat="48.5326830" lon="36.0654158">
        <ele>133.2</ele>
        <time>2026-04-18T13:52:10Z</time>
        <extensions>
          <speed>9.68</speed>
          <course>126.4</course>
        </extensions>
      </trkpt>
      <trkpt lat="48.5326777" lon="36.0654260">
        <ele>133.2</ele>
        <time>2026-04-18T13:52:11Z</time>
        <extensions>
          <speed>9.64</speed>
          <course>127.7</course>
        </extensions>
      </trkpt>
      <trkpt lat="48.5326723" lon="36.0654360">
        <ele>133.2</ele>
        <time>2026-04-18T13:52:11Z</time>
        <extensions>
          <speed>9.48</speed>
          <course>128.1</course>
        </extensions>
      </trkpt>
      <trkpt lat="48.5326672" lon="36.0654463">
        <ele>133.1</ele>
        <time>2026-04-18T13:52:11Z</time>
        <extensions>
          <speed>9.48</speed>
          <course>127.7</course>
        </extensions>
      </trkpt>
      <trkpt lat="48.5326618" lon="36.0654560">
        <ele>133.1</ele>
        <time>2026-04-18T13:52:11Z</time>
        <extensions>
          <speed>9.31</speed>
          <course>129.1</course>
        </extensions>
      </trkpt>
      <trkpt lat="48.5326563" lon="36.0654658">
        <ele>133.2</ele>
        <time>2026-04-18T13:52:11Z</time>
        <extensions>
          <speed>9.34</speed>
          <course>130.2</course>
        </extensions>
      </trkpt>
      <trkpt lat="48.5326510" lon="36.0654752">
        <ele>133.1</ele>
        <time>2026-04-18T13:52:11Z</time>
        <extensions>
          <speed>9.34</speed>
          <course>129.6</course>
        </extensions>
      </trkpt>
      <trkpt lat="48.5326457" lon="36.0654847">
        <ele>133.1</ele>
        <time>2026-04-18T13:52:11Z</time>
        <extensions>
          <speed>9.34</speed>
          <course>130.3</course>
        </extensions>
      </trkpt>
      <trkpt lat="48.5326402" lon="36.0654940">
        <ele>133.1</ele>
        <time>2026-04-18T13:52:11Z</time>
        <extensions>
          <speed>9.35</speed>
          <course>131.6</course>
        </extensions>
      </trkpt>
      <trkpt lat="48.5326345" lon="36.0655037">
        <ele>133.0</ele>
        <time>2026-04-18T13:52:11Z</time>
        <extensions>
          <speed>9.55</speed>
          <course>130.8</course>
        </extensions>
      </trkpt>
      <trkpt lat="48.5326290" lon="36.0655133">
        <ele>133.0</ele>
        <time>2026-04-18T13:52:11Z</time>
        <extensions>
          <speed>9.65</speed>
          <course>130.7</course>
        </extensions>
      </trkpt>
      <trkpt lat="48.5326235" lon="36.0655223">
        <ele>132.9</ele>
        <time>2026-04-18T13:52:12Z</time>
        <extensions>
          <speed>9.40</speed>
          <course>131.9</course>
        </extensions>
      </trkpt>
      <trkpt lat="48.5326120" lon="36.0655410">
        <ele>132.8</ele>
        <time>2026-04-18T13:52:12Z</time>
        <extensions>
          <speed>9.52</speed>
          <course>132.6</course>
        </extensions>
      </trkpt>
      <trkpt lat="48.5326060" lon="36.0655513">
        <ele>132.9</ele>
        <time>2026-04-18T13:52:12Z</time>
        <extensions>
          <speed>9.65</speed>
          <course>132.2</course>
        </extensions>
      </trkpt>
      <trkpt lat="48.5326003" lon="36.0655607">
        <ele>132.8</ele>
        <time>2026-04-18T13:52:12Z</time>
        <extensions>
          <speed>9.63</speed>
          <course>132.4</course>
        </extensions>
      </trkpt>
      <trkpt lat="48.5325942" lon="36.0655702">
        <ele>132.8</ele>
        <time>2026-04-18T13:52:12Z</time>
        <extensions>
          <speed>9.79</speed>
          <course>133.5</course>
        </extensions>
      </trkpt>
      <trkpt lat="48.5325883" lon="36.0655798">
        <ele>132.8</ele>
        <time>2026-04-18T13:52:12Z</time>
        <extensions>
          <speed>9.81</speed>
          <course>132.4</course>
        </extensions>
      </trkpt>
      <trkpt lat="48.5325823" lon="36.0655897">
        <ele>132.7</ele>
        <time>2026-04-18T13:52:12Z</time>
        <extensions>
          <speed>9.87</speed>
          <course>132.4</course>
        </extensions>
      </trkpt>
      <trkpt lat="48.5325760" lon="36.0655992">
        <ele>132.7</ele>
        <time>2026-04-18T13:52:12Z</time>
        <extensions>
          <speed>9.87</speed>
          <course>134.4</course>
        </extensions>
      </trkpt>
      <trkpt lat="48.5325700" lon="36.0656090">
        <ele>132.7</ele>
        <time>2026-04-18T13:52:12Z</time>
        <extensions>
          <speed>9.93</speed>
          <course>132.3</course>
        </extensions>
      </trkpt>
      <trkpt lat="48.5325640" lon="36.0656188">
        <ele>132.7</ele>
        <time>2026-04-18T13:52:13Z</time>
        <extensions>
          <speed>9.82</speed>
          <course>132.5</course>
        </extensions>
      </trkpt>
      <trkpt lat="48.5325582" lon="36.0656285">
        <ele>132.6</ele>
        <time>2026-04-18T13:52:13Z</time>
        <extensions>
          <speed>9.90</speed>
          <course>132.3</course>
        </extensions>
      </trkpt>
      <trkpt lat="48.5325520" lon="36.0656388">
        <ele>132.7</ele>
        <time>2026-04-18T13:52:13Z</time>
        <extensions>
          <speed>10.00</speed>
          <course>131.6</course>
        </extensions>
      </trkpt>
      <trkpt lat="48.5325460" lon="36.0656487">
        <ele>132.6</ele>
        <time>2026-04-18T13:52:13Z</time>
        <extensions>
          <speed>10.01</speed>
          <course>132.5</course>
        </extensions>
      </trkpt>
      <trkpt lat="48.5325402" lon="36.0656592">
        <ele>132.6</ele>
        <time>2026-04-18T13:52:13Z</time>
        <extensions>
          <speed>10.09</speed>
          <course>130.6</course>
        </extensions>
      </trkpt>
      <trkpt lat="48.5325342" lon="36.0656693">
        <ele>132.6</ele>
        <time>2026-04-18T13:52:13Z</time>
        <extensions>
          <speed>9.94</speed>
          <course>130.8</course>
        </extensions>
      </trkpt>
      <trkpt lat="48.5325280" lon="36.0656800">
        <ele>132.6</ele>
        <time>2026-04-18T13:52:13Z</time>
        <extensions>
          <speed>10.38</speed>
          <course>130.9</course>
        </extensions>
      </trkpt>
      <trkpt lat="48.5325223" lon="36.0656902">
        <ele>132.5</ele>
        <time>2026-04-18T13:52:13Z</time>
        <extensions>
          <speed>10.07</speed>
          <course>130.0</course>
        </extensions>
      </trkpt>
      <trkpt lat="48.5325165" lon="36.0657005">
        <ele>132.5</ele>
        <time>2026-04-18T13:52:13Z</time>
        <extensions>
          <speed>10.00</speed>
          <course>130.6</course>
        </extensions>
      </trkpt>
      <trkpt lat="48.5325105" lon="36.0657115">
        <ele>132.5</ele>
        <time>2026-04-18T13:52:13Z</time>
        <extensions>
          <speed>10.23</speed>
          <course>129.6</course>
        </extensions>
      </trkpt>
      <trkpt lat="48.5325048" lon="36.0657220">
        <ele>132.5</ele>
        <time>2026-04-18T13:52:14Z</time>
        <extensions>
          <speed>10.22</speed>
          <course>128.7</course>
        </extensions>
      </trkpt>
      <trkpt lat="48.5324990" lon="36.0657327">
        <ele>132.4</ele>
        <time>2026-04-18T13:52:14Z</time>
        <extensions>
          <speed>10.22</speed>
          <course>129.2</course>
        </extensions>
      </trkpt>
      <trkpt lat="48.5324932" lon="36.0657433">
        <ele>132.4</ele>
        <time>2026-04-18T13:52:14Z</time>
        <extensions>
          <speed>10.17</speed>
          <course>129.2</course>
        </extensions>
      </trkpt>
      <trkpt lat="48.5324877" lon="36.0657537">
        <ele>132.4</ele>
        <time>2026-04-18T13:52:14Z</time>
        <extensions>
          <speed>9.90</speed>
          <course>128.2</course>
        </extensions>
      </trkpt>
      <trkpt lat="48.5324822" lon="36.0657640">
        <ele>132.4</ele>
        <time>2026-04-18T13:52:14Z</time>
        <extensions>
          <speed>9.88</speed>
          <course>128.5</course>
        </extensions>
      </trkpt>
      <trkpt lat="48.5324770" lon="36.0657742">
        <ele>132.3</ele>
        <time>2026-04-18T13:52:14Z</time>
        <extensions>
          <speed>9.63</speed>
          <course>127.4</course>
        </extensions>
      </trkpt>
      <trkpt lat="48.5324717" lon="36.0657843">
        <ele>132.3</ele>
        <time>2026-04-18T13:52:14Z</time>
        <extensions>
          <speed>9.58</speed>
          <course>128.1</course>
        </extensions>
      </trkpt>
      <trkpt lat="48.5324662" lon="36.0657942">
        <ele>132.3</ele>
        <time>2026-04-18T13:52:14Z</time>
        <extensions>
          <speed>9.46</speed>
          <course>129.2</course>
        </extensions>
      </trkpt>
      <trkpt lat="48.5324610" lon="36.0658040">
        <ele>132.3</ele>
        <time>2026-04-18T13:52:14Z</time>
        <extensions>
          <speed>9.39</speed>
          <course>128.1</course>
        </extensions>
      </trkpt>
      <trkpt lat="48.5324558" lon="36.0658143">
        <ele>132.3</ele>
        <time>2026-04-18T13:52:14Z</time>
        <extensions>
          <speed>9.45</speed>
          <course>127.4</course>
        </extensions>
      </trkpt>
      <trkpt lat="48.5324508" lon="36.0658235">
        <ele>132.2</ele>
        <time>2026-04-18T13:52:15Z</time>
        <extensions>
          <speed>9.10</speed>
          <course>128.8</course>
        </extensions>
      </trkpt>
      <trkpt lat="48.5324458" lon="36.0658333">
        <ele>132.2</ele>
        <time>2026-04-18T13:52:15Z</time>
        <extensions>
          <speed>9.11</speed>
          <course>127.8</course>
        </extensions>
      </trkpt>
      <trkpt lat="48.5324410" lon="36.0658430">
        <ele>132.1</ele>
        <time>2026-04-18T13:52:15Z</time>
        <extensions>
          <speed>9.05</speed>
          <course>127.3</course>
        </extensions>
      </trkpt>
      <trkpt lat="48.5324363" lon="36.0658523">
        <ele>132.1</ele>
        <time>2026-04-18T13:52:15Z</time>
        <extensions>
          <speed>8.73</speed>
          <course>127.2</course>
        </extensions>
      </trkpt>
      <trkpt lat="48.5324315" lon="36.0658623">
        <ele>132.1</ele>
        <time>2026-04-18T13:52:15Z</time>
        <extensions>
          <speed>8.97</speed>
          <course>126.1</course>
        </extensions>
      </trkpt>
      <trkpt lat="48.5324265" lon="36.0658715">
        <ele>132.0</ele>
        <time>2026-04-18T13:52:15Z</time>
        <extensions>
          <speed>8.98</speed>
          <course>128.3</course>
        </extensions>
      </trkpt>
      <trkpt lat="48.5324217" lon="36.0658815">
        <ele>132.0</ele>
        <time>2026-04-18T13:52:15Z</time>
        <extensions>
          <speed>9.05</speed>
          <course>126.2</course>
        </extensions>
      </trkpt>
      <trkpt lat="48.5324168" lon="36.0658912">
        <ele>132.0</ele>
        <time>2026-04-18T13:52:15Z</time>
        <extensions>
          <speed>8.93</speed>
          <course>127.2</course>
        </extensions>
      </trkpt>
      <trkpt lat="48.5324115" lon="36.0659013">
        <ele>132.0</ele>
        <time>2026-04-18T13:52:15Z</time>
        <extensions>
          <speed>9.27</speed>
          <course>128.0</course>
        </extensions>
      </trkpt>
      <trkpt lat="48.5324067" lon="36.0659112">
        <ele>132.0</ele>
        <time>2026-04-18T13:52:15Z</time>
        <extensions>
          <speed>9.07</speed>
          <course>126.8</course>
        </extensions>
      </trkpt>
      <trkpt lat="48.5324015" lon="36.0659215">
        <ele>132.0</ele>
        <time>2026-04-18T13:52:16Z</time>
        <extensions>
          <speed>9.23</speed>
          <course>126.7</course>
        </extensions>
      </trkpt>
      <trkpt lat="48.5323965" lon="36.0659315">
        <ele>132.0</ele>
        <time>2026-04-18T13:52:16Z</time>
        <extensions>
          <speed>9.25</speed>
          <course>127.3</course>
        </extensions>
      </trkpt>
      <trkpt lat="48.5323917" lon="36.0659412">
        <ele>132.0</ele>
        <time>2026-04-18T13:52:16Z</time>
        <extensions>
          <speed>9.00</speed>
          <course>127.3</course>
        </extensions>
      </trkpt>
      <trkpt lat="48.5323863" lon="36.0659517">
        <ele>132.0</ele>
        <time>2026-04-18T13:52:16Z</time>
        <extensions>
          <speed>9.41</speed>
          <course>127.6</course>
        </extensions>
      </trkpt>
      <trkpt lat="48.5323810" lon="36.0659617">
        <ele>131.9</ele>
        <time>2026-04-18T13:52:16Z</time>
        <extensions>
          <speed>9.43</speed>
          <course>127.8</course>
        </extensions>
      </trkpt>
      <trkpt lat="48.5323762" lon="36.0659713">
        <ele>131.8</ele>
        <time>2026-04-18T13:52:16Z</time>
        <extensions>
          <speed>9.43</speed>
          <course>127.4</course>
        </extensions>
      </trkpt>
      <trkpt lat="48.5323708" lon="36.0659812">
        <ele>131.8</ele>
        <time>2026-04-18T13:52:16Z</time>
        <extensions>
          <speed>9.52</speed>
          <course>128.2</course>
        </extensions>
      </trkpt>
      <trkpt lat="48.5323662" lon="36.0659910">
        <ele>131.6</ele>
        <time>2026-04-18T13:52:16Z</time>
        <extensions>
          <speed>9.50</speed>
          <course>125.8</course>
        </extensions>
      </trkpt>
      <trkpt lat="48.5323608" lon="36.0660008">
        <ele>131.6</ele>
        <time>2026-04-18T13:52:16Z</time>
        <extensions>
          <speed>9.59</speed>
          <course>128.8</course>
        </extensions>
      </trkpt>
      <trkpt lat="48.5323555" lon="36.0660112">
        <ele>131.6</ele>
        <time>2026-04-18T13:52:16Z</time>
        <extensions>
          <speed>9.43</speed>
          <course>128.4</course>
        </extensions>
      </trkpt>
      <trkpt lat="48.5323498" lon="36.0660223">
        <ele>131.6</ele>
        <time>2026-04-18T13:52:17Z</time>
        <extensions>
          <speed>9.92</speed>
          <course>127.9</course>
        </extensions>
      </trkpt>
      <trkpt lat="48.5323443" lon="36.0660322">
        <ele>131.5</ele>
        <time>2026-04-18T13:52:17Z</time>
        <extensions>
          <speed>9.64</speed>
          <course>128.9</course>
        </extensions>
      </trkpt>
      <trkpt lat="48.5323390" lon="36.0660430">
        <ele>131.5</ele>
        <time>2026-04-18T13:52:17Z</time>
        <extensions>
          <speed>9.85</speed>
          <course>127.3</course>
        </extensions>
      </trkpt>
      <trkpt lat="48.5323330" lon="36.0660543">
        <ele>131.6</ele>
        <time>2026-04-18T13:52:17Z</time>
        <extensions>
          <speed>9.94</speed>
          <course>128.9</course>
        </extensions>
      </trkpt>
      <trkpt lat="48.5323283" lon="36.0660648">
        <ele>131.5</ele>
        <time>2026-04-18T13:52:17Z</time>
        <extensions>
          <speed>9.60</speed>
          <course>124.7</course>
        </extensions>
      </trkpt>
      <trkpt lat="48.5323223" lon="36.0660763">
        <ele>131.6</ele>
        <time>2026-04-18T13:52:17Z</time>
        <extensions>
          <speed>10.23</speed>
          <course>127.8</course>
        </extensions>
      </trkpt>
      <trkpt lat="48.5323175" lon="36.0660868">
        <ele>131.5</ele>
        <time>2026-04-18T13:52:17Z</time>
        <extensions>
          <speed>9.77</speed>
          <course>125.6</course>
        </extensions>
      </trkpt>
      <trkpt lat="48.5323122" lon="36.0660982">
        <ele>131.5</ele>
        <time>2026-04-18T13:52:17Z</time>
        <extensions>
          <speed>10.06</speed>
          <course>125.4</course>
        </extensions>
      </trkpt>
      <trkpt lat="48.5323070" lon="36.0661095">
        <ele>131.5</ele>
        <time>2026-04-18T13:52:17Z</time>
        <extensions>
          <speed>10.07</speed>
          <course>124.6</course>
        </extensions>
      </trkpt>
      <trkpt lat="48.5323022" lon="36.0661210">
        <ele>131.5</ele>
        <time>2026-04-18T13:52:17Z</time>
        <extensions>
          <speed>10.02</speed>
          <course>123.0</course>
        </extensions>
      </trkpt>
      <trkpt lat="48.5322967" lon="36.0661327">
        <ele>131.5</ele>
        <time>2026-04-18T13:52:18Z</time>
        <extensions>
          <speed>10.32</speed>
          <course>124.6</course>
        </extensions>
      </trkpt>
      <trkpt lat="48.5322915" lon="36.0661443">
        <ele>131.5</ele>
        <time>2026-04-18T13:52:18Z</time>
        <extensions>
          <speed>10.30</speed>
          <course>123.7</course>
        </extensions>
      </trkpt>
      <trkpt lat="48.5322867" lon="36.0661557">
        <ele>131.5</ele>
        <time>2026-04-18T13:52:18Z</time>
        <extensions>
          <speed>10.04</speed>
          <course>123.4</course>
        </extensions>
      </trkpt>
      <trkpt lat="48.5322818" lon="36.0661672">
        <ele>131.4</ele>
        <time>2026-04-18T13:52:18Z</time>
        <extensions>
          <speed>10.18</speed>
          <course>123.0</course>
        </extensions>
      </trkpt>
      <trkpt lat="48.5322765" lon="36.0661788">
        <ele>131.5</ele>
        <time>2026-04-18T13:52:18Z</time>
        <extensions>
          <speed>10.18</speed>
          <course>124.3</course>
        </extensions>
      </trkpt>
      <trkpt lat="48.5322713" lon="36.0661908">
        <ele>131.5</ele>
        <time>2026-04-18T13:52:18Z</time>
        <extensions>
          <speed>10.30</speed>
          <course>123.0</course>
        </extensions>
      </trkpt>
      <trkpt lat="48.5322660" lon="36.0662025">
        <ele>131.5</ele>
        <time>2026-04-18T13:52:18Z</time>
        <extensions>
          <speed>10.42</speed>
          <course>124.0</course>
        </extensions>
      </trkpt>
      <trkpt lat="48.5322612" lon="36.0662143">
        <ele>131.5</ele>
        <time>2026-04-18T13:52:18Z</time>
        <extensions>
          <speed>10.30</speed>
          <course>122.3</course>
        </extensions>
      </trkpt>
      <trkpt lat="48.5322558" lon="36.0662258">
        <ele>131.4</ele>
        <time>2026-04-18T13:52:18Z</time>
        <extensions>
          <speed>10.41</speed>
          <course>124.0</course>
        </extensions>
      </trkpt>
      <trkpt lat="48.5322505" lon="36.0662370">
        <ele>131.4</ele>
        <time>2026-04-18T13:52:18Z</time>
        <extensions>
          <speed>10.31</speed>
          <course>124.8</course>
        </extensions>
      </trkpt>
      <trkpt lat="48.5322460" lon="36.0662477">
        <ele>131.3</ele>
        <time>2026-04-18T13:52:19Z</time>
        <extensions>
          <speed>9.94</speed>
          <course>122.6</course>
        </extensions>
      </trkpt>
      <trkpt lat="48.5322408" lon="36.0662588">
        <ele>131.2</ele>
        <time>2026-04-18T13:52:19Z</time>
        <extensions>
          <speed>10.03</speed>
          <course>124.6</course>
        </extensions>
      </trkpt>
      <trkpt lat="48.5322353" lon="36.0662693">
        <ele>131.3</ele>
        <time>2026-04-18T13:52:19Z</time>
        <extensions>
          <speed>9.82</speed>
          <course>126.8</course>
        </extensions>
      </trkpt>
      <trkpt lat="48.5322302" lon="36.0662792">
        <ele>131.2</ele>
        <time>2026-04-18T13:52:19Z</time>
        <extensions>
          <speed>9.52</speed>
          <course>127.6</course>
        </extensions>
      </trkpt>
      <trkpt lat="48.5322247" lon="36.0662895">
        <ele>131.2</ele>
        <time>2026-04-18T13:52:19Z</time>
        <extensions>
          <speed>9.69</speed>
          <course>128.5</course>
        </extensions>
      </trkpt>
      <trkpt lat="48.5322193" lon="36.0662988">
        <ele>131.1</ele>
        <time>2026-04-18T13:52:19Z</time>
        <extensions>
          <speed>9.39</speed>
          <course>130.0</course>
        </extensions>
      </trkpt>
      <trkpt lat="48.5322140" lon="36.0663085">
        <ele>131.1</ele>
        <time>2026-04-18T13:52:19Z</time>
        <extensions>
          <speed>9.29</speed>
          <course>130.1</course>
        </extensions>
      </trkpt>
      <trkpt lat="48.5322087" lon="36.0663188">
        <ele>131.1</ele>
        <time>2026-04-18T13:52:19Z</time>
        <extensions>
          <speed>9.28</speed>
          <course>128.5</course>
        </extensions>
      </trkpt>
      <trkpt lat="48.5322032" lon="36.0663282">
        <ele>131.1</ele>
        <time>2026-04-18T13:52:19Z</time>
        <extensions>
          <speed>8.99</speed>
          <course>130.5</course>
        </extensions>
      </trkpt>
      <trkpt lat="48.5321973" lon="36.0663377">
        <ele>131.1</ele>
        <time>2026-04-18T13:52:19Z</time>
        <extensions>
          <speed>9.30</speed>
          <course>132.2</course>
        </extensions>
      </trkpt>
      <trkpt lat="48.5321922" lon="36.0663465">
        <ele>131.1</ele>
        <time>2026-04-18T13:52:20Z</time>
        <extensions>
          <speed>8.88</speed>
          <course>131.4</course>
        </extensions>
      </trkpt>
      <trkpt lat="48.5321870" lon="36.0663557">
        <ele>131.1</ele>
        <time>2026-04-18T13:52:20Z</time>
        <extensions>
          <speed>8.77</speed>
          <course>130.9</course>
        </extensions>
      </trkpt>
      <trkpt lat="48.5321818" lon="36.0663645">
        <ele>131.1</ele>
        <time>2026-04-18T13:52:20Z</time>
        <extensions>
          <speed>8.81</speed>
          <course>130.9</course>
        </extensions>
      </trkpt>
      <trkpt lat="48.5321772" lon="36.0663733">
        <ele>131.0</ele>
        <time>2026-04-18T13:52:20Z</time>
        <extensions>
          <speed>8.54</speed>
          <course>128.7</course>
        </extensions>
      </trkpt>
      <trkpt lat="48.5321720" lon="36.0663835">
        <ele>131.0</ele>
        <time>2026-04-18T13:52:20Z</time>
        <extensions>
          <speed>8.92</speed>
          <course>128.5</course>
        </extensions>
      </trkpt>
      <trkpt lat="48.5321665" lon="36.0663932">
        <ele>131.1</ele>
        <time>2026-04-18T13:52:20Z</time>
        <extensions>
          <speed>9.05</speed>
          <course>130.1</course>
        </extensions>
      </trkpt>
      <trkpt lat="48.5321618" lon="36.0664022">
        <ele>131.0</ele>
        <time>2026-04-18T13:52:20Z</time>
        <extensions>
          <speed>8.74</speed>
          <course>128.1</course>
        </extensions>
      </trkpt>
      <trkpt lat="48.5321568" lon="36.0664125">
        <ele>131.0</ele>
        <time>2026-04-18T13:52:20Z</time>
        <extensions>
          <speed>8.99</speed>
          <course>126.8</course>
        </extensions>
      </trkpt>
      <trkpt lat="48.5321523" lon="36.0664220">
        <ele>130.9</ele>
        <time>2026-04-18T13:52:20Z</time>
        <extensions>
          <speed>9.20</speed>
          <course>126.2</course>
        </extensions>
      </trkpt>
      <trkpt lat="48.5321473" lon="36.0664320">
        <ele>130.9</ele>
        <time>2026-04-18T13:52:20Z</time>
        <extensions>
          <speed>9.11</speed>
          <course>126.8</course>
        </extensions>
      </trkpt>
      <trkpt lat="48.5321423" lon="36.0664413">
        <ele>130.8</ele>
        <time>2026-04-18T13:52:21Z</time>
        <extensions>
          <speed>9.21</speed>
          <course>127.7</course>
        </extensions>
      </trkpt>
      <trkpt lat="48.5321322" lon="36.0664625">
        <ele>130.8</ele>
        <time>2026-04-18T13:52:21Z</time>
        <extensions>
          <speed>9.58</speed>
          <course>125.4</course>
        </extensions>
      </trkpt>
      <trkpt lat="48.5321273" lon="36.0664735">
        <ele>130.8</ele>
        <time>2026-04-18T13:52:21Z</time>
        <extensions>
          <speed>9.63</speed>
          <course>124.0</course>
        </extensions>
      </trkpt>
      <trkpt lat="48.5321217" lon="36.0664837">
        <ele>130.8</ele>
        <time>2026-04-18T13:52:21Z</time>
        <extensions>
          <speed>9.77</speed>
          <course>128.3</course>
        </extensions>
      </trkpt>
      <trkpt lat="48.5321168" lon="36.0664943">
        <ele>130.7</ele>
        <time>2026-04-18T13:52:21Z</time>
        <extensions>
          <speed>9.66</speed>
          <course>125.5</course>
        </extensions>
      </trkpt>
      <trkpt lat="48.5321115" lon="36.0665053">
        <ele>130.7</ele>
        <time>2026-04-18T13:52:21Z</time>
        <extensions>
          <speed>9.94</speed>
          <course>125.7</course>
        </extensions>
      </trkpt>
      <trkpt lat="48.5321062" lon="36.0665168">
        <ele>130.6</ele>
        <time>2026-04-18T13:52:21Z</time>
        <extensions>
          <speed>10.12</speed>
          <course>125.1</course>
        </extensions>
      </trkpt>
      <trkpt lat="48.5321012" lon="36.0665278">
        <ele>130.6</ele>
        <time>2026-04-18T13:52:21Z</time>
        <extensions>
          <speed>9.98</speed>
          <course>124.3</course>
        </extensions>
      </trkpt>
      <trkpt lat="48.5320955" lon="36.0665398">
        <ele>130.6</ele>
        <time>2026-04-18T13:52:21Z</time>
        <extensions>
          <speed>10.27</speed>
          <course>125.3</course>
        </extensions>
      </trkpt>
      <trkpt lat="48.5320898" lon="36.0665518">
        <ele>130.6</ele>
        <time>2026-04-18T13:52:22Z</time>
        <extensions>
          <speed>10.64</speed>
          <course>125.5</course>
        </extensions>
      </trkpt>
      <trkpt lat="48.5320785" lon="36.0665767">
        <ele>130.6</ele>
        <time>2026-04-18T13:52:22Z</time>
        <extensions>
          <speed>10.97</speed>
          <course>124.2</course>
        </extensions>
      </trkpt>
      <trkpt lat="48.5320730" lon="36.0665883">
        <ele>130.6</ele>
        <time>2026-04-18T13:52:22Z</time>
        <extensions>
          <speed>10.60</speed>
          <course>124.7</course>
        </extensions>
      </trkpt>
      <trkpt lat="48.5320673" lon="36.0666010">
        <ele>130.6</ele>
        <time>2026-04-18T13:52:22Z</time>
        <extensions>
          <speed>10.97</speed>
          <course>124.3</course>
        </extensions>
      </trkpt>
      <trkpt lat="48.5320617" lon="36.0666130">
        <ele>130.6</ele>
        <time>2026-04-18T13:52:22Z</time>
        <extensions>
          <speed>11.00</speed>
          <course>125.1</course>
        </extensions>
      </trkpt>
      <trkpt lat="48.5320558" lon="36.0666255">
        <ele>130.6</ele>
        <time>2026-04-18T13:52:22Z</time>
        <extensions>
          <speed>11.09</speed>
          <course>124.7</course>
        </extensions>
      </trkpt>
      <trkpt lat="48.5320502" lon="36.0666377">
        <ele>130.5</ele>
        <time>2026-04-18T13:52:22Z</time>
        <extensions>
          <speed>11.07</speed>
          <course>125.3</course>
        </extensions>
      </trkpt>
      <trkpt lat="48.5320443" lon="36.0666505">
        <ele>130.5</ele>
        <time>2026-04-18T13:52:22Z</time>
        <extensions>
          <speed>11.34</speed>
          <course>124.8</course>
        </extensions>
      </trkpt>
      <trkpt lat="48.5320383" lon="36.0666633">
        <ele>130.5</ele>
        <time>2026-04-18T13:52:22Z</time>
        <extensions>
          <speed>11.31</speed>
          <course>124.8</course>
        </extensions>
      </trkpt>
      <trkpt lat="48.5320325" lon="36.0666765">
        <ele>130.5</ele>
        <time>2026-04-18T13:52:23Z</time>
        <extensions>
          <speed>11.53</speed>
          <course>124.7</course>
        </extensions>
      </trkpt>
      <trkpt lat="48.5320207" lon="36.0667022">
        <ele>130.4</ele>
        <time>2026-04-18T13:52:23Z</time>
        <extensions>
          <speed>11.51</speed>
          <course>124.7</course>
        </extensions>
      </trkpt>
      <trkpt lat="48.5320148" lon="36.0667147">
        <ele>130.4</ele>
        <time>2026-04-18T13:52:23Z</time>
        <extensions>
          <speed>11.36</speed>
          <course>124.6</course>
        </extensions>
      </trkpt>
      <trkpt lat="48.5320092" lon="36.0667273">
        <ele>130.4</ele>
        <time>2026-04-18T13:52:23Z</time>
        <extensions>
          <speed>11.17</speed>
          <course>124.4</course>
        </extensions>
      </trkpt>
      <trkpt lat="48.5320037" lon="36.0667398">
        <ele>130.4</ele>
        <time>2026-04-18T13:52:23Z</time>
        <extensions>
          <speed>11.14</speed>
          <course>124.1</course>
        </extensions>
      </trkpt>
      <trkpt lat="48.5319982" lon="36.0667520">
        <ele>130.4</ele>
        <time>2026-04-18T13:52:23Z</time>
        <extensions>
          <speed>10.84</speed>
          <course>124.1</course>
        </extensions>
      </trkpt>
      <trkpt lat="48.5319923" lon="36.0667643">
        <ele>130.3</ele>
        <time>2026-04-18T13:52:23Z</time>
        <extensions>
          <speed>11.03</speed>
          <course>124.6</course>
        </extensions>
      </trkpt>
      <trkpt lat="48.5319868" lon="36.0667768">
        <ele>130.3</ele>
        <time>2026-04-18T13:52:23Z</time>
        <extensions>
          <speed>11.03</speed>
          <course>123.6</course>
        </extensions>
      </trkpt>
      <trkpt lat="48.5319812" lon="36.0667895">
        <ele>130.3</ele>
        <time>2026-04-18T13:52:23Z</time>
        <extensions>
          <speed>11.07</speed>
          <course>124.0</course>
        </extensions>
      </trkpt>
      <trkpt lat="48.5319758" lon="36.0668018">
        <ele>130.3</ele>
        <time>2026-04-18T13:52:24Z</time>
        <extensions>
          <speed>11.03</speed>
          <course>123.7</course>
        </extensions>
      </trkpt>
      <trkpt lat="48.5319648" lon="36.0668265">
        <ele>130.2</ele>
        <time>2026-04-18T13:52:24Z</time>
        <extensions>
          <speed>11.16</speed>
          <course>123.9</course>
        </extensions>
      </trkpt>
      <trkpt lat="48.5319592" lon="36.0668392">
        <ele>130.2</ele>
        <time>2026-04-18T13:52:24Z</time>
        <extensions>
          <speed>10.95</speed>
          <course>123.3</course>
        </extensions>
      </trkpt>
      <trkpt lat="48.5319540" lon="36.0668518">
        <ele>130.2</ele>
        <time>2026-04-18T13:52:24Z</time>
        <extensions>
          <speed>11.07</speed>
          <course>122.6</course>
        </extensions>
      </trkpt>
      <trkpt lat="48.5319485" lon="36.0668645">
        <ele>130.1</ele>
        <time>2026-04-18T13:52:24Z</time>
        <extensions>
          <speed>11.18</speed>
          <course>122.7</course>
        </extensions>
      </trkpt>
      <trkpt lat="48.5319430" lon="36.0668770">
        <ele>130.1</ele>
        <time>2026-04-18T13:52:24Z</time>
        <extensions>
          <speed>11.08</speed>
          <course>123.7</course>
        </extensions>
      </trkpt>
      <trkpt lat="48.5319375" lon="36.0668895">
        <ele>130.1</ele>
        <time>2026-04-18T13:52:24Z</time>
        <extensions>
          <speed>11.12</speed>
          <course>122.9</course>
        </extensions>
      </trkpt>
      <trkpt lat="48.5319320" lon="36.0669022">
        <ele>130.0</ele>
        <time>2026-04-18T13:52:24Z</time>
        <extensions>
          <speed>11.12</speed>
          <course>123.2</course>
        </extensions>
      </trkpt>
      <trkpt lat="48.5319263" lon="36.0669148">
        <ele>130.0</ele>
        <time>2026-04-18T13:52:24Z</time>
        <extensions>
          <speed>11.13</speed>
          <course>123.6</course>
        </extensions>
      </trkpt>
      <trkpt lat="48.5319208" lon="36.0669272">
        <ele>130.0</ele>
        <time>2026-04-18T13:52:25Z</time>
        <extensions>
          <speed>11.07</speed>
          <course>123.7</course>
        </extensions>
      </trkpt>
      <trkpt lat="48.5319100" lon="36.0669518">
        <ele>129.9</ele>
        <time>2026-04-18T13:52:25Z</time>
        <extensions>
          <speed>11.04</speed>
          <course>123.7</course>
        </extensions>
      </trkpt>
      <trkpt lat="48.5319042" lon="36.0669643">
        <ele>129.9</ele>
        <time>2026-04-18T13:52:25Z</time>
        <extensions>
          <speed>11.12</speed>
          <course>124.7</course>
        </extensions>
      </trkpt>
      <trkpt lat="48.5318985" lon="36.0669767">
        <ele>129.9</ele>
        <time>2026-04-18T13:52:25Z</time>
        <extensions>
          <speed>11.05</speed>
          <course>124.6</course>
        </extensions>
      </trkpt>
      <trkpt lat="48.5318927" lon="36.0669892">
        <ele>129.9</ele>
        <time>2026-04-18T13:52:25Z</time>
        <extensions>
          <speed>11.12</speed>
          <course>124.5</course>
        </extensions>
      </trkpt>
      <trkpt lat="48.5318868" lon="36.0670017">
        <ele>129.8</ele>
        <time>2026-04-18T13:52:25Z</time>
        <extensions>
          <speed>11.17</speed>
          <course>125.4</course>
        </extensions>
      </trkpt>
      <trkpt lat="48.5318810" lon="36.0670140">
        <ele>129.8</ele>
        <time>2026-04-18T13:52:25Z</time>
        <extensions>
          <speed>11.11</speed>
          <course>125.5</course>
        </extensions>
      </trkpt>
      <trkpt lat="48.5318752" lon="36.0670263">
        <ele>129.8</ele>
        <time>2026-04-18T13:52:25Z</time>
        <extensions>
          <speed>11.17</speed>
          <course>125.5</course>
        </extensions>
      </trkpt>
      <trkpt lat="48.5318690" lon="36.0670387">
        <ele>129.8</ele>
        <time>2026-04-18T13:52:25Z</time>
        <extensions>
          <speed>11.24</speed>
          <course>126.9</course>
        </extensions>
      </trkpt>
      <trkpt lat="48.5318630" lon="36.0670513">
        <ele>129.8</ele>
        <time>2026-04-18T13:52:26Z</time>
        <extensions>
          <speed>11.29</speed>
          <course>126.0</course>
        </extensions>
      </trkpt>
      <trkpt lat="48.5318505" lon="36.0670760">
        <ele>129.7</ele>
        <time>2026-04-18T13:52:26Z</time>
        <extensions>
          <speed>11.46</speed>
          <course>127.5</course>
        </extensions>
      </trkpt>
      <trkpt lat="48.5318442" lon="36.0670883">
        <ele>129.7</ele>
        <time>2026-04-18T13:52:26Z</time>
        <extensions>
          <speed>11.67</speed>
          <course>127.7</course>
        </extensions>
      </trkpt>
      <trkpt lat="48.5318377" lon="36.0671015">
        <ele>129.7</ele>
        <time>2026-04-18T13:52:26Z</time>
        <extensions>
          <speed>11.71</speed>
          <course>127.0</course>
        </extensions>
      </trkpt>
      <trkpt lat="48.5318313" lon="36.0671132">
        <ele>129.6</ele>
        <time>2026-04-18T13:52:26Z</time>
        <extensions>
          <speed>11.57</speed>
          <course>128.7</course>
        </extensions>
      </trkpt>
      <trkpt lat="48.5318245" lon="36.0671257">
        <ele>129.6</ele>
        <time>2026-04-18T13:52:26Z</time>
        <extensions>
          <speed>11.72</speed>
          <course>129.1</course>
        </extensions>
      </trkpt>
      <trkpt lat="48.5318182" lon="36.0671382">
        <ele>129.6</ele>
        <time>2026-04-18T13:52:26Z</time>
        <extensions>
          <speed>11.70</speed>
          <course>128.1</course>
        </extensions>
      </trkpt>
      <trkpt lat="48.5318113" lon="36.0671508">
        <ele>129.6</ele>
        <time>2026-04-18T13:52:26Z</time>
        <extensions>
          <speed>11.81</speed>
          <course>128.9</course>
        </extensions>
      </trkpt>
      <trkpt lat="48.5318048" lon="36.0671627">
        <ele>129.5</ele>
        <time>2026-04-18T13:52:26Z</time>
        <extensions>
          <speed>11.71</speed>
          <course>129.4</course>
        </extensions>
      </trkpt>
      <trkpt lat="48.5317977" lon="36.0671753">
        <ele>129.5</ele>
        <time>2026-04-18T13:52:27Z</time>
        <extensions>
          <speed>12.00</speed>
          <course>130.5</course>
        </extensions>
      </trkpt>
      <trkpt lat="48.5317837" lon="36.0672003">
        <ele>129.5</ele>
        <time>2026-04-18T13:52:27Z</time>
        <extensions>
          <speed>11.94</speed>
          <course>130.1</course>
        </extensions>
      </trkpt>
      <trkpt lat="48.5317775" lon="36.0672122">
        <ele>129.4</ele>
        <time>2026-04-18T13:52:27Z</time>
        <extensions>
          <speed>11.70</speed>
          <course>128.7</course>
        </extensions>
      </trkpt>
      <trkpt lat="48.5317705" lon="36.0672248">
        <ele>129.4</ele>
        <time>2026-04-18T13:52:27Z</time>
        <extensions>
          <speed>11.78</speed>
          <course>129.8</course>
        </extensions>
      </trkpt>
      <trkpt lat="48.5317637" lon="36.0672372">
        <ele>129.4</ele>
        <time>2026-04-18T13:52:27Z</time>
        <extensions>
          <speed>11.71</speed>
          <course>129.6</course>
        </extensions>
      </trkpt>
      <trkpt lat="48.5317575" lon="36.0672490">
        <ele>129.4</ele>
        <time>2026-04-18T13:52:27Z</time>
        <extensions>
          <speed>11.39</speed>
          <course>128.5</course>
        </extensions>
      </trkpt>
      <trkpt lat="48.5317505" lon="36.0672613">
        <ele>129.4</ele>
        <time>2026-04-18T13:52:27Z</time>
        <extensions>
          <speed>11.50</speed>
          <course>129.9</course>
        </extensions>
      </trkpt>
      <trkpt lat="48.5317447" lon="36.0672730">
        <ele>129.4</ele>
        <time>2026-04-18T13:52:27Z</time>
        <extensions>
          <speed>11.17</speed>
          <course>127.7</course>
        </extensions>
      </trkpt>
      <trkpt lat="48.5317385" lon="36.0672847">
        <ele>129.3</ele>
        <time>2026-04-18T13:52:27Z</time>
        <extensions>
          <speed>11.10</speed>
          <course>128.6</course>
        </extensions>
      </trkpt>
      <trkpt lat="48.5317322" lon="36.0672963">
        <ele>129.3</ele>
        <time>2026-04-18T13:52:28Z</time>
        <extensions>
          <speed>11.09</speed>
          <course>128.8</course>
        </extensions>
      </trkpt>
      <trkpt lat="48.5317202" lon="36.0673197">
        <ele>129.3</ele>
        <time>2026-04-18T13:52:28Z</time>
        <extensions>
          <speed>10.91</speed>
          <course>127.9</course>
        </extensions>
      </trkpt>
      <trkpt lat="48.5317145" lon="36.0673307">
        <ele>129.2</ele>
        <time>2026-04-18T13:52:28Z</time>
        <extensions>
          <speed>10.59</speed>
          <course>127.9</course>
        </extensions>
      </trkpt>
      <trkpt lat="48.5317085" lon="36.0673422">
        <ele>129.2</ele>
        <time>2026-04-18T13:52:28Z</time>
        <extensions>
          <speed>10.63</speed>
          <course>128.1</course>
        </extensions>
      </trkpt>
      <trkpt lat="48.5317027" lon="36.0673533">
        <ele>129.2</ele>
        <time>2026-04-18T13:52:28Z</time>
        <extensions>
          <speed>10.44</speed>
          <course>127.9</course>
        </extensions>
      </trkpt>
      <trkpt lat="48.5316972" lon="36.0673643">
        <ele>129.2</ele>
        <time>2026-04-18T13:52:28Z</time>
        <extensions>
          <speed>10.34</speed>
          <course>127.3</course>
        </extensions>
      </trkpt>
      <trkpt lat="48.5316913" lon="36.0673757">
        <ele>129.2</ele>
        <time>2026-04-18T13:52:28Z</time>
        <extensions>
          <speed>10.44</speed>
          <course>127.9</course>
        </extensions>
      </trkpt>
      <trkpt lat="48.5316858" lon="36.0673863">
        <ele>129.2</ele>
        <time>2026-04-18T13:52:28Z</time>
        <extensions>
          <speed>10.31</speed>
          <course>127.9</course>
        </extensions>
      </trkpt>
      <trkpt lat="48.5316800" lon="36.0673978">
        <ele>129.2</ele>
        <time>2026-04-18T13:52:28Z</time>
        <extensions>
          <speed>10.37</speed>
          <course>127.8</course>
        </extensions>
      </trkpt>
      <trkpt lat="48.5316743" lon="36.0674087">
        <ele>129.2</ele>
        <time>2026-04-18T13:52:29Z</time>
        <extensions>
          <speed>10.20</speed>
          <course>127.7</course>
        </extensions>
      </trkpt>
      <trkpt lat="48.5316632" lon="36.0674308">
        <ele>129.2</ele>
        <time>2026-04-18T13:52:29Z</time>
        <extensions>
          <speed>10.17</speed>
          <course>127.2</course>
        </extensions>
      </trkpt>
      <trkpt lat="48.5316575" lon="36.0674422">
        <ele>129.2</ele>
        <time>2026-04-18T13:52:29Z</time>
        <extensions>
          <speed>10.37</speed>
          <course>127.1</course>
        </extensions>
      </trkpt>
      <trkpt lat="48.5316520" lon="36.0674532">
        <ele>129.2</ele>
        <time>2026-04-18T13:52:29Z</time>
        <extensions>
          <speed>10.27</speed>
          <course>126.7</course>
        </extensions>
      </trkpt>
      <trkpt lat="48.5316465" lon="36.0674645">
        <ele>129.2</ele>
        <time>2026-04-18T13:52:29Z</time>
        <extensions>
          <speed>10.29</speed>
          <course>126.6</course>
        </extensions>
      </trkpt>
      <trkpt lat="48.5316410" lon="36.0674757">
        <ele>129.2</ele>
        <time>2026-04-18T13:52:29Z</time>
        <extensions>
          <speed>10.24</speed>
          <course>126.2</course>
        </extensions>
      </trkpt>
      <trkpt lat="48.5316357" lon="36.0674867">
        <ele>129.2</ele>
        <time>2026-04-18T13:52:29Z</time>
        <extensions>
          <speed>10.02</speed>
          <course>125.8</course>
        </extensions>
      </trkpt>
      <trkpt lat="48.5316303" lon="36.0674982">
        <ele>129.2</ele>
        <time>2026-04-18T13:52:29Z</time>
        <extensions>
          <speed>10.26</speed>
          <course>125.4</course>
        </extensions>
      </trkpt>
      <trkpt lat="48.5316250" lon="36.0675092">
        <ele>129.2</ele>
        <time>2026-04-18T13:52:29Z</time>
        <extensions>
          <speed>10.19</speed>
          <course>125.5</course>
        </extensions>
      </trkpt>
      <trkpt lat="48.5316197" lon="36.0675210">
        <ele>129.2</ele>
        <time>2026-04-18T13:52:30Z</time>
        <extensions>
          <speed>10.33</speed>
          <course>124.4</course>
        </extensions>
      </trkpt>
      <trkpt lat="48.5316097" lon="36.0675430">
        <ele>129.1</ele>
        <time>2026-04-18T13:52:30Z</time>
        <extensions>
          <speed>9.98</speed>
          <course>123.8</course>
        </extensions>
      </trkpt>
      <trkpt lat="48.5316050" lon="36.0675540">
        <ele>129.1</ele>
        <time>2026-04-18T13:52:30Z</time>
        <extensions>
          <speed>9.72</speed>
          <course>123.2</course>
        </extensions>
      </trkpt>
      <trkpt lat="48.5316002" lon="36.0675655">
        <ele>129.1</ele>
        <time>2026-04-18T13:52:30Z</time>
        <extensions>
          <speed>9.91</speed>
          <course>122.3</course>
        </extensions>
      </trkpt>
      <trkpt lat="48.5315955" lon="36.0675767">
        <ele>129.1</ele>
        <time>2026-04-18T13:52:30Z</time>
        <extensions>
          <speed>9.67</speed>
          <course>122.1</course>
        </extensions>
      </trkpt>
      <trkpt lat="48.5315908" lon="36.0675873">
        <ele>129.1</ele>
        <time>2026-04-18T13:52:30Z</time>
        <extensions>
          <speed>9.44</speed>
          <course>122.9</course>
        </extensions>
      </trkpt>
      <trkpt lat="48.5315863" lon="36.0675982">
        <ele>129.1</ele>
        <time>2026-04-18T13:52:30Z</time>
        <extensions>
          <speed>9.30</speed>
          <course>122.8</course>
        </extensions>
      </trkpt>
      <trkpt lat="48.5315818" lon="36.0676087">
        <ele>129.1</ele>
        <time>2026-04-18T13:52:30Z</time>
        <extensions>
          <speed>9.22</speed>
          <course>122.2</course>
        </extensions>
      </trkpt>
      <trkpt lat="48.5315730" lon="36.0676292">
        <ele>129.1</ele>
        <time>2026-04-18T13:52:31Z</time>
        <extensions>
          <speed>9.06</speed>
          <course>123.5</course>
        </extensions>
      </trkpt>
      <trkpt lat="48.5315645" lon="36.0676490">
        <ele>129.0</ele>
        <time>2026-04-18T13:52:31Z</time>
        <extensions>
          <speed>8.85</speed>
          <course>121.9</course>
        </extensions>
      </trkpt>
      <trkpt lat="48.5315603" lon="36.0676583">
        <ele>128.9</ele>
        <time>2026-04-18T13:52:31Z</time>
        <extensions>
          <speed>8.67</speed>
          <course>123.2</course>
        </extensions>
      </trkpt>
      <trkpt lat="48.5315562" lon="36.0676682">
        <ele>128.9</ele>
        <time>2026-04-18T13:52:31Z</time>
        <extensions>
          <speed>8.61</speed>
          <course>123.6</course>
        </extensions>
      </trkpt>
      <trkpt lat="48.5315520" lon="36.0676780">
        <ele>128.9</ele>
        <time>2026-04-18T13:52:31Z</time>
        <extensions>
          <speed>8.51</speed>
          <course>122.5</course>
        </extensions>
      </trkpt>
      <trkpt lat="48.5315478" lon="36.0676875">
        <ele>128.9</ele>
        <time>2026-04-18T13:52:31Z</time>
        <extensions>
          <speed>8.33</speed>
          <course>124.3</course>
        </extensions>
      </trkpt>
      <trkpt lat="48.5315438" lon="36.0676962">
        <ele>128.9</ele>
        <time>2026-04-18T13:52:31Z</time>
        <extensions>
          <speed>7.96</speed>
          <course>124.5</course>
        </extensions>
      </trkpt>
      <trkpt lat="48.5315398" lon="36.0677057">
        <ele>128.9</ele>
        <time>2026-04-18T13:52:31Z</time>
        <extensions>
          <speed>8.13</speed>
          <course>122.5</course>
        </extensions>
      </trkpt>
      <trkpt lat="48.5315355" lon="36.0677153">
        <ele>129.0</ele>
        <time>2026-04-18T13:52:31Z</time>
        <extensions>
          <speed>8.03</speed>
          <course>124.3</course>
        </extensions>
      </trkpt>
      <trkpt lat="48.5315320" lon="36.0677235">
        <ele>128.9</ele>
        <time>2026-04-18T13:52:32Z</time>
        <extensions>
          <speed>7.70</speed>
          <course>122.9</course>
        </extensions>
      </trkpt>
      <trkpt lat="48.5315243" lon="36.0677408">
        <ele>128.9</ele>
        <time>2026-04-18T13:52:32Z</time>
        <extensions>
          <speed>7.68</speed>
          <course>123.5</course>
        </extensions>
      </trkpt>
      <trkpt lat="48.5315208" lon="36.0677493">
        <ele>128.9</ele>
        <time>2026-04-18T13:52:32Z</time>
        <extensions>
          <speed>7.47</speed>
          <course>122.3</course>
        </extensions>
      </trkpt>
      <trkpt lat="48.5315178" lon="36.0677575">
        <ele>128.8</ele>
        <time>2026-04-18T13:52:32Z</time>
        <extensions>
          <speed>7.04</speed>
          <course>119.5</course>
        </extensions>
      </trkpt>
      <trkpt lat="48.5315145" lon="36.0677662">
        <ele>128.9</ele>
        <time>2026-04-18T13:52:32Z</time>
        <extensions>
          <speed>7.23</speed>
          <course>120.2</course>
        </extensions>
      </trkpt>
      <trkpt lat="48.5315115" lon="36.0677745">
        <ele>128.9</ele>
        <time>2026-04-18T13:52:32Z</time>
        <extensions>
          <speed>6.93</speed>
          <course>118.8</course>
        </extensions>
      </trkpt>
      <trkpt lat="48.5315085" lon="36.0677825">
        <ele>128.9</ele>
        <time>2026-04-18T13:52:32Z</time>
        <extensions>
          <speed>6.95</speed>
          <course>118.0</course>
        </extensions>
      </trkpt>
      <trkpt lat="48.5315058" lon="36.0677907">
        <ele>128.8</ele>
        <time>2026-04-18T13:52:32Z</time>
        <extensions>
          <speed>6.95</speed>
          <course>117.2</course>
        </extensions>
      </trkpt>
      <trkpt lat="48.5315030" lon="36.0677992">
        <ele>128.8</ele>
        <time>2026-04-18T13:52:32Z</time>
        <extensions>
          <speed>6.81</speed>
          <course>116.2</course>
        </extensions>
      </trkpt>
      <trkpt lat="48.5315008" lon="36.0678063">
        <ele>128.8</ele>
        <time>2026-04-18T13:52:33Z</time>
        <extensions>
          <speed>6.14</speed>
          <course>114.3</course>
        </extensions>
      </trkpt>
      <trkpt lat="48.5314968" lon="36.0678223">
        <ele>128.9</ele>
        <time>2026-04-18T13:52:33Z</time>
        <extensions>
          <speed>6.02</speed>
          <course>110.8</course>
        </extensions>
      </trkpt>
      <trkpt lat="48.5314948" lon="36.0678300">
        <ele>128.9</ele>
        <time>2026-04-18T13:52:33Z</time>
        <extensions>
          <speed>6.15</speed>
          <course>110.4</course>
        </extensions>
      </trkpt>
      <trkpt lat="48.5314935" lon="36.0678368">
        <ele>128.8</ele>
        <time>2026-04-18T13:52:33Z</time>
        <extensions>
          <speed>5.65</speed>
          <course>107.9</course>
        </extensions>
      </trkpt>
      <trkpt lat="48.5314920" lon="36.0678445">
        <ele>128.8</ele>
        <time>2026-04-18T13:52:33Z</time>
        <extensions>
          <speed>5.86</speed>
          <course>107.2</course>
        </extensions>
      </trkpt>
      <trkpt lat="48.5314907" lon="36.0678515">
        <ele>128.9</ele>
        <time>2026-04-18T13:52:33Z</time>
        <extensions>
          <speed>5.48</speed>
          <course>107.6</course>
        </extensions>
      </trkpt>
      <trkpt lat="48.5314895" lon="36.0678590">
        <ele>128.9</ele>
        <time>2026-04-18T13:52:33Z</time>
        <extensions>
          <speed>5.50</speed>
          <course>103.9</course>
        </extensions>
      </trkpt>
      <trkpt lat="48.5314887" lon="36.0678657">
        <ele>128.8</ele>
        <time>2026-04-18T13:52:33Z</time>
        <extensions>
          <speed>5.55</speed>
          <course>103.2</course>
        </extensions>
      </trkpt>
      <trkpt lat="48.5314878" lon="36.0678725">
        <ele>128.8</ele>
        <time>2026-04-18T13:52:33Z</time>
        <extensions>
          <speed>5.38</speed>
          <course>102.0</course>
        </extensions>
      </trkpt>
      <trkpt lat="48.5314872" lon="36.0678797">
        <ele>128.8</ele>
        <time>2026-04-18T13:52:34Z</time>
        <extensions>
          <speed>5.40</speed>
          <course>100.5</course>
        </extensions>
      </trkpt>
      <trkpt lat="48.5314858" lon="36.0678937">
        <ele>128.7</ele>
        <time>2026-04-18T13:52:34Z</time>
        <extensions>
          <speed>5.45</speed>
          <course>98.0</course>
        </extensions>
      </trkpt>
      <trkpt lat="48.5314853" lon="36.0679073">
        <ele>128.7</ele>
        <time>2026-04-18T13:52:34Z</time>
        <extensions>
          <speed>4.87</speed>
          <course>94.3</course>
        </extensions>
      </trkpt>
      <trkpt lat="48.5314850" lon="36.0679207">
        <ele>128.7</ele>
        <time>2026-04-18T13:52:34Z</time>
        <extensions>
          <speed>4.92</speed>
          <course>93.4</course>
        </extensions>
      </trkpt>
      <trkpt lat="48.5314848" lon="36.0679272">
        <ele>128.7</ele>
        <time>2026-04-18T13:52:34Z</time>
        <extensions>
          <speed>4.88</speed>
          <course>92.8</course>
        </extensions>
      </trkpt>
      <trkpt lat="48.5314847" lon="36.0679337">
        <ele>128.7</ele>
        <time>2026-04-18T13:52:34Z</time>
        <extensions>
          <speed>4.94</speed>
          <course>93.1</course>
        </extensions>
      </trkpt>
      <trkpt lat="48.5314845" lon="36.0679400">
        <ele>128.7</ele>
        <time>2026-04-18T13:52:34Z</time>
        <extensions>
          <speed>4.76</speed>
          <course>91.9</course>
        </extensions>
      </trkpt>
      <trkpt lat="48.5314845" lon="36.0679578">
        <ele>128.6</ele>
        <time>2026-04-18T13:52:35Z</time>
        <extensions>
          <speed>4.46</speed>
          <course>90.5</course>
        </extensions>
      </trkpt>
      <trkpt lat="48.5314843" lon="36.0679638">
        <ele>128.6</ele>
        <time>2026-04-18T13:52:35Z</time>
        <extensions>
          <speed>4.41</speed>
          <course>91.3</course>
        </extensions>
      </trkpt>
      <trkpt lat="48.5314845" lon="36.0679693">
        <ele>128.6</ele>
        <time>2026-04-18T13:52:35Z</time>
        <extensions>
          <speed>4.25</speed>
          <course>89.3</course>
        </extensions>
      </trkpt>
      <trkpt lat="48.5314847" lon="36.0679805">
        <ele>128.6</ele>
        <time>2026-04-18T13:52:35Z</time>
        <extensions>
          <speed>4.31</speed>
          <course>89.8</course>
        </extensions>
      </trkpt>
      <trkpt lat="48.5314848" lon="36.0679915">
        <ele>128.6</ele>
        <time>2026-04-18T13:52:35Z</time>
        <extensions>
          <speed>4.14</speed>
          <course>88.4</course>
        </extensions>
      </trkpt>
      <trkpt lat="48.5314850" lon="36.0679972">
        <ele>128.6</ele>
        <time>2026-04-18T13:52:35Z</time>
        <extensions>
          <speed>4.26</speed>
          <course>88.7</course>
        </extensions>
      </trkpt>
      <trkpt lat="48.5314850" lon="36.0680025">
        <ele>128.6</ele>
        <time>2026-04-18T13:52:36Z</time>
        <extensions>
          <speed>4.15</speed>
          <course>89.2</course>
        </extensions>
      </trkpt>
      <trkpt lat="48.5314853" lon="36.0680132">
        <ele>128.6</ele>
        <time>2026-04-18T13:52:36Z</time>
        <extensions>
          <speed>4.00</speed>
          <course>88.2</course>
        </extensions>
      </trkpt>
      <trkpt lat="48.5314855" lon="36.0680183">
        <ele>128.5</ele>
        <time>2026-04-18T13:52:36Z</time>
        <extensions>
          <speed>3.97</speed>
          <course>86.8</course>
        </extensions>
      </trkpt>
      <trkpt lat="48.5314857" lon="36.0680238">
        <ele>128.5</ele>
        <time>2026-04-18T13:52:36Z</time>
        <extensions>
          <speed>4.07</speed>
          <course>86.8</course>
        </extensions>
      </trkpt>
      <trkpt lat="48.5314860" lon="36.0680293">
        <ele>128.5</ele>
        <time>2026-04-18T13:52:36Z</time>
        <extensions>
          <speed>4.13</speed>
          <course>85.7</course>
        </extensions>
      </trkpt>
      <trkpt lat="48.5314863" lon="36.0680350">
        <ele>128.5</ele>
        <time>2026-04-18T13:52:36Z</time>
        <extensions>
          <speed>4.16</speed>
          <course>85.4</course>
        </extensions>
      </trkpt>
      <trkpt lat="48.5314868" lon="36.0680407">
        <ele>128.4</ele>
        <time>2026-04-18T13:52:36Z</time>
        <extensions>
          <speed>4.48</speed>
          <course>84.5</course>
        </extensions>
      </trkpt>
      <trkpt lat="48.5314870" lon="36.0680473">
        <ele>128.4</ele>
        <time>2026-04-18T13:52:36Z</time>
        <extensions>
          <speed>4.62</speed>
          <course>85.1</course>
        </extensions>
      </trkpt>
      <trkpt lat="48.5314873" lon="36.0680538">
        <ele>128.4</ele>
        <time>2026-04-18T13:52:36Z</time>
        <extensions>
          <speed>4.86</speed>
          <course>86.3</course>
        </extensions>
      </trkpt>
      <trkpt lat="48.5314877" lon="36.0680605">
        <ele>128.4</ele>
        <time>2026-04-18T13:52:37Z</time>
        <extensions>
          <speed>4.88</speed>
          <course>86.0</course>
        </extensions>
      </trkpt>
      <trkpt lat="48.5314880" lon="36.0680750">
        <ele>128.4</ele>
        <time>2026-04-18T13:52:37Z</time>
        <extensions>
          <speed>5.47</speed>
          <course>87.5</course>
        </extensions>
      </trkpt>
      <trkpt lat="48.5314883" lon="36.0680900">
        <ele>128.4</ele>
        <time>2026-04-18T13:52:37Z</time>
        <extensions>
          <speed>5.53</speed>
          <course>89.2</course>
        </extensions>
      </trkpt>
      <trkpt lat="48.5314885" lon="36.0680973">
        <ele>128.4</ele>
        <time>2026-04-18T13:52:37Z</time>
        <extensions>
          <speed>5.58</speed>
          <course>89.0</course>
        </extensions>
      </trkpt>
      <trkpt lat="48.5314882" lon="36.0681048">
        <ele>128.4</ele>
        <time>2026-04-18T13:52:37Z</time>
        <extensions>
          <speed>5.50</speed>
          <course>92.1</course>
        </extensions>
      </trkpt>
      <trkpt lat="48.5314880" lon="36.0681130">
        <ele>128.5</ele>
        <time>2026-04-18T13:52:37Z</time>
        <extensions>
          <speed>5.67</speed>
          <course>91.9</course>
        </extensions>
      </trkpt>
      <trkpt lat="48.5314877" lon="36.0681210">
        <ele>128.5</ele>
        <time>2026-04-18T13:52:37Z</time>
        <extensions>
          <speed>5.79</speed>
          <course>93.5</course>
        </extensions>
      </trkpt>
      <trkpt lat="48.5314872" lon="36.0681293">
        <ele>128.5</ele>
        <time>2026-04-18T13:52:37Z</time>
        <extensions>
          <speed>5.87</speed>
          <course>94.6</course>
        </extensions>
      </trkpt>
      <trkpt lat="48.5314867" lon="36.0681372">
        <ele>128.5</ele>
        <time>2026-04-18T13:52:38Z</time>
        <extensions>
          <speed>5.84</speed>
          <course>95.1</course>
        </extensions>
      </trkpt>
      <trkpt lat="48.5314852" lon="36.0681538">
        <ele>128.5</ele>
        <time>2026-04-18T13:52:38Z</time>
        <extensions>
          <speed>6.19</speed>
          <course>98.5</course>
        </extensions>
      </trkpt>
      <trkpt lat="48.5314838" lon="36.0681627">
        <ele>128.6</ele>
        <time>2026-04-18T13:52:38Z</time>
        <extensions>
          <speed>6.45</speed>
          <course>101.7</course>
        </extensions>
      </trkpt>
      <trkpt lat="48.5314827" lon="36.0681710">
        <ele>128.5</ele>
        <time>2026-04-18T13:52:38Z</time>
        <extensions>
          <speed>6.44</speed>
          <course>101.8</course>
        </extensions>
      </trkpt>
      <trkpt lat="48.5314810" lon="36.0681795">
        <ele>128.5</ele>
        <time>2026-04-18T13:52:38Z</time>
        <extensions>
          <speed>6.57</speed>
          <course>105.0</course>
        </extensions>
      </trkpt>
      <trkpt lat="48.5314793" lon="36.0681878">
        <ele>128.5</ele>
        <time>2026-04-18T13:52:38Z</time>
        <extensions>
          <speed>6.46</speed>
          <course>107.1</course>
        </extensions>
      </trkpt>
      <trkpt lat="48.5314773" lon="36.0681965">
        <ele>128.5</ele>
        <time>2026-04-18T13:52:38Z</time>
        <extensions>
          <speed>6.56</speed>
          <course>107.6</course>
        </extensions>
      </trkpt>
      <trkpt lat="48.5314750" lon="36.0682055">
        <ele>128.5</ele>
        <time>2026-04-18T13:52:38Z</time>
        <extensions>
          <speed>6.91</speed>
          <course>110.7</course>
        </extensions>
      </trkpt>
      <trkpt lat="48.5314728" lon="36.0682147">
        <ele>128.6</ele>
        <time>2026-04-18T13:52:38Z</time>
        <extensions>
          <speed>6.88</speed>
          <course>110.8</course>
        </extensions>
      </trkpt>
      <trkpt lat="48.5314700" lon="36.0682232">
        <ele>128.6</ele>
        <time>2026-04-18T13:52:39Z</time>
        <extensions>
          <speed>6.89</speed>
          <course>114.4</course>
        </extensions>
      </trkpt>
      <trkpt lat="48.5314673" lon="36.0682310">
        <ele>128.7</ele>
        <time>2026-04-18T13:52:39Z</time>
        <extensions>
          <speed>6.58</speed>
          <course>116.4</course>
        </extensions>
      </trkpt>
      <trkpt lat="48.5314648" lon="36.0682377">
        <ele>128.7</ele>
        <time>2026-04-18T13:52:39Z</time>
        <extensions>
          <speed>6.07</speed>
          <course>117.9</course>
        </extensions>
      </trkpt>
      <trkpt lat="48.5314620" lon="36.0682448">
        <ele>128.7</ele>
        <time>2026-04-18T13:52:39Z</time>
        <extensions>
          <speed>6.20</speed>
          <course>119.3</course>
        </extensions>
      </trkpt>
      <trkpt lat="48.5314590" lon="36.0682520">
        <ele>128.7</ele>
        <time>2026-04-18T13:52:39Z</time>
        <extensions>
          <speed>6.11</speed>
          <course>120.3</course>
        </extensions>
      </trkpt>
      <trkpt lat="48.5314560" lon="36.0682578">
        <ele>128.7</ele>
        <time>2026-04-18T13:52:39Z</time>
        <extensions>
          <speed>5.89</speed>
          <course>123.2</course>
        </extensions>
      </trkpt>
      <trkpt lat="48.5314532" lon="36.0682635">
        <ele>128.7</ele>
        <time>2026-04-18T13:52:39Z</time>
        <extensions>
          <speed>5.64</speed>
          <course>125.3</course>
        </extensions>
      </trkpt>
      <trkpt lat="48.5314503" lon="36.0682695">
        <ele>128.7</ele>
        <time>2026-04-18T13:52:39Z</time>
        <extensions>
          <speed>5.41</speed>
          <course>125.4</course>
        </extensions>
      </trkpt>
      <trkpt lat="48.5314470" lon="36.0682748">
        <ele>128.7</ele>
        <time>2026-04-18T13:52:39Z</time>
        <extensions>
          <speed>5.44</speed>
          <course>128.2</course>
        </extensions>
      </trkpt>
      <trkpt lat="48.5314437" lon="36.0682803">
        <ele>128.7</ele>
        <time>2026-04-18T13:52:39Z</time>
        <extensions>
          <speed>5.50</speed>
          <course>130.1</course>
        </extensions>
      </trkpt>
      <trkpt lat="48.5314405" lon="36.0682857">
        <ele>128.7</ele>
        <time>2026-04-18T13:52:40Z</time>
        <extensions>
          <speed>5.22</speed>
          <course>131.4</course>
        </extensions>
      </trkpt>
      <trkpt lat="48.5314372" lon="36.0682905">
        <ele>128.7</ele>
        <time>2026-04-18T13:52:40Z</time>
        <extensions>
          <speed>5.32</speed>
          <course>132.5</course>
        </extensions>
      </trkpt>
      <trkpt lat="48.5314335" lon="36.0682953">
        <ele>128.7</ele>
        <time>2026-04-18T13:52:40Z</time>
        <extensions>
          <speed>5.25</speed>
          <course>135.2</course>
        </extensions>
      </trkpt>
      <trkpt lat="48.5314305" lon="36.0682998">
        <ele>128.7</ele>
        <time>2026-04-18T13:52:40Z</time>
        <extensions>
          <speed>5.00</speed>
          <course>135.6</course>
        </extensions>
      </trkpt>
      <trkpt lat="48.5314270" lon="36.0683043">
        <ele>128.7</ele>
        <time>2026-04-18T13:52:40Z</time>
        <extensions>
          <speed>5.03</speed>
          <course>137.3</course>
        </extensions>
      </trkpt>
      <trkpt lat="48.5314235" lon="36.0683080">
        <ele>128.7</ele>
        <time>2026-04-18T13:52:40Z</time>
        <extensions>
          <speed>4.99</speed>
          <course>140.3</course>
        </extensions>
      </trkpt>
      <trkpt lat="48.5314202" lon="36.0683118">
        <ele>128.7</ele>
        <time>2026-04-18T13:52:40Z</time>
        <extensions>
          <speed>4.91</speed>
          <course>140.5</course>
        </extensions>
      </trkpt>
      <trkpt lat="48.5314167" lon="36.0683165">
        <ele>128.7</ele>
        <time>2026-04-18T13:52:40Z</time>
        <extensions>
          <speed>4.92</speed>
          <course>141.0</course>
        </extensions>
      </trkpt>
      <trkpt lat="48.5314133" lon="36.0683193">
        <ele>128.6</ele>
        <time>2026-04-18T13:52:40Z</time>
        <extensions>
          <speed>4.78</speed>
          <course>144.3</course>
        </extensions>
      </trkpt>
      <trkpt lat="48.5314102" lon="36.0683230">
        <ele>128.6</ele>
        <time>2026-04-18T13:52:40Z</time>
        <extensions>
          <speed>4.60</speed>
          <course>143.2</course>
        </extensions>
      </trkpt>
      <trkpt lat="48.5314070" lon="36.0683265">
        <ele>128.6</ele>
        <time>2026-04-18T13:52:41Z</time>
        <extensions>
          <speed>4.56</speed>
          <course>143.4</course>
        </extensions>
      </trkpt>
      <trkpt lat="48.5314038" lon="36.0683302">
        <ele>128.6</ele>
        <time>2026-04-18T13:52:41Z</time>
        <extensions>
          <speed>4.41</speed>
          <course>143.1</course>
        </extensions>
      </trkpt>
      <trkpt lat="48.5314008" lon="36.0683335">
        <ele>128.6</ele>
        <time>2026-04-18T13:52:41Z</time>
        <extensions>
          <speed>4.27</speed>
          <course>143.6</course>
        </extensions>
      </trkpt>
      <trkpt lat="48.5313982" lon="36.0683367">
        <ele>128.5</ele>
        <time>2026-04-18T13:52:41Z</time>
        <extensions>
          <speed>3.91</speed>
          <course>142.9</course>
        </extensions>
      </trkpt>
      <trkpt lat="48.5313955" lon="36.0683393">
        <ele>128.5</ele>
        <time>2026-04-18T13:52:41Z</time>
        <extensions>
          <speed>3.71</speed>
          <course>144.3</course>
        </extensions>
      </trkpt>
      <trkpt lat="48.5313928" lon="36.0683418">
        <ele>128.6</ele>
        <time>2026-04-18T13:52:41Z</time>
        <extensions>
          <speed>3.44</speed>
          <course>145.5</course>
        </extensions>
      </trkpt>
      <trkpt lat="48.5313912" lon="36.0683442">
        <ele>128.3</ele>
        <time>2026-04-18T13:52:41Z</time>
        <extensions>
          <speed>3.46</speed>
          <course>142.8</course>
        </extensions>
      </trkpt>
      <trkpt lat="48.5313887" lon="36.0683467">
        <ele>128.3</ele>
        <time>2026-04-18T13:52:41Z</time>
        <extensions>
          <speed>3.26</speed>
          <course>144.5</course>
        </extensions>
      </trkpt>
      <trkpt lat="48.5313863" lon="36.0683482">
        <ele>128.3</ele>
        <time>2026-04-18T13:52:41Z</time>
        <extensions>
          <speed>3.03</speed>
          <course>149.5</course>
        </extensions>
      </trkpt>
      <trkpt lat="48.5313833" lon="36.0683512">
        <ele>128.4</ele>
        <time>2026-04-18T13:52:41Z</time>
        <extensions>
          <speed>3.13</speed>
          <course>150.4</course>
        </extensions>
      </trkpt>
      <trkpt lat="48.5313810" lon="36.0683527">
        <ele>128.3</ele>
        <time>2026-04-18T13:52:42Z</time>
        <extensions>
          <speed>2.99</speed>
          <course>153.2</course>
        </extensions>
      </trkpt>
      <trkpt lat="48.5313783" lon="36.0683545">
        <ele>128.4</ele>
        <time>2026-04-18T13:52:42Z</time>
        <extensions>
          <speed>2.99</speed>
          <course>155.7</course>
        </extensions>
      </trkpt>
      <trkpt lat="48.5313758" lon="36.0683563">
        <ele>128.4</ele>
        <time>2026-04-18T13:52:42Z</time>
        <extensions>
          <speed>2.99</speed>
          <course>156.8</course>
        </extensions>
      </trkpt>
      <trkpt lat="48.5313710" lon="36.0683578">
        <ele>128.2</ele>
        <time>2026-04-18T13:52:42Z</time>
        <extensions>
          <speed>2.62</speed>
          <course>163.0</course>
        </extensions>
      </trkpt>
      <trkpt lat="48.5313683" lon="36.0683597">
        <ele>128.3</ele>
        <time>2026-04-18T13:52:42Z</time>
        <extensions>
          <speed>2.91</speed>
          <course>162.7</course>
        </extensions>
      </trkpt>
      <trkpt lat="48.5313657" lon="36.0683608">
        <ele>128.4</ele>
        <time>2026-04-18T13:52:42Z</time>
        <extensions>
          <speed>2.79</speed>
          <course>164.7</course>
        </extensions>
      </trkpt>
      <trkpt lat="48.5313635" lon="36.0683622">
        <ele>128.3</ele>
        <time>2026-04-18T13:52:42Z</time>
        <extensions>
          <speed>2.63</speed>
          <course>162.8</course>
        </extensions>
      </trkpt>
      <trkpt lat="48.5313610" lon="36.0683630">
        <ele>128.4</ele>
        <time>2026-04-18T13:52:42Z</time>
        <extensions>
          <speed>2.75</speed>
          <course>165.8</course>
        </extensions>
      </trkpt>
      <trkpt lat="48.5313583" lon="36.0683633">
        <ele>128.3</ele>
        <time>2026-04-18T13:52:42Z</time>
        <extensions>
          <speed>2.98</speed>
          <course>169.2</course>
        </extensions>
      </trkpt>
      <trkpt lat="48.5313558" lon="36.0683648">
        <ele>128.3</ele>
        <time>2026-04-18T13:52:43Z</time>
        <extensions>
          <speed>2.85</speed>
          <course>167.2</course>
        </extensions>
      </trkpt>
      <trkpt lat="48.5313530" lon="36.0683658">
        <ele>128.3</ele>
        <time>2026-04-18T13:52:43Z</time>
        <extensions>
          <speed>3.06</speed>
          <course>167.6</course>
        </extensions>
      </trkpt>
      <trkpt lat="48.5313507" lon="36.0683660">
        <ele>128.3</ele>
        <time>2026-04-18T13:52:43Z</time>
        <extensions>
          <speed>2.83</speed>
          <course>169.2</course>
        </extensions>
      </trkpt>
      <trkpt lat="48.5313483" lon="36.0683667">
        <ele>128.4</ele>
        <time>2026-04-18T13:52:43Z</time>
        <extensions>
          <speed>2.59</speed>
          <course>171.8</course>
        </extensions>
      </trkpt>
      <trkpt lat="48.5313460" lon="36.0683673">
        <ele>128.4</ele>
        <time>2026-04-18T13:52:43Z</time>
        <extensions>
          <speed>2.45</speed>
          <course>172.8</course>
        </extensions>
      </trkpt>
      <trkpt lat="48.5313438" lon="36.0683677">
        <ele>128.4</ele>
        <time>2026-04-18T13:52:43Z</time>
        <extensions>
          <speed>2.49</speed>
          <course>174.6</course>
        </extensions>
      </trkpt>
      <trkpt lat="48.5313418" lon="36.0683682">
        <ele>128.5</ele>
        <time>2026-04-18T13:52:43Z</time>
        <extensions>
          <speed>2.18</speed>
          <course>174.2</course>
        </extensions>
      </trkpt>
      <trkpt lat="48.5313393" lon="36.0683677">
        <ele>128.4</ele>
        <time>2026-04-18T13:52:43Z</time>
        <extensions>
          <speed>2.58</speed>
          <course>177.6</course>
        </extensions>
      </trkpt>
      <trkpt lat="48.5313373" lon="36.0683675">
        <ele>128.5</ele>
        <time>2026-04-18T13:52:43Z</time>
        <extensions>
          <speed>2.39</speed>
          <course>181.6</course>
        </extensions>
      </trkpt>
      <trkpt lat="48.5313347" lon="36.0683683">
        <ele>128.5</ele>
        <time>2026-04-18T13:52:43Z</time>
        <extensions>
          <speed>2.66</speed>
          <course>178.9</course>
        </extensions>
      </trkpt>
      <trkpt lat="48.5313325" lon="36.0683672">
        <ele>128.5</ele>
        <time>2026-04-18T13:52:44Z</time>
        <extensions>
          <speed>2.58</speed>
          <course>186.4</course>
        </extensions>
      </trkpt>
      <trkpt lat="48.5313303" lon="36.0683653">
        <ele>128.3</ele>
        <time>2026-04-18T13:52:44Z</time>
        <extensions>
          <speed>2.75</speed>
          <course>191.2</course>
        </extensions>
      </trkpt>
      <trkpt lat="48.5313277" lon="36.0683645">
        <ele>128.3</ele>
        <time>2026-04-18T13:52:44Z</time>
        <extensions>
          <speed>3.02</speed>
          <course>192.2</course>
        </extensions>
      </trkpt>
      <trkpt lat="48.5313247" lon="36.0683635">
        <ele>128.3</ele>
        <time>2026-04-18T13:52:44Z</time>
        <extensions>
          <speed>3.21</speed>
          <course>193.3</course>
        </extensions>
      </trkpt>
      <trkpt lat="48.5313220" lon="36.0683625">
        <ele>128.3</ele>
        <time>2026-04-18T13:52:44Z</time>
        <extensions>
          <speed>3.15</speed>
          <course>195.1</course>
        </extensions>
      </trkpt>
      <trkpt lat="48.5313195" lon="36.0683615">
        <ele>128.4</ele>
        <time>2026-04-18T13:52:44Z</time>
        <extensions>
          <speed>2.94</speed>
          <course>197.3</course>
        </extensions>
      </trkpt>
      <trkpt lat="48.5313163" lon="36.0683605">
        <ele>128.5</ele>
        <time>2026-04-18T13:52:44Z</time>
        <extensions>
          <speed>3.28</speed>
          <course>197.3</course>
        </extensions>
      </trkpt>
      <trkpt lat="48.5313138" lon="36.0683587">
        <ele>128.5</ele>
        <time>2026-04-18T13:52:44Z</time>
        <extensions>
          <speed>3.20</speed>
          <course>200.5</course>
        </extensions>
      </trkpt>
      <trkpt lat="48.5313107" lon="36.0683560">
        <ele>128.4</ele>
        <time>2026-04-18T13:52:44Z</time>
        <extensions>
          <speed>3.71</speed>
          <course>205.1</course>
        </extensions>
      </trkpt>
      <trkpt lat="48.5313073" lon="36.0683540">
        <ele>128.4</ele>
        <time>2026-04-18T13:52:44Z</time>
        <extensions>
          <speed>3.99</speed>
          <course>206.0</course>
        </extensions>
      </trkpt>
      <trkpt lat="48.5313040" lon="36.0683517">
        <ele>128.4</ele>
        <time>2026-04-18T13:52:45Z</time>
        <extensions>
          <speed>4.03</speed>
          <course>205.9</course>
        </extensions>
      </trkpt>
      <trkpt lat="48.5313005" lon="36.0683495">
        <ele>128.4</ele>
        <time>2026-04-18T13:52:45Z</time>
        <extensions>
          <speed>4.11</speed>
          <course>206.5</course>
        </extensions>
      </trkpt>
      <trkpt lat="48.5312970" lon="36.0683472">
        <ele>128.5</ele>
        <time>2026-04-18T13:52:45Z</time>
        <extensions>
          <speed>4.24</speed>
          <course>207.2</course>
        </extensions>
      </trkpt>
      <trkpt lat="48.5312933" lon="36.0683438">
        <ele>128.3</ele>
        <time>2026-04-18T13:52:45Z</time>
        <extensions>
          <speed>4.54</speed>
          <course>208.6</course>
        </extensions>
      </trkpt>
      <trkpt lat="48.5312897" lon="36.0683408">
        <ele>128.3</ele>
        <time>2026-04-18T13:52:45Z</time>
        <extensions>
          <speed>4.59</speed>
          <course>209.7</course>
        </extensions>
      </trkpt>
      <trkpt lat="48.5312860" lon="36.0683378">
        <ele>128.3</ele>
        <time>2026-04-18T13:52:45Z</time>
        <extensions>
          <speed>4.57</speed>
          <course>210.4</course>
        </extensions>
      </trkpt>
      <trkpt lat="48.5312820" lon="36.0683347">
        <ele>128.3</ele>
        <time>2026-04-18T13:52:45Z</time>
        <extensions>
          <speed>4.90</speed>
          <course>208.8</course>
        </extensions>
      </trkpt>
      <trkpt lat="48.5312782" lon="36.0683315">
        <ele>128.3</ele>
        <time>2026-04-18T13:52:45Z</time>
        <extensions>
          <speed>4.86</speed>
          <course>210.1</course>
        </extensions>
      </trkpt>
      <trkpt lat="48.5312743" lon="36.0683278">
        <ele>128.2</ele>
        <time>2026-04-18T13:52:45Z</time>
        <extensions>
          <speed>5.07</speed>
          <course>211.2</course>
        </extensions>
      </trkpt>
      <trkpt lat="48.5312702" lon="36.0683245">
        <ele>128.3</ele>
        <time>2026-04-18T13:52:45Z</time>
        <extensions>
          <speed>5.02</speed>
          <course>210.6</course>
        </extensions>
      </trkpt>
      <trkpt lat="48.5312658" lon="36.0683208">
        <ele>128.3</ele>
        <time>2026-04-18T13:52:46Z</time>
        <extensions>
          <speed>5.41</speed>
          <course>209.1</course>
        </extensions>
      </trkpt>
      <trkpt lat="48.5312617" lon="36.0683173">
        <ele>128.2</ele>
        <time>2026-04-18T13:52:46Z</time>
        <extensions>
          <speed>5.38</speed>
          <course>209.4</course>
        </extensions>
      </trkpt>
      <trkpt lat="48.5312573" lon="36.0683140">
        <ele>128.3</ele>
        <time>2026-04-18T13:52:46Z</time>
        <extensions>
          <speed>5.31</speed>
          <course>209.5</course>
        </extensions>
      </trkpt>
      <trkpt lat="48.5312528" lon="36.0683107">
        <ele>128.3</ele>
        <time>2026-04-18T13:52:46Z</time>
        <extensions>
          <speed>5.51</speed>
          <course>208.1</course>
        </extensions>
      </trkpt>
      <trkpt lat="48.5312485" lon="36.0683070">
        <ele>128.2</ele>
        <time>2026-04-18T13:52:46Z</time>
        <extensions>
          <speed>5.57</speed>
          <course>209.8</course>
        </extensions>
      </trkpt>
      <trkpt lat="48.5312442" lon="36.0683038">
        <ele>128.2</ele>
        <time>2026-04-18T13:52:46Z</time>
        <extensions>
          <speed>5.51</speed>
          <course>207.8</course>
        </extensions>
      </trkpt>
      <trkpt lat="48.5312400" lon="36.0683008">
        <ele>128.2</ele>
        <time>2026-04-18T13:52:46Z</time>
        <extensions>
          <speed>5.21</speed>
          <course>207.8</course>
        </extensions>
      </trkpt>
      <trkpt lat="48.5312357" lon="36.0682973">
        <ele>128.2</ele>
        <time>2026-04-18T13:52:46Z</time>
        <extensions>
          <speed>5.44</speed>
          <course>207.8</course>
        </extensions>
      </trkpt>
      <trkpt lat="48.5312315" lon="36.0682940">
        <ele>128.2</ele>
        <time>2026-04-18T13:52:46Z</time>
        <extensions>
          <speed>5.41</speed>
          <course>208.3</course>
        </extensions>
      </trkpt>
      <trkpt lat="48.5312273" lon="36.0682907">
        <ele>128.1</ele>
        <time>2026-04-18T13:52:46Z</time>
        <extensions>
          <speed>5.39</speed>
          <course>207.6</course>
        </extensions>
      </trkpt>
      <trkpt lat="48.5312228" lon="36.0682873">
        <ele>128.1</ele>
        <time>2026-04-18T13:52:47Z</time>
        <extensions>
          <speed>5.50</speed>
          <course>206.9</course>
        </extensions>
      </trkpt>
      <trkpt lat="48.5312188" lon="36.0682842">
        <ele>128.1</ele>
        <time>2026-04-18T13:52:47Z</time>
        <extensions>
          <speed>5.27</speed>
          <course>207.8</course>
        </extensions>
      </trkpt>
      <trkpt lat="48.5312147" lon="36.0682815">
        <ele>128.0</ele>
        <time>2026-04-18T13:52:47Z</time>
        <extensions>
          <speed>5.19</speed>
          <course>206.1</course>
        </extensions>
      </trkpt>
      <trkpt lat="48.5312105" lon="36.0682783">
        <ele>128.0</ele>
        <time>2026-04-18T13:52:47Z</time>
        <extensions>
          <speed>5.21</speed>
          <course>207.6</course>
        </extensions>
      </trkpt>
      <trkpt lat="48.5312063" lon="36.0682752">
        <ele>128.0</ele>
        <time>2026-04-18T13:52:47Z</time>
        <extensions>
          <speed>5.25</speed>
          <course>207.5</course>
        </extensions>
      </trkpt>
      <trkpt lat="48.5312022" lon="36.0682723">
        <ele>127.9</ele>
        <time>2026-04-18T13:52:47Z</time>
        <extensions>
          <speed>5.17</speed>
          <course>206.1</course>
        </extensions>
      </trkpt>
      <trkpt lat="48.5311980" lon="36.0682690">
        <ele>127.9</ele>
        <time>2026-04-18T13:52:47Z</time>
        <extensions>
          <speed>5.25</speed>
          <course>208.6</course>
        </extensions>
      </trkpt>
      <trkpt lat="48.5311938" lon="36.0682657">
        <ele>127.9</ele>
        <time>2026-04-18T13:52:47Z</time>
        <extensions>
          <speed>5.28</speed>
          <course>208.9</course>
        </extensions>
      </trkpt>
      <trkpt lat="48.5311895" lon="36.0682622">
        <ele>127.9</ele>
        <time>2026-04-18T13:52:47Z</time>
        <extensions>
          <speed>5.29</speed>
          <course>210.1</course>
        </extensions>
      </trkpt>
      <trkpt lat="48.5311855" lon="36.0682588">
        <ele>127.8</ele>
        <time>2026-04-18T13:52:47Z</time>
        <extensions>
          <speed>5.15</speed>
          <course>209.3</course>
        </extensions>
      </trkpt>
      <trkpt lat="48.5311817" lon="36.0682558">
        <ele>127.8</ele>
        <time>2026-04-18T13:52:48Z</time>
        <extensions>
          <speed>5.08</speed>
          <course>208.3</course>
        </extensions>
      </trkpt>
      <trkpt lat="48.5311777" lon="36.0682518">
        <ele>127.7</ele>
        <time>2026-04-18T13:52:48Z</time>
        <extensions>
          <speed>5.12</speed>
          <course>211.5</course>
        </extensions>
      </trkpt>
      <trkpt lat="48.5311737" lon="36.0682478">
        <ele>127.6</ele>
        <time>2026-04-18T13:52:48Z</time>
        <extensions>
          <speed>5.29</speed>
          <course>211.8</course>
        </extensions>
      </trkpt>
      <trkpt lat="48.5311698" lon="36.0682442">
        <ele>127.6</ele>
        <time>2026-04-18T13:52:48Z</time>
        <extensions>
          <speed>5.21</speed>
          <course>211.7</course>
        </extensions>
      </trkpt>
      <trkpt lat="48.5311658" lon="36.0682400">
        <ele>127.6</ele>
        <time>2026-04-18T13:52:48Z</time>
        <extensions>
          <speed>5.16</speed>
          <course>213.6</course>
        </extensions>
      </trkpt>
      <trkpt lat="48.5311623" lon="36.0682363">
        <ele>127.5</ele>
        <time>2026-04-18T13:52:48Z</time>
        <extensions>
          <speed>5.03</speed>
          <course>214.1</course>
        </extensions>
      </trkpt>
      <trkpt lat="48.5311585" lon="36.0682323">
        <ele>127.5</ele>
        <time>2026-04-18T13:52:48Z</time>
        <extensions>
          <speed>5.16</speed>
          <course>214.1</course>
        </extensions>
      </trkpt>
      <trkpt lat="48.5311543" lon="36.0682282">
        <ele>127.4</ele>
        <time>2026-04-18T13:52:48Z</time>
        <extensions>
          <speed>5.25</speed>
          <course>214.1</course>
        </extensions>
      </trkpt>
      <trkpt lat="48.5311508" lon="36.0682245">
        <ele>127.5</ele>
        <time>2026-04-18T13:52:48Z</time>
        <extensions>
          <speed>5.00</speed>
          <course>215.1</course>
        </extensions>
      </trkpt>
      <trkpt lat="48.5311472" lon="36.0682205">
        <ele>127.5</ele>
        <time>2026-04-18T13:52:48Z</time>
        <extensions>
          <speed>4.92</speed>
          <course>216.5</course>
        </extensions>
      </trkpt>
      <trkpt lat="48.5311437" lon="36.0682163">
        <ele>127.4</ele>
        <time>2026-04-18T13:52:49Z</time>
        <extensions>
          <speed>5.02</speed>
          <course>216.7</course>
        </extensions>
      </trkpt>
      <trkpt lat="48.5311400" lon="36.0682123">
        <ele>127.4</ele>
        <time>2026-04-18T13:52:49Z</time>
        <extensions>
          <speed>4.95</speed>
          <course>215.9</course>
        </extensions>
      </trkpt>
      <trkpt lat="48.5311365" lon="36.0682083">
        <ele>127.4</ele>
        <time>2026-04-18T13:52:49Z</time>
        <extensions>
          <speed>4.86</speed>
          <course>216.2</course>
        </extensions>
      </trkpt>
      <trkpt lat="48.5311330" lon="36.0682045">
        <ele>127.3</ele>
        <time>2026-04-18T13:52:49Z</time>
        <extensions>
          <speed>4.82</speed>
          <course>215.4</course>
        </extensions>
      </trkpt>
      <trkpt lat="48.5311297" lon="36.0682007">
        <ele>127.3</ele>
        <time>2026-04-18T13:52:49Z</time>
        <extensions>
          <speed>4.74</speed>
          <course>216.3</course>
        </extensions>
      </trkpt>
      <trkpt lat="48.5311258" lon="36.0681967">
        <ele>127.3</ele>
        <time>2026-04-18T13:52:49Z</time>
        <extensions>
          <speed>4.86</speed>
          <course>215.2</course>
        </extensions>
      </trkpt>
      <trkpt lat="48.5311225" lon="36.0681932">
        <ele>127.3</ele>
        <time>2026-04-18T13:52:49Z</time>
        <extensions>
          <speed>4.73</speed>
          <course>214.0</course>
        </extensions>
      </trkpt>
      <trkpt lat="48.5311188" lon="36.0681893">
        <ele>127.3</ele>
        <time>2026-04-18T13:52:49Z</time>
        <extensions>
          <speed>4.74</speed>
          <course>213.5</course>
        </extensions>
      </trkpt>
      <trkpt lat="48.5311155" lon="36.0681858">
        <ele>127.2</ele>
        <time>2026-04-18T13:52:49Z</time>
        <extensions>
          <speed>4.67</speed>
          <course>213.4</course>
        </extensions>
      </trkpt>
      <trkpt lat="48.5311118" lon="36.0681822">
        <ele>127.2</ele>
        <time>2026-04-18T13:52:49Z</time>
        <extensions>
          <speed>4.68</speed>
          <course>213.2</course>
        </extensions>
      </trkpt>
      <trkpt lat="48.5311085" lon="36.0681785">
        <ele>127.2</ele>
        <time>2026-04-18T13:52:50Z</time>
        <extensions>
          <speed>4.52</speed>
          <course>213.6</course>
        </extensions>
      </trkpt>
      <trkpt lat="48.5311053" lon="36.0681750">
        <ele>127.1</ele>
        <time>2026-04-18T13:52:50Z</time>
        <extensions>
          <speed>4.57</speed>
          <course>214.1</course>
        </extensions>
      </trkpt>
      <trkpt lat="48.5311017" lon="36.0681712">
        <ele>127.1</ele>
        <time>2026-04-18T13:52:50Z</time>
        <extensions>
          <speed>4.71</speed>
          <course>213.5</course>
        </extensions>
      </trkpt>
      <trkpt lat="48.5310983" lon="36.0681675">
        <ele>127.1</ele>
        <time>2026-04-18T13:52:50Z</time>
        <extensions>
          <speed>4.59</speed>
          <course>214.3</course>
        </extensions>
      </trkpt>
      <trkpt lat="48.5310953" lon="36.0681637">
        <ele>127.1</ele>
        <time>2026-04-18T13:52:50Z</time>
        <extensions>
          <speed>4.47</speed>
          <course>217.0</course>
        </extensions>
      </trkpt>
      <trkpt lat="48.5310920" lon="36.0681602">
        <ele>127.0</ele>
        <time>2026-04-18T13:52:50Z</time>
        <extensions>
          <speed>4.50</speed>
          <course>215.5</course>
        </extensions>
      </trkpt>
      <trkpt lat="48.5310887" lon="36.0681562">
        <ele>127.0</ele>
        <time>2026-04-18T13:52:50Z</time>
        <extensions>
          <speed>4.65</speed>
          <course>216.0</course>
        </extensions>
      </trkpt>
      <trkpt lat="48.5310853" lon="36.0681522">
        <ele>127.0</ele>
        <time>2026-04-18T13:52:50Z</time>
        <extensions>
          <speed>4.62</speed>
          <course>216.8</course>
        </extensions>
      </trkpt>
      <trkpt lat="48.5310825" lon="36.0681490">
        <ele>126.9</ele>
        <time>2026-04-18T13:52:50Z</time>
        <extensions>
          <speed>4.35</speed>
          <course>216.2</course>
        </extensions>
      </trkpt>
      <trkpt lat="48.5310792" lon="36.0681450">
        <ele>127.0</ele>
        <time>2026-04-18T13:52:50Z</time>
        <extensions>
          <speed>4.56</speed>
          <course>216.2</course>
        </extensions>
      </trkpt>
      <trkpt lat="48.5310758" lon="36.0681412">
        <ele>126.9</ele>
        <time>2026-04-18T13:52:51Z</time>
        <extensions>
          <speed>4.48</speed>
          <course>216.7</course>
        </extensions>
      </trkpt>
      <trkpt lat="48.5310727" lon="36.0681375">
        <ele>126.9</ele>
        <time>2026-04-18T13:52:51Z</time>
        <extensions>
          <speed>4.53</speed>
          <course>215.9</course>
        </extensions>
      </trkpt>
      <trkpt lat="48.5310697" lon="36.0681340">
        <ele>126.9</ele>
        <time>2026-04-18T13:52:51Z</time>
        <extensions>
          <speed>4.38</speed>
          <course>216.7</course>
        </extensions>
      </trkpt>
      <trkpt lat="48.5310665" lon="36.0681305">
        <ele>126.8</ele>
        <time>2026-04-18T13:52:51Z</time>
        <extensions>
          <speed>4.33</speed>
          <course>217.1</course>
        </extensions>
      </trkpt>
      <trkpt lat="48.5310632" lon="36.0681267">
        <ele>126.9</ele>
        <time>2026-04-18T13:52:51Z</time>
        <extensions>
          <speed>4.49</speed>
          <course>216.2</course>
        </extensions>
      </trkpt>
      <trkpt lat="48.5310605" lon="36.0681233">
        <ele>126.8</ele>
        <time>2026-04-18T13:52:51Z</time>
        <extensions>
          <speed>4.11</speed>
          <course>218.1</course>
        </extensions>
      </trkpt>
      <trkpt lat="48.5310573" lon="36.0681195">
        <ele>126.9</ele>
        <time>2026-04-18T13:52:51Z</time>
        <extensions>
          <speed>4.21</speed>
          <course>217.7</course>
        </extensions>
      </trkpt>
      <trkpt lat="48.5310543" lon="36.0681160">
        <ele>126.8</ele>
        <time>2026-04-18T13:52:51Z</time>
        <extensions>
          <speed>4.21</speed>
          <course>217.3</course>
        </extensions>
      </trkpt>
      <trkpt lat="48.5310517" lon="36.0681127">
        <ele>126.8</ele>
        <time>2026-04-18T13:52:51Z</time>
        <extensions>
          <speed>4.03</speed>
          <course>218.1</course>
        </extensions>
      </trkpt>
      <trkpt lat="48.5310488" lon="36.0681095">
        <ele>126.8</ele>
        <time>2026-04-18T13:52:51Z</time>
        <extensions>
          <speed>3.92</speed>
          <course>217.1</course>
        </extensions>
      </trkpt>
      <trkpt lat="48.5310460" lon="36.0681057">
        <ele>126.8</ele>
        <time>2026-04-18T13:52:52Z</time>
        <extensions>
          <speed>4.03</speed>
          <course>218.9</course>
        </extensions>
      </trkpt>
      <trkpt lat="48.5310435" lon="36.0681027">
        <ele>126.7</ele>
        <time>2026-04-18T13:52:52Z</time>
        <extensions>
          <speed>3.86</speed>
          <course>218.5</course>
        </extensions>
      </trkpt>
      <trkpt lat="48.5310405" lon="36.0680992">
        <ele>126.8</ele>
        <time>2026-04-18T13:52:52Z</time>
        <extensions>
          <speed>3.98</speed>
          <course>218.3</course>
        </extensions>
      </trkpt>
      <trkpt lat="48.5310380" lon="36.0680960">
        <ele>126.8</ele>
        <time>2026-04-18T13:52:52Z</time>
        <extensions>
          <speed>3.75</speed>
          <course>218.8</course>
        </extensions>
      </trkpt>
      <trkpt lat="48.5310350" lon="36.0680928">
        <ele>126.8</ele>
        <time>2026-04-18T13:52:52Z</time>
        <extensions>
          <speed>3.91</speed>
          <course>217.4</course>
        </extensions>
      </trkpt>
      <trkpt lat="48.5310322" lon="36.0680897">
        <ele>126.7</ele>
        <time>2026-04-18T13:52:52Z</time>
        <extensions>
          <speed>4.00</speed>
          <course>216.5</course>
        </extensions>
      </trkpt>
      <trkpt lat="48.5310292" lon="36.0680860">
        <ele>126.8</ele>
        <time>2026-04-18T13:52:52Z</time>
        <extensions>
          <speed>3.98</speed>
          <course>218.1</course>
        </extensions>
      </trkpt>
      <trkpt lat="48.5310265" lon="36.0680833">
        <ele>126.7</ele>
        <time>2026-04-18T13:52:52Z</time>
        <extensions>
          <speed>3.84</speed>
          <course>216.3</course>
        </extensions>
      </trkpt>
      <trkpt lat="48.5310237" lon="36.0680802">
        <ele>126.7</ele>
        <time>2026-04-18T13:52:52Z</time>
        <extensions>
          <speed>3.87</speed>
          <course>217.1</course>
        </extensions>
      </trkpt>
      <trkpt lat="48.5310212" lon="36.0680772">
        <ele>126.6</ele>
        <time>2026-04-18T13:52:52Z</time>
        <extensions>
          <speed>3.80</speed>
          <course>217.2</course>
        </extensions>
      </trkpt>
      <trkpt lat="48.5310185" lon="36.0680740">
        <ele>126.7</ele>
        <time>2026-04-18T13:52:53Z</time>
        <extensions>
          <speed>3.64</speed>
          <course>217.4</course>
        </extensions>
      </trkpt>
      <trkpt lat="48.5310167" lon="36.0680728">
        <ele>126.7</ele>
        <time>2026-04-18T13:52:53Z</time>
        <extensions>
          <speed>3.04</speed>
          <course>215.0</course>
        </extensions>
      </trkpt>
      <trkpt lat="48.5310148" lon="36.0680705">
        <ele>126.6</ele>
        <time>2026-04-18T13:52:53Z</time>
        <extensions>
          <speed>2.95</speed>
          <course>216.6</course>
        </extensions>
      </trkpt>
      <trkpt lat="48.5310123" lon="36.0680678">
        <ele>126.5</ele>
        <time>2026-04-18T13:52:53Z</time>
        <extensions>
          <speed>3.20</speed>
          <course>216.8</course>
        </extensions>
      </trkpt>
      <trkpt lat="48.5310095" lon="36.0680643">
        <ele>126.6</ele>
        <time>2026-04-18T13:52:53Z</time>
        <extensions>
          <speed>3.58</speed>
          <course>217.8</course>
        </extensions>
      </trkpt>
      <trkpt lat="48.5310073" lon="36.0680623">
        <ele>126.6</ele>
        <time>2026-04-18T13:52:53Z</time>
        <extensions>
          <speed>3.07</speed>
          <course>217.5</course>
        </extensions>
      </trkpt>
      <trkpt lat="48.5310050" lon="36.0680593">
        <ele>126.6</ele>
        <time>2026-04-18T13:52:53Z</time>
        <extensions>
          <speed>3.25</speed>
          <course>218.9</course>
        </extensions>
      </trkpt>
      <trkpt lat="48.5310032" lon="36.0680565">
        <ele>126.5</ele>
        <time>2026-04-18T13:52:53Z</time>
        <extensions>
          <speed>3.16</speed>
          <course>221.7</course>
        </extensions>
      </trkpt>
      <trkpt lat="48.5310000" lon="36.0680527">
        <ele>126.5</ele>
        <time>2026-04-18T13:52:53Z</time>
        <extensions>
          <speed>3.72</speed>
          <course>220.6</course>
        </extensions>
      </trkpt>
      <trkpt lat="48.5309977" lon="36.0680488">
        <ele>126.5</ele>
        <time>2026-04-18T13:52:53Z</time>
        <extensions>
          <speed>3.74</speed>
          <course>224.6</course>
        </extensions>
      </trkpt>
      <trkpt lat="48.5309948" lon="36.0680453">
        <ele>126.6</ele>
        <time>2026-04-18T13:52:54Z</time>
        <extensions>
          <speed>3.82</speed>
          <course>222.0</course>
        </extensions>
      </trkpt>
      <trkpt lat="48.5309923" lon="36.0680420">
        <ele>126.6</ele>
        <time>2026-04-18T13:52:54Z</time>
        <extensions>
          <speed>3.67</speed>
          <course>221.5</course>
        </extensions>
      </trkpt>
      <trkpt lat="48.5309902" lon="36.0680385">
        <ele>126.5</ele>
        <time>2026-04-18T13:52:54Z</time>
        <extensions>
          <speed>3.59</speed>
          <course>224.5</course>
        </extensions>
      </trkpt>
      <trkpt lat="48.5309872" lon="36.0680355">
        <ele>126.6</ele>
        <time>2026-04-18T13:52:54Z</time>
        <extensions>
          <speed>3.58</speed>
          <course>220.5</course>
        </extensions>
      </trkpt>
      <trkpt lat="48.5309843" lon="36.0680320">
        <ele>126.7</ele>
        <time>2026-04-18T13:52:54Z</time>
        <extensions>
          <speed>3.81</speed>
          <course>219.8</course>
        </extensions>
      </trkpt>
      <trkpt lat="48.5309820" lon="36.0680287">
        <ele>126.7</ele>
        <time>2026-04-18T13:52:54Z</time>
        <extensions>
          <speed>3.60</speed>
          <course>220.9</course>
        </extensions>
      </trkpt>
      <trkpt lat="48.5309793" lon="36.0680252">
        <ele>126.7</ele>
        <time>2026-04-18T13:52:54Z</time>
        <extensions>
          <speed>3.68</speed>
          <course>220.6</course>
        </extensions>
      </trkpt>
      <trkpt lat="48.5309763" lon="36.0680222">
        <ele>126.7</ele>
        <time>2026-04-18T13:52:54Z</time>
        <extensions>
          <speed>3.83</speed>
          <course>218.2</course>
        </extensions>
      </trkpt>
      <trkpt lat="48.5309737" lon="36.0680183">
        <ele>126.6</ele>
        <time>2026-04-18T13:52:54Z</time>
        <extensions>
          <speed>4.05</speed>
          <course>218.8</course>
        </extensions>
      </trkpt>
      <trkpt lat="48.5309708" lon="36.0680153">
        <ele>126.5</ele>
        <time>2026-04-18T13:52:54Z</time>
        <extensions>
          <speed>3.92</speed>
          <course>218.0</course>
        </extensions>
      </trkpt>
      <trkpt lat="48.5309683" lon="36.0680112">
        <ele>126.4</ele>
        <time>2026-04-18T13:52:55Z</time>
        <extensions>
          <speed>4.01</speed>
          <course>220.5</course>
        </extensions>
      </trkpt>
      <trkpt lat="48.5309650" lon="36.0680072">
        <ele>126.5</ele>
        <time>2026-04-18T13:52:55Z</time>
        <extensions>
          <speed>4.23</speed>
          <course>219.8</course>
        </extensions>
      </trkpt>
      <trkpt lat="48.5309625" lon="36.0680042">
        <ele>126.4</ele>
        <time>2026-04-18T13:52:55Z</time>
        <extensions>
          <speed>3.97</speed>
          <course>219.2</course>
        </extensions>
      </trkpt>
      <trkpt lat="48.5309603" lon="36.0680017">
        <ele>126.3</ele>
        <time>2026-04-18T13:52:55Z</time>
        <extensions>
          <speed>3.53</speed>
          <course>217.9</course>
        </extensions>
      </trkpt>
      <trkpt lat="48.5309583" lon="36.0679997">
        <ele>126.1</ele>
        <time>2026-04-18T13:52:55Z</time>
        <extensions>
          <speed>3.28</speed>
          <course>216.6</course>
        </extensions>
      </trkpt>
      <trkpt lat="48.5309558" lon="36.0679978">
        <ele>126.0</ele>
        <time>2026-04-18T13:52:55Z</time>
        <extensions>
          <speed>3.26</speed>
          <course>212.0</course>
        </extensions>
      </trkpt>
      <trkpt lat="48.5309550" lon="36.0679960">
        <ele>125.7</ele>
        <time>2026-04-18T13:52:55Z</time>
        <extensions>
          <speed>2.73</speed>
          <course>215.7</course>
        </extensions>
      </trkpt>
      <trkpt lat="48.5309543" lon="36.0679943">
        <ele>125.5</ele>
        <time>2026-04-18T13:52:55Z</time>
        <extensions>
          <speed>2.21</speed>
          <course>219.4</course>
        </extensions>
      </trkpt>
      <trkpt lat="48.5309525" lon="36.0679923">
        <ele>125.3</ele>
        <time>2026-04-18T13:52:55Z</time>
        <extensions>
          <speed>2.54</speed>
          <course>218.3</course>
        </extensions>
      </trkpt>
      <trkpt lat="48.5309505" lon="36.0679900">
        <ele>125.1</ele>
        <time>2026-04-18T13:52:55Z</time>
        <extensions>
          <speed>2.71</speed>
          <course>218.8</course>
        </extensions>
      </trkpt>
      <trkpt lat="48.5309478" lon="36.0679877">
        <ele>125.0</ele>
        <time>2026-04-18T13:52:56Z</time>
        <extensions>
          <speed>3.07</speed>
          <course>214.1</course>
        </extensions>
      </trkpt>
      <trkpt lat="48.5309470" lon="36.0679870">
        <ele>124.7</ele>
        <time>2026-04-18T13:52:56Z</time>
        <extensions>
          <speed>2.24</speed>
          <course>213.1</course>
        </extensions>
      </trkpt>
      <trkpt lat="48.5309447" lon="36.0679858">
        <ele>124.5</ele>
        <time>2026-04-18T13:52:56Z</time>
        <extensions>
          <speed>2.55</speed>
          <course>207.4</course>
        </extensions>
      </trkpt>
      <trkpt lat="48.5309427" lon="36.0679853">
        <ele>124.3</ele>
        <time>2026-04-18T13:52:56Z</time>
        <extensions>
          <speed>2.57</speed>
          <course>203.1</course>
        </extensions>
      </trkpt>
      <trkpt lat="48.5309410" lon="36.0679835">
        <ele>123.9</ele>
        <time>2026-04-18T13:52:56Z</time>
        <extensions>
          <speed>2.82</speed>
          <course>207.7</course>
        </extensions>
      </trkpt>
      <trkpt lat="48.5309390" lon="36.0679818">
        <ele>123.6</ele>
        <time>2026-04-18T13:52:56Z</time>
        <extensions>
          <speed>2.71</speed>
          <course>208.6</course>
        </extensions>
      </trkpt>
      <trkpt lat="48.5309360" lon="36.0679795">
        <ele>123.4</ele>
        <time>2026-04-18T13:52:56Z</time>
        <extensions>
          <speed>3.24</speed>
          <course>208.0</course>
        </extensions>
      </trkpt>
      <trkpt lat="48.5309345" lon="36.0679775">
        <ele>123.3</ele>
        <time>2026-04-18T13:52:56Z</time>
        <extensions>
          <speed>2.69</speed>
          <course>211.1</course>
        </extensions>
      </trkpt>
      <trkpt lat="48.5309318" lon="36.0679738">
        <ele>123.3</ele>
        <time>2026-04-18T13:52:56Z</time>
        <extensions>
          <speed>2.95</speed>
          <course>216.7</course>
        </extensions>
      </trkpt>
      <trkpt lat="48.5309292" lon="36.0679710">
        <ele>123.2</ele>
        <time>2026-04-18T13:52:56Z</time>
        <extensions>
          <speed>3.26</speed>
          <course>217.1</course>
        </extensions>
      </trkpt>
      <trkpt lat="48.5309278" lon="36.0679695">
        <ele>123.0</ele>
        <time>2026-04-18T13:52:57Z</time>
        <extensions>
          <speed>2.56</speed>
          <course>217.0</course>
        </extensions>
      </trkpt>
      <trkpt lat="48.5309268" lon="36.0679675">
        <ele>122.8</ele>
        <time>2026-04-18T13:52:57Z</time>
        <extensions>
          <speed>2.31</speed>
          <course>218.8</course>
        </extensions>
      </trkpt>
      <trkpt lat="48.5309243" lon="36.0679655">
        <ele>122.7</ele>
        <time>2026-04-18T13:52:57Z</time>
        <extensions>
          <speed>2.58</speed>
          <course>214.8</course>
        </extensions>
      </trkpt>
      <trkpt lat="48.5309212" lon="36.0679637">
        <ele>122.5</ele>
        <time>2026-04-18T13:52:57Z</time>
        <extensions>
          <speed>3.07</speed>
          <course>207.4</course>
        </extensions>
      </trkpt>
      <trkpt lat="48.5309175" lon="36.0679605">
        <ele>122.5</ele>
        <time>2026-04-18T13:52:57Z</time>
        <extensions>
          <speed>3.48</speed>
          <course>206.7</course>
        </extensions>
      </trkpt>
      <trkpt lat="48.5309130" lon="36.0679568">
        <ele>122.5</ele>
        <time>2026-04-18T13:52:57Z</time>
        <extensions>
          <speed>4.26</speed>
          <course>206.6</course>
        </extensions>
      </trkpt>
      <trkpt lat="48.5309087" lon="36.0679532">
        <ele>122.6</ele>
        <time>2026-04-18T13:52:57Z</time>
        <extensions>
          <speed>4.48</speed>
          <course>207.2</course>
        </extensions>
      </trkpt>
      <trkpt lat="48.5309038" lon="36.0679497">
        <ele>122.5</ele>
        <time>2026-04-18T13:52:57Z</time>
        <extensions>
          <speed>5.03</speed>
          <course>206.2</course>
        </extensions>
      </trkpt>
      <trkpt lat="48.5308988" lon="36.0679448">
        <ele>122.5</ele>
        <time>2026-04-18T13:52:57Z</time>
        <extensions>
          <speed>5.50</speed>
          <course>209.0</course>
        </extensions>
      </trkpt>
      <trkpt lat="48.5308950" lon="36.0679430">
        <ele>122.4</ele>
        <time>2026-04-18T13:52:57Z</time>
        <extensions>
          <speed>4.93</speed>
          <course>205.6</course>
        </extensions>
      </trkpt>
      <trkpt lat="48.5308910" lon="36.0679397">
        <ele>122.3</ele>
        <time>2026-04-18T13:52:58Z</time>
        <extensions>
          <speed>5.00</speed>
          <course>206.3</course>
        </extensions>
      </trkpt>
      <trkpt lat="48.5308860" lon="36.0679357">
        <ele>122.2</ele>
        <time>2026-04-18T13:52:58Z</time>
        <extensions>
          <speed>5.40</speed>
          <course>206.5</course>
        </extensions>
      </trkpt>
      <trkpt lat="48.5308815" lon="36.0679307">
        <ele>122.2</ele>
        <time>2026-04-18T13:52:58Z</time>
        <extensions>
          <speed>5.51</speed>
          <course>211.0</course>
        </extensions>
      </trkpt>
      <trkpt lat="48.5308768" lon="36.0679257">
        <ele>122.2</ele>
        <time>2026-04-18T13:52:58Z</time>
        <extensions>
          <speed>5.75</speed>
          <course>213.4</course>
        </extensions>
      </trkpt>
      <trkpt lat="48.5308722" lon="36.0679212">
        <ele>122.2</ele>
        <time>2026-04-18T13:52:58Z</time>
        <extensions>
          <speed>5.72</speed>
          <course>213.1</course>
        </extensions>
      </trkpt>
      <trkpt lat="48.5308675" lon="36.0679165">
        <ele>122.0</ele>
        <time>2026-04-18T13:52:58Z</time>
        <extensions>
          <speed>5.99</speed>
          <course>213.4</course>
        </extensions>
      </trkpt>
      <trkpt lat="48.5308627" lon="36.0679108">
        <ele>122.1</ele>
        <time>2026-04-18T13:52:58Z</time>
        <extensions>
          <speed>6.12</speed>
          <course>216.1</course>
        </extensions>
      </trkpt>
      <trkpt lat="48.5308578" lon="36.0679057">
        <ele>122.0</ele>
        <time>2026-04-18T13:52:58Z</time>
        <extensions>
          <speed>6.24</speed>
          <course>215.3</course>
        </extensions>
      </trkpt>
      <trkpt lat="48.5308532" lon="36.0679005">
        <ele>122.0</ele>
        <time>2026-04-18T13:52:58Z</time>
        <extensions>
          <speed>6.11</speed>
          <course>215.8</course>
        </extensions>
      </trkpt>
      <trkpt lat="48.5308487" lon="36.0678953">
        <ele>122.0</ele>
        <time>2026-04-18T13:52:58Z</time>
        <extensions>
          <speed>6.02</speed>
          <course>216.0</course>
        </extensions>
      </trkpt>
      <trkpt lat="48.5308437" lon="36.0678898">
        <ele>122.1</ele>
        <time>2026-04-18T13:52:59Z</time>
        <extensions>
          <speed>6.19</speed>
          <course>215.7</course>
        </extensions>
      </trkpt>
      <trkpt lat="48.5308345" lon="36.0678805">
        <ele>122.0</ele>
        <time>2026-04-18T13:52:59Z</time>
        <extensions>
          <speed>5.89</speed>
          <course>213.6</course>
        </extensions>
      </trkpt>
      <trkpt lat="48.5308302" lon="36.0678758">
        <ele>122.0</ele>
        <time>2026-04-18T13:52:59Z</time>
        <extensions>
          <speed>5.75</speed>
          <course>213.7</course>
        </extensions>
      </trkpt>
      <trkpt lat="48.5308250" lon="36.0678707">
        <ele>122.0</ele>
        <time>2026-04-18T13:52:59Z</time>
        <extensions>
          <speed>6.14</speed>
          <course>212.9</course>
        </extensions>
      </trkpt>
      <trkpt lat="48.5308203" lon="36.0678663">
        <ele>121.9</ele>
        <time>2026-04-18T13:52:59Z</time>
        <extensions>
          <speed>6.13</speed>
          <course>211.0</course>
        </extensions>
      </trkpt>
      <trkpt lat="48.5308150" lon="36.0678608">
        <ele>122.1</ele>
        <time>2026-04-18T13:52:59Z</time>
        <extensions>
          <speed>6.33</speed>
          <course>211.9</course>
        </extensions>
      </trkpt>
      <trkpt lat="48.5308095" lon="36.0678558">
        <ele>122.1</ele>
        <time>2026-04-18T13:52:59Z</time>
        <extensions>
          <speed>6.49</speed>
          <course>210.2</course>
        </extensions>
      </trkpt>
      <trkpt lat="48.5308040" lon="36.0678510">
        <ele>122.1</ele>
        <time>2026-04-18T13:52:59Z</time>
        <extensions>
          <speed>6.92</speed>
          <course>209.7</course>
        </extensions>
      </trkpt>
      <trkpt lat="48.5307982" lon="36.0678460">
        <ele>122.1</ele>
        <time>2026-04-18T13:52:59Z</time>
        <extensions>
          <speed>6.86</speed>
          <course>208.9</course>
        </extensions>
      </trkpt>
      <trkpt lat="48.5307923" lon="36.0678408">
        <ele>122.2</ele>
        <time>2026-04-18T13:53:00Z</time>
        <extensions>
          <speed>7.15</speed>
          <course>208.4</course>
        </extensions>
      </trkpt>
      <trkpt lat="48.5307805" lon="36.0678310">
        <ele>122.1</ele>
        <time>2026-04-18T13:53:00Z</time>
        <extensions>
          <speed>7.49</speed>
          <course>208.7</course>
        </extensions>
      </trkpt>
      <trkpt lat="48.5307747" lon="36.0678262">
        <ele>122.1</ele>
        <time>2026-04-18T13:53:00Z</time>
        <extensions>
          <speed>7.22</speed>
          <course>208.0</course>
        </extensions>
      </trkpt>
      <trkpt lat="48.5307688" lon="36.0678212">
        <ele>122.1</ele>
        <time>2026-04-18T13:53:00Z</time>
        <extensions>
          <speed>7.30</speed>
          <course>208.3</course>
        </extensions>
      </trkpt>
      <trkpt lat="48.5307635" lon="36.0678167">
        <ele>122.1</ele>
        <time>2026-04-18T13:53:00Z</time>
        <extensions>
          <speed>6.91</speed>
          <course>208.9</course>
        </extensions>
      </trkpt>
      <trkpt lat="48.5307578" lon="36.0678117">
        <ele>122.1</ele>
        <time>2026-04-18T13:53:00Z</time>
        <extensions>
          <speed>7.02</speed>
          <course>209.6</course>
        </extensions>
      </trkpt>
      <trkpt lat="48.5307523" lon="36.0678068">
        <ele>122.1</ele>
        <time>2026-04-18T13:53:00Z</time>
        <extensions>
          <speed>6.77</speed>
          <course>209.9</course>
        </extensions>
      </trkpt>
      <trkpt lat="48.5307468" lon="36.0678022">
        <ele>122.1</ele>
        <time>2026-04-18T13:53:00Z</time>
        <extensions>
          <speed>6.97</speed>
          <course>209.4</course>
        </extensions>
      </trkpt>
      <trkpt lat="48.5307415" lon="36.0677975">
        <ele>122.1</ele>
        <time>2026-04-18T13:53:00Z</time>
        <extensions>
          <speed>6.72</speed>
          <course>210.1</course>
        </extensions>
      </trkpt>
      <trkpt lat="48.5307362" lon="36.0677930">
        <ele>122.1</ele>
        <time>2026-04-18T13:53:01Z</time>
        <extensions>
          <speed>6.77</speed>
          <course>208.6</course>
        </extensions>
      </trkpt>
      <trkpt lat="48.5307252" lon="36.0677840">
        <ele>121.9</ele>
        <time>2026-04-18T13:53:01Z</time>
        <extensions>
          <speed>6.94</speed>
          <course>208.4</course>
        </extensions>
      </trkpt>
      <trkpt lat="48.5307198" lon="36.0677792">
        <ele>121.9</ele>
        <time>2026-04-18T13:53:01Z</time>
        <extensions>
          <speed>6.89</speed>
          <course>210.0</course>
        </extensions>
      </trkpt>
      <trkpt lat="48.5307147" lon="36.0677745">
        <ele>122.0</ele>
        <time>2026-04-18T13:53:01Z</time>
        <extensions>
          <speed>6.60</speed>
          <course>211.0</course>
        </extensions>
      </trkpt>
      <trkpt lat="48.5307097" lon="36.0677705">
        <ele>121.9</ele>
        <time>2026-04-18T13:53:01Z</time>
        <extensions>
          <speed>6.35</speed>
          <course>209.1</course>
        </extensions>
      </trkpt>
      <trkpt lat="48.5307037" lon="36.0677658">
        <ele>122.0</ele>
        <time>2026-04-18T13:53:01Z</time>
        <extensions>
          <speed>6.84</speed>
          <course>207.4</course>
        </extensions>
      </trkpt>
      <trkpt lat="48.5306987" lon="36.0677620">
        <ele>121.9</ele>
        <time>2026-04-18T13:53:01Z</time>
        <extensions>
          <speed>6.60</speed>
          <course>207.8</course>
        </extensions>
      </trkpt>
      <trkpt lat="48.5306942" lon="36.0677578">
        <ele>121.9</ele>
        <time>2026-04-18T13:53:01Z</time>
        <extensions>
          <speed>6.15</speed>
          <course>209.4</course>
        </extensions>
      </trkpt>
      <trkpt lat="48.5306895" lon="36.0677532">
        <ele>121.9</ele>
        <time>2026-04-18T13:53:01Z</time>
        <extensions>
          <speed>6.15</speed>
          <course>212.1</course>
        </extensions>
      </trkpt>
      <trkpt lat="48.5306843" lon="36.0677487">
        <ele>121.9</ele>
        <time>2026-04-18T13:53:02Z</time>
        <extensions>
          <speed>6.25</speed>
          <course>211.4</course>
        </extensions>
      </trkpt>
      <trkpt lat="48.5306748" lon="36.0677383">
        <ele>121.9</ele>
        <time>2026-04-18T13:53:02Z</time>
        <extensions>
          <speed>6.42</speed>
          <course>215.6</course>
        </extensions>
      </trkpt>
      <trkpt lat="48.5306698" lon="36.0677333">
        <ele>121.9</ele>
        <time>2026-04-18T13:53:02Z</time>
        <extensions>
          <speed>6.52</speed>
          <course>215.1</course>
        </extensions>
      </trkpt>
      <trkpt lat="48.5306652" lon="36.0677292">
        <ele>121.9</ele>
        <time>2026-04-18T13:53:02Z</time>
        <extensions>
          <speed>6.20</speed>
          <course>213.3</course>
        </extensions>
      </trkpt>
      <trkpt lat="48.5306603" lon="36.0677243">
        <ele>122.0</ele>
        <time>2026-04-18T13:53:02Z</time>
        <extensions>
          <speed>6.21</speed>
          <course>213.8</course>
        </extensions>
      </trkpt>
      <trkpt lat="48.5306557" lon="36.0677187">
        <ele>122.0</ele>
        <time>2026-04-18T13:53:02Z</time>
        <extensions>
          <speed>6.32</speed>
          <course>217.3</course>
        </extensions>
      </trkpt>
      <trkpt lat="48.5306508" lon="36.0677137">
        <ele>122.1</ele>
        <time>2026-04-18T13:53:02Z</time>
        <extensions>
          <speed>6.22</speed>
          <course>216.9</course>
        </extensions>
      </trkpt>
      <trkpt lat="48.5306468" lon="36.0677088">
        <ele>122.1</ele>
        <time>2026-04-18T13:53:02Z</time>
        <extensions>
          <speed>5.97</speed>
          <course>217.8</course>
        </extensions>
      </trkpt>
      <trkpt lat="48.5306427" lon="36.0677033">
        <ele>122.1</ele>
        <time>2026-04-18T13:53:02Z</time>
        <extensions>
          <speed>5.98</speed>
          <course>219.7</course>
        </extensions>
      </trkpt>
      <trkpt lat="48.5306383" lon="36.0676985">
        <ele>122.2</ele>
        <time>2026-04-18T13:53:03Z</time>
        <extensions>
          <speed>5.88</speed>
          <course>218.8</course>
        </extensions>
      </trkpt>
      <trkpt lat="48.5306300" lon="36.0676878">
        <ele>122.2</ele>
        <time>2026-04-18T13:53:03Z</time>
        <extensions>
          <speed>6.08</speed>
          <course>220.5</course>
        </extensions>
      </trkpt>
      <trkpt lat="48.5306255" lon="36.0676828">
        <ele>122.2</ele>
        <time>2026-04-18T13:53:03Z</time>
        <extensions>
          <speed>6.03</speed>
          <course>218.6</course>
        </extensions>
      </trkpt>
      <trkpt lat="48.5306205" lon="36.0676773">
        <ele>122.2</ele>
        <time>2026-04-18T13:53:03Z</time>
        <extensions>
          <speed>6.46</speed>
          <course>217.4</course>
        </extensions>
      </trkpt>
      <trkpt lat="48.5306162" lon="36.0676727">
        <ele>122.1</ele>
        <time>2026-04-18T13:53:03Z</time>
        <extensions>
          <speed>6.16</speed>
          <course>216.7</course>
        </extensions>
      </trkpt>
      <trkpt lat="48.5306115" lon="36.0676675">
        <ele>122.1</ele>
        <time>2026-04-18T13:53:03Z</time>
        <extensions>
          <speed>6.31</speed>
          <course>216.4</course>
        </extensions>
      </trkpt>
      <trkpt lat="48.5306065" lon="36.0676622">
        <ele>122.0</ele>
        <time>2026-04-18T13:53:03Z</time>
        <extensions>
          <speed>6.58</speed>
          <course>215.5</course>
        </extensions>
      </trkpt>
      <trkpt lat="48.5306015" lon="36.0676570">
        <ele>122.1</ele>
        <time>2026-04-18T13:53:03Z</time>
        <extensions>
          <speed>6.57</speed>
          <course>215.3</course>
        </extensions>
      </trkpt>
      <trkpt lat="48.5305962" lon="36.0676515">
        <ele>122.1</ele>
        <time>2026-04-18T13:53:03Z</time>
        <extensions>
          <speed>6.88</speed>
          <course>214.7</course>
        </extensions>
      </trkpt>
      <trkpt lat="48.5305908" lon="36.0676458">
        <ele>122.1</ele>
        <time>2026-04-18T13:53:04Z</time>
        <extensions>
          <speed>7.09</speed>
          <course>215.3</course>
        </extensions>
      </trkpt>
      <trkpt lat="48.5305798" lon="36.0676342">
        <ele>122.0</ele>
        <time>2026-04-18T13:53:04Z</time>
        <extensions>
          <speed>7.50</speed>
          <course>215.1</course>
        </extensions>
      </trkpt>
      <trkpt lat="48.5305742" lon="36.0676280">
        <ele>122.0</ele>
        <time>2026-04-18T13:53:04Z</time>
        <extensions>
          <speed>7.54</speed>
          <course>215.8</course>
        </extensions>
      </trkpt>
      <trkpt lat="48.5305685" lon="36.0676220">
        <ele>122.0</ele>
        <time>2026-04-18T13:53:04Z</time>
        <extensions>
          <speed>7.50</speed>
          <course>215.6</course>
        </extensions>
      </trkpt>
      <trkpt lat="48.5305630" lon="36.0676160">
        <ele>122.0</ele>
        <time>2026-04-18T13:53:04Z</time>
        <extensions>
          <speed>7.52</speed>
          <course>215.7</course>
        </extensions>
      </trkpt>
      <trkpt lat="48.5305575" lon="36.0676100">
        <ele>122.0</ele>
        <time>2026-04-18T13:53:04Z</time>
        <extensions>
          <speed>7.39</speed>
          <course>215.6</course>
        </extensions>
      </trkpt>
      <trkpt lat="48.5305523" lon="36.0676045">
        <ele>122.0</ele>
        <time>2026-04-18T13:53:04Z</time>
        <extensions>
          <speed>7.20</speed>
          <course>215.4</course>
        </extensions>
      </trkpt>
      <trkpt lat="48.5305467" lon="36.0675987">
        <ele>122.0</ele>
        <time>2026-04-18T13:53:04Z</time>
        <extensions>
          <speed>7.36</speed>
          <course>214.5</course>
        </extensions>
      </trkpt>
      <trkpt lat="48.5305412" lon="36.0675932">
        <ele>121.9</ele>
        <time>2026-04-18T13:53:04Z</time>
        <extensions>
          <speed>7.43</speed>
          <course>213.8</course>
        </extensions>
      </trkpt>
      <trkpt lat="48.5305357" lon="36.0675878">
        <ele>121.9</ele>
        <time>2026-04-18T13:53:05Z</time>
        <extensions>
          <speed>7.14</speed>
          <course>213.5</course>
        </extensions>
      </trkpt>
      <trkpt lat="48.5305248" lon="36.0675773">
        <ele>121.9</ele>
        <time>2026-04-18T13:53:05Z</time>
        <extensions>
          <speed>7.04</speed>
          <course>212.8</course>
        </extensions>
      </trkpt>
      <trkpt lat="48.5305195" lon="36.0675723">
        <ele>122.0</ele>
        <time>2026-04-18T13:53:05Z</time>
        <extensions>
          <speed>6.87</speed>
          <course>212.6</course>
        </extensions>
      </trkpt>
      <trkpt lat="48.5305138" lon="36.0675675">
        <ele>122.0</ele>
        <time>2026-04-18T13:53:05Z</time>
        <extensions>
          <speed>7.07</speed>
          <course>209.9</course>
        </extensions>
      </trkpt>
      <trkpt lat="48.5305080" lon="36.0675622">
        <ele>122.1</ele>
        <time>2026-04-18T13:53:05Z</time>
        <extensions>
          <speed>7.10</speed>
          <course>210.7</course>
        </extensions>
      </trkpt>
      <trkpt lat="48.5305032" lon="36.0675587">
        <ele>121.9</ele>
        <time>2026-04-18T13:53:05Z</time>
        <extensions>
          <speed>6.45</speed>
          <course>207.1</course>
        </extensions>
      </trkpt>
      <trkpt lat="48.5304975" lon="36.0675533">
        <ele>121.9</ele>
        <time>2026-04-18T13:53:05Z</time>
        <extensions>
          <speed>7.08</speed>
          <course>209.9</course>
        </extensions>
      </trkpt>
      <trkpt lat="48.5304923" lon="36.0675483">
        <ele>121.9</ele>
        <time>2026-04-18T13:53:05Z</time>
        <extensions>
          <speed>6.78</speed>
          <course>210.4</course>
        </extensions>
      </trkpt>
      <trkpt lat="48.5304865" lon="36.0675435">
        <ele>121.9</ele>
        <time>2026-04-18T13:53:05Z</time>
        <extensions>
          <speed>7.03</speed>
          <course>208.8</course>
        </extensions>
      </trkpt>
      <trkpt lat="48.5304808" lon="36.0675390">
        <ele>121.9</ele>
        <time>2026-04-18T13:53:06Z</time>
        <extensions>
          <speed>6.87</speed>
          <course>206.9</course>
        </extensions>
      </trkpt>
      <trkpt lat="48.5304692" lon="36.0675307">
        <ele>121.9</ele>
        <time>2026-04-18T13:53:06Z</time>
        <extensions>
          <speed>7.07</speed>
          <course>204.9</course>
        </extensions>
      </trkpt>
      <trkpt lat="48.5304638" lon="36.0675268">
        <ele>121.9</ele>
        <time>2026-04-18T13:53:06Z</time>
        <extensions>
          <speed>6.79</speed>
          <course>204.7</course>
        </extensions>
      </trkpt>
      <trkpt lat="48.5304577" lon="36.0675232">
        <ele>121.9</ele>
        <time>2026-04-18T13:53:06Z</time>
        <extensions>
          <speed>6.93</speed>
          <course>202.9</course>
        </extensions>
      </trkpt>
      <trkpt lat="48.5304518" lon="36.0675195">
        <ele>121.9</ele>
        <time>2026-04-18T13:53:06Z</time>
        <extensions>
          <speed>7.08</speed>
          <course>202.2</course>
        </extensions>
      </trkpt>
      <trkpt lat="48.5304472" lon="36.0675165">
        <ele>121.7</ele>
        <time>2026-04-18T13:53:06Z</time>
        <extensions>
          <speed>6.49</speed>
          <course>202.0</course>
        </extensions>
      </trkpt>
      <trkpt lat="48.5304408" lon="36.0675125">
        <ele>121.8</ele>
        <time>2026-04-18T13:53:06Z</time>
        <extensions>
          <speed>6.91</speed>
          <course>202.5</course>
        </extensions>
      </trkpt>
      <trkpt lat="48.5304357" lon="36.0675090">
        <ele>121.6</ele>
        <time>2026-04-18T13:53:06Z</time>
        <extensions>
          <speed>6.77</speed>
          <course>203.3</course>
        </extensions>
      </trkpt>
      <trkpt lat="48.5304300" lon="36.0675058">
        <ele>121.6</ele>
        <time>2026-04-18T13:53:06Z</time>
        <extensions>
          <speed>6.57</speed>
          <course>202.0</course>
        </extensions>
      </trkpt>
      <trkpt lat="48.5304242" lon="36.0675018">
        <ele>121.6</ele>
        <time>2026-04-18T13:53:07Z</time>
        <extensions>
          <speed>7.01</speed>
          <course>202.8</course>
        </extensions>
      </trkpt>
      <trkpt lat="48.5304127" lon="36.0674950">
        <ele>121.6</ele>
        <time>2026-04-18T13:53:07Z</time>
        <extensions>
          <speed>6.72</speed>
          <course>201.4</course>
        </extensions>
      </trkpt>
      <trkpt lat="48.5304072" lon="36.0674917">
        <ele>121.5</ele>
        <time>2026-04-18T13:53:07Z</time>
        <extensions>
          <speed>6.72</speed>
          <course>201.2</course>
        </extensions>
      </trkpt>
      <trkpt lat="48.5304013" lon="36.0674877">
        <ele>121.6</ele>
        <time>2026-04-18T13:53:07Z</time>
        <extensions>
          <speed>6.87</speed>
          <course>202.9</course>
        </extensions>
      </trkpt>
      <trkpt lat="48.5303960" lon="36.0674847">
        <ele>121.5</ele>
        <time>2026-04-18T13:53:07Z</time>
        <extensions>
          <speed>6.54</speed>
          <course>201.4</course>
        </extensions>
      </trkpt>
      <trkpt lat="48.5303902" lon="36.0674812">
        <ele>121.6</ele>
        <time>2026-04-18T13:53:07Z</time>
        <extensions>
          <speed>6.66</speed>
          <course>201.3</course>
        </extensions>
      </trkpt>
      <trkpt lat="48.5303845" lon="36.0674775">
        <ele>121.5</ele>
        <time>2026-04-18T13:53:07Z</time>
        <extensions>
          <speed>6.88</speed>
          <course>202.5</course>
        </extensions>
      </trkpt>
      <trkpt lat="48.5303792" lon="36.0674743">
        <ele>121.5</ele>
        <time>2026-04-18T13:53:07Z</time>
        <extensions>
          <speed>6.40</speed>
          <course>202.7</course>
        </extensions>
      </trkpt>
      <trkpt lat="48.5303733" lon="36.0674705">
        <ele>121.6</ele>
        <time>2026-04-18T13:53:07Z</time>
        <extensions>
          <speed>6.65</speed>
          <course>202.8</course>
        </extensions>
      </trkpt>
      <trkpt lat="48.5303680" lon="36.0674667">
        <ele>121.5</ele>
        <time>2026-04-18T13:53:08Z</time>
        <extensions>
          <speed>6.45</speed>
          <course>205.5</course>
        </extensions>
      </trkpt>
      <trkpt lat="48.5303577" lon="36.0674585">
        <ele>121.5</ele>
        <time>2026-04-18T13:53:08Z</time>
        <extensions>
          <speed>6.43</speed>
          <course>207.4</course>
        </extensions>
      </trkpt>
      <trkpt lat="48.5303527" lon="36.0674542">
        <ele>121.5</ele>
        <time>2026-04-18T13:53:08Z</time>
        <extensions>
          <speed>6.25</speed>
          <course>210.1</course>
        </extensions>
      </trkpt>
      <trkpt lat="48.5303482" lon="36.0674497">
        <ele>121.5</ele>
        <time>2026-04-18T13:53:08Z</time>
        <extensions>
          <speed>6.03</speed>
          <course>212.2</course>
        </extensions>
      </trkpt>
      <trkpt lat="48.5303435" lon="36.0674452">
        <ele>121.4</ele>
        <time>2026-04-18T13:53:08Z</time>
        <extensions>
          <speed>6.04</speed>
          <course>213.1</course>
        </extensions>
      </trkpt>
      <trkpt lat="48.5303388" lon="36.0674407">
        <ele>121.5</ele>
        <time>2026-04-18T13:53:08Z</time>
        <extensions>
          <speed>5.93</speed>
          <course>213.1</course>
        </extensions>
      </trkpt>
      <trkpt lat="48.5303340" lon="36.0674360">
        <ele>121.5</ele>
        <time>2026-04-18T13:53:08Z</time>
        <extensions>
          <speed>6.12</speed>
          <course>213.6</course>
        </extensions>
      </trkpt>
      <trkpt lat="48.5303292" lon="36.0674313">
        <ele>121.4</ele>
        <time>2026-04-18T13:53:08Z</time>
        <extensions>
          <speed>6.33</speed>
          <course>212.4</course>
        </extensions>
      </trkpt>
      <trkpt lat="48.5303240" lon="36.0674265">
        <ele>121.4</ele>
        <time>2026-04-18T13:53:08Z</time>
        <extensions>
          <speed>6.46</speed>
          <course>212.2</course>
        </extensions>
      </trkpt>
      <trkpt lat="48.5303192" lon="36.0674213">
        <ele>121.4</ele>
        <time>2026-04-18T13:53:09Z</time>
        <extensions>
          <speed>6.43</speed>
          <course>214.8</course>
        </extensions>
      </trkpt>
      <trkpt lat="48.5303097" lon="36.0674120">
        <ele>121.3</ele>
        <time>2026-04-18T13:53:09Z</time>
        <extensions>
          <speed>6.31</speed>
          <course>213.3</course>
        </extensions>
      </trkpt>
      <trkpt lat="48.5303052" lon="36.0674073">
        <ele>121.2</ele>
        <time>2026-04-18T13:53:09Z</time>
        <extensions>
          <speed>6.35</speed>
          <course>213.3</course>
        </extensions>
      </trkpt>
      <trkpt lat="48.5303003" lon="36.0674030">
        <ele>121.0</ele>
        <time>2026-04-18T13:53:09Z</time>
        <extensions>
          <speed>6.36</speed>
          <course>211.9</course>
        </extensions>
      </trkpt>
      <trkpt lat="48.5302952" lon="36.0673977">
        <ele>120.9</ele>
        <time>2026-04-18T13:53:09Z</time>
        <extensions>
          <speed>6.58</speed>
          <course>213.1</course>
        </extensions>
      </trkpt>
      <trkpt lat="48.5302902" lon="36.0673923">
        <ele>120.9</ele>
        <time>2026-04-18T13:53:09Z</time>
        <extensions>
          <speed>6.67</speed>
          <course>214.4</course>
        </extensions>
      </trkpt>
      <trkpt lat="48.5302843" lon="36.0673863">
        <ele>120.9</ele>
        <time>2026-04-18T13:53:09Z</time>
        <extensions>
          <speed>7.20</speed>
          <course>214.3</course>
        </extensions>
      </trkpt>
      <trkpt lat="48.5302790" lon="36.0673807">
        <ele>120.8</ele>
        <time>2026-04-18T13:53:09Z</time>
        <extensions>
          <speed>7.16</speed>
          <course>214.8</course>
        </extensions>
      </trkpt>
      <trkpt lat="48.5302733" lon="36.0673750">
        <ele>120.8</ele>
        <time>2026-04-18T13:53:09Z</time>
        <extensions>
          <speed>7.31</speed>
          <course>213.6</course>
        </extensions>
      </trkpt>
      <trkpt lat="48.5302677" lon="36.0673692">
        <ele>120.8</ele>
        <time>2026-04-18T13:53:10Z</time>
        <extensions>
          <speed>7.44</speed>
          <course>214.6</course>
        </extensions>
      </trkpt>
      <trkpt lat="48.5302617" lon="36.0673637">
        <ele>120.8</ele>
        <time>2026-04-18T13:53:10Z</time>
        <extensions>
          <speed>7.47</speed>
          <course>212.6</course>
        </extensions>
      </trkpt>
      <trkpt lat="48.5302557" lon="36.0673578">
        <ele>120.8</ele>
        <time>2026-04-18T13:53:10Z</time>
        <extensions>
          <speed>7.62</speed>
          <course>212.2</course>
        </extensions>
      </trkpt>
      <trkpt lat="48.5302500" lon="36.0673523">
        <ele>120.7</ele>
        <time>2026-04-18T13:53:10Z</time>
        <extensions>
          <speed>7.54</speed>
          <course>212.4</course>
        </extensions>
      </trkpt>
      <trkpt lat="48.5302438" lon="36.0673467">
        <ele>120.7</ele>
        <time>2026-04-18T13:53:10Z</time>
        <extensions>
          <speed>7.69</speed>
          <course>212.3</course>
        </extensions>
      </trkpt>
      <trkpt lat="48.5302375" lon="36.0673405">
        <ele>120.7</ele>
        <time>2026-04-18T13:53:10Z</time>
        <extensions>
          <speed>7.82</speed>
          <course>212.5</course>
        </extensions>
      </trkpt>
      <trkpt lat="48.5302315" lon="36.0673343">
        <ele>120.7</ele>
        <time>2026-04-18T13:53:10Z</time>
        <extensions>
          <speed>7.94</speed>
          <course>213.7</course>
        </extensions>
      </trkpt>
      <trkpt lat="48.5302255" lon="36.0673282">
        <ele>120.7</ele>
        <time>2026-04-18T13:53:10Z</time>
        <extensions>
          <speed>7.81</speed>
          <course>213.9</course>
        </extensions>
      </trkpt>
      <trkpt lat="48.5302195" lon="36.0673227">
        <ele>120.7</ele>
        <time>2026-04-18T13:53:10Z</time>
        <extensions>
          <speed>7.76</speed>
          <course>212.1</course>
        </extensions>
      </trkpt>
      <trkpt lat="48.5302140" lon="36.0673167">
        <ele>120.8</ele>
        <time>2026-04-18T13:53:10Z</time>
        <extensions>
          <speed>7.44</speed>
          <course>214.7</course>
        </extensions>
      </trkpt>
      <trkpt lat="48.5302083" lon="36.0673110">
        <ele>120.7</ele>
        <time>2026-04-18T13:53:11Z</time>
        <extensions>
          <speed>7.30</speed>
          <course>213.3</course>
        </extensions>
      </trkpt>
      <trkpt lat="48.5302028" lon="36.0673048">
        <ele>120.8</ele>
        <time>2026-04-18T13:53:11Z</time>
        <extensions>
          <speed>7.24</speed>
          <course>215.2</course>
        </extensions>
      </trkpt>
      <trkpt lat="48.5301970" lon="36.0672988">
        <ele>120.8</ele>
        <time>2026-04-18T13:53:11Z</time>
        <extensions>
          <speed>7.38</speed>
          <course>214.6</course>
        </extensions>
      </trkpt>
      <trkpt lat="48.5301913" lon="36.0672930">
        <ele>120.9</ele>
        <time>2026-04-18T13:53:11Z</time>
        <extensions>
          <speed>7.18</speed>
          <course>213.6</course>
        </extensions>
      </trkpt>
      <trkpt lat="48.5301862" lon="36.0672875">
        <ele>120.9</ele>
        <time>2026-04-18T13:53:11Z</time>
        <extensions>
          <speed>7.00</speed>
          <course>213.8</course>
        </extensions>
      </trkpt>
      <trkpt lat="48.5301810" lon="36.0672822">
        <ele>120.8</ele>
        <time>2026-04-18T13:53:11Z</time>
        <extensions>
          <speed>7.04</speed>
          <course>214.4</course>
        </extensions>
      </trkpt>
      <trkpt lat="48.5301762" lon="36.0672768">
        <ele>120.7</ele>
        <time>2026-04-18T13:53:11Z</time>
        <extensions>
          <speed>6.79</speed>
          <course>215.2</course>
        </extensions>
      </trkpt>
      <trkpt lat="48.5301708" lon="36.0672712">
        <ele>120.7</ele>
        <time>2026-04-18T13:53:11Z</time>
        <extensions>
          <speed>6.92</speed>
          <course>214.8</course>
        </extensions>
      </trkpt>
      <trkpt lat="48.5301658" lon="36.0672660">
        <ele>120.7</ele>
        <time>2026-04-18T13:53:11Z</time>
        <extensions>
          <speed>6.79</speed>
          <course>214.5</course>
        </extensions>
      </trkpt>
      <trkpt lat="48.5301608" lon="36.0672605">
        <ele>120.7</ele>
        <time>2026-04-18T13:53:11Z</time>
        <extensions>
          <speed>6.84</speed>
          <course>216.0</course>
        </extensions>
      </trkpt>
      <trkpt lat="48.5301558" lon="36.0672550">
        <ele>120.7</ele>
        <time>2026-04-18T13:53:12Z</time>
        <extensions>
          <speed>6.87</speed>
          <course>215.8</course>
        </extensions>
      </trkpt>
      <trkpt lat="48.5301512" lon="36.0672498">
        <ele>120.7</ele>
        <time>2026-04-18T13:53:12Z</time>
        <extensions>
          <speed>6.55</speed>
          <course>215.5</course>
        </extensions>
      </trkpt>
      <trkpt lat="48.5301457" lon="36.0672443">
        <ele>120.7</ele>
        <time>2026-04-18T13:53:12Z</time>
        <extensions>
          <speed>6.79</speed>
          <course>214.3</course>
        </extensions>
      </trkpt>
      <trkpt lat="48.5301408" lon="36.0672393">
        <ele>120.7</ele>
        <time>2026-04-18T13:53:12Z</time>
        <extensions>
          <speed>6.67</speed>
          <course>213.6</course>
        </extensions>
      </trkpt>
      <trkpt lat="48.5301355" lon="36.0672340">
        <ele>120.6</ele>
        <time>2026-04-18T13:53:12Z</time>
        <extensions>
          <speed>6.87</speed>
          <course>213.6</course>
        </extensions>
      </trkpt>
      <trkpt lat="48.5301303" lon="36.0672290">
        <ele>120.7</ele>
        <time>2026-04-18T13:53:12Z</time>
        <extensions>
          <speed>6.63</speed>
          <course>212.4</course>
        </extensions>
      </trkpt>
      <trkpt lat="48.5301252" lon="36.0672238">
        <ele>120.6</ele>
        <time>2026-04-18T13:53:12Z</time>
        <extensions>
          <speed>6.86</speed>
          <course>212.6</course>
        </extensions>
      </trkpt>
      <trkpt lat="48.5301200" lon="36.0672188">
        <ele>120.6</ele>
        <time>2026-04-18T13:53:12Z</time>
        <extensions>
          <speed>6.83</speed>
          <course>212.7</course>
        </extensions>
      </trkpt>
      <trkpt lat="48.5301145" lon="36.0672133">
        <ele>120.6</ele>
        <time>2026-04-18T13:53:12Z</time>
        <extensions>
          <speed>7.08</speed>
          <course>212.5</course>
        </extensions>
      </trkpt>
      <trkpt lat="48.5301090" lon="36.0672078">
        <ele>120.5</ele>
        <time>2026-04-18T13:53:12Z</time>
        <extensions>
          <speed>7.21</speed>
          <course>212.6</course>
        </extensions>
      </trkpt>
      <trkpt lat="48.5301035" lon="36.0672025">
        <ele>120.5</ele>
        <time>2026-04-18T13:53:13Z</time>
        <extensions>
          <speed>7.10</speed>
          <course>212.5</course>
        </extensions>
      </trkpt>
      <trkpt lat="48.5300983" lon="36.0671973">
        <ele>120.5</ele>
        <time>2026-04-18T13:53:13Z</time>
        <extensions>
          <speed>6.87</speed>
          <course>212.4</course>
        </extensions>
      </trkpt>
      <trkpt lat="48.5300927" lon="36.0671917">
        <ele>120.5</ele>
        <time>2026-04-18T13:53:13Z</time>
        <extensions>
          <speed>7.22</speed>
          <course>212.7</course>
        </extensions>
      </trkpt>
      <trkpt lat="48.5300872" lon="36.0671863">
        <ele>120.5</ele>
        <time>2026-04-18T13:53:13Z</time>
        <extensions>
          <speed>7.14</speed>
          <course>212.6</course>
        </extensions>
      </trkpt>
      <trkpt lat="48.5300812" lon="36.0671805">
        <ele>120.5</ele>
        <time>2026-04-18T13:53:13Z</time>
        <extensions>
          <speed>7.50</speed>
          <course>212.3</course>
        </extensions>
      </trkpt>
      <trkpt lat="48.5300753" lon="36.0671748">
        <ele>120.5</ele>
        <time>2026-04-18T13:53:13Z</time>
        <extensions>
          <speed>7.32</speed>
          <course>212.0</course>
        </extensions>
      </trkpt>
      <trkpt lat="48.5300695" lon="36.0671697">
        <ele>120.5</ele>
        <time>2026-04-18T13:53:13Z</time>
        <extensions>
          <speed>7.56</speed>
          <course>210.8</course>
        </extensions>
      </trkpt>
      <trkpt lat="48.5300635" lon="36.0671642">
        <ele>120.5</ele>
        <time>2026-04-18T13:53:13Z</time>
        <extensions>
          <speed>7.50</speed>
          <course>210.0</course>
        </extensions>
      </trkpt>
      <trkpt lat="48.5300575" lon="36.0671588">
        <ele>120.5</ele>
        <time>2026-04-18T13:53:13Z</time>
        <extensions>
          <speed>7.55</speed>
          <course>210.4</course>
        </extensions>
      </trkpt>
      <trkpt lat="48.5300512" lon="36.0671535">
        <ele>120.5</ele>
        <time>2026-04-18T13:53:13Z</time>
        <extensions>
          <speed>7.65</speed>
          <course>209.0</course>
        </extensions>
      </trkpt>
      <trkpt lat="48.5300448" lon="36.0671480">
        <ele>120.5</ele>
        <time>2026-04-18T13:53:14Z</time>
        <extensions>
          <speed>7.75</speed>
          <course>209.6</course>
        </extensions>
      </trkpt>
      <trkpt lat="48.5300387" lon="36.0671425">
        <ele>120.6</ele>
        <time>2026-04-18T13:53:14Z</time>
        <extensions>
          <speed>7.77</speed>
          <course>210.0</course>
        </extensions>
      </trkpt>
      <trkpt lat="48.5300325" lon="36.0671372">
        <ele>120.5</ele>
        <time>2026-04-18T13:53:14Z</time>
        <extensions>
          <speed>7.94</speed>
          <course>209.8</course>
        </extensions>
      </trkpt>
      <trkpt lat="48.5300262" lon="36.0671312">
        <ele>120.4</ele>
        <time>2026-04-18T13:53:14Z</time>
        <extensions>
          <speed>8.06</speed>
          <course>211.3</course>
        </extensions>
      </trkpt>
      <trkpt lat="48.5300198" lon="36.0671253">
        <ele>120.4</ele>
        <time>2026-04-18T13:53:14Z</time>
        <extensions>
          <speed>8.03</speed>
          <course>211.3</course>
        </extensions>
      </trkpt>
      <trkpt lat="48.5300135" lon="36.0671195">
        <ele>120.5</ele>
        <time>2026-04-18T13:53:14Z</time>
        <extensions>
          <speed>7.99</speed>
          <course>211.5</course>
        </extensions>
      </trkpt>
      <trkpt lat="48.5300070" lon="36.0671133">
        <ele>120.5</ele>
        <time>2026-04-18T13:53:14Z</time>
        <extensions>
          <speed>8.20</speed>
          <course>211.8</course>
        </extensions>
      </trkpt>
      <trkpt lat="48.5300007" lon="36.0671072">
        <ele>120.5</ele>
        <time>2026-04-18T13:53:14Z</time>
        <extensions>
          <speed>8.08</speed>
          <course>212.3</course>
        </extensions>
      </trkpt>
      <trkpt lat="48.5299938" lon="36.0671003">
        <ele>120.6</ele>
        <time>2026-04-18T13:53:14Z</time>
        <extensions>
          <speed>8.60</speed>
          <course>213.6</course>
        </extensions>
      </trkpt>
      <trkpt lat="48.5299877" lon="36.0670943">
        <ele>120.5</ele>
        <time>2026-04-18T13:53:14Z</time>
        <extensions>
          <speed>8.19</speed>
          <course>213.0</course>
        </extensions>
      </trkpt>
      <trkpt lat="48.5299810" lon="36.0670878">
        <ele>120.5</ele>
        <time>2026-04-18T13:53:15Z</time>
        <extensions>
          <speed>8.44</speed>
          <course>212.7</course>
        </extensions>
      </trkpt>
      <trkpt lat="48.5299685" lon="36.0670755">
        <ele>120.5</ele>
        <time>2026-04-18T13:53:15Z</time>
        <extensions>
          <speed>8.23</speed>
          <course>213.7</course>
        </extensions>
      </trkpt>
      <trkpt lat="48.5299622" lon="36.0670688">
        <ele>120.5</ele>
        <time>2026-04-18T13:53:15Z</time>
        <extensions>
          <speed>8.31</speed>
          <course>214.4</course>
        </extensions>
      </trkpt>
      <trkpt lat="48.5299562" lon="36.0670627">
        <ele>120.4</ele>
        <time>2026-04-18T13:53:15Z</time>
        <extensions>
          <speed>8.15</speed>
          <course>214.3</course>
        </extensions>
      </trkpt>
      <trkpt lat="48.5299498" lon="36.0670563">
        <ele>120.4</ele>
        <time>2026-04-18T13:53:15Z</time>
        <extensions>
          <speed>8.16</speed>
          <course>214.2</course>
        </extensions>
      </trkpt>
      <trkpt lat="48.5299438" lon="36.0670500">
        <ele>120.5</ele>
        <time>2026-04-18T13:53:15Z</time>
        <extensions>
          <speed>7.98</speed>
          <course>214.7</course>
        </extensions>
      </trkpt>
      <trkpt lat="48.5299382" lon="36.0670438">
        <ele>120.4</ele>
        <time>2026-04-18T13:53:15Z</time>
        <extensions>
          <speed>7.92</speed>
          <course>215.3</course>
        </extensions>
      </trkpt>
      <trkpt lat="48.5299323" lon="36.0670377">
        <ele>120.4</ele>
        <time>2026-04-18T13:53:15Z</time>
        <extensions>
          <speed>7.74</speed>
          <course>215.0</course>
        </extensions>
      </trkpt>
      <trkpt lat="48.5299265" lon="36.0670318">
        <ele>120.5</ele>
        <time>2026-04-18T13:53:15Z</time>
        <extensions>
          <speed>7.55</speed>
          <course>214.4</course>
        </extensions>
      </trkpt>
      <trkpt lat="48.5299213" lon="36.0670263">
        <ele>120.5</ele>
        <time>2026-04-18T13:53:16Z</time>
        <extensions>
          <speed>7.21</speed>
          <course>214.9</course>
        </extensions>
      </trkpt>
      <trkpt lat="48.5299157" lon="36.0670202">
        <ele>120.5</ele>
        <time>2026-04-18T13:53:16Z</time>
        <extensions>
          <speed>7.41</speed>
          <course>215.5</course>
        </extensions>
      </trkpt>
      <trkpt lat="48.5299100" lon="36.0670145">
        <ele>120.5</ele>
        <time>2026-04-18T13:53:16Z</time>
        <extensions>
          <speed>7.37</speed>
          <course>214.0</course>
        </extensions>
      </trkpt>
      <trkpt lat="48.5299045" lon="36.0670090">
        <ele>120.5</ele>
        <time>2026-04-18T13:53:16Z</time>
        <extensions>
          <speed>7.24</speed>
          <course>213.7</course>
        </extensions>
      </trkpt>
      <trkpt lat="48.5298988" lon="36.0670030">
        <ele>120.5</ele>
        <time>2026-04-18T13:53:16Z</time>
        <extensions>
          <speed>7.45</speed>
          <course>214.7</course>
        </extensions>
      </trkpt>
      <trkpt lat="48.5298932" lon="36.0669968">
        <ele>120.5</ele>
        <time>2026-04-18T13:53:16Z</time>
        <extensions>
          <speed>7.48</speed>
          <course>214.9</course>
        </extensions>
      </trkpt>
      <trkpt lat="48.5298878" lon="36.0669917">
        <ele>120.5</ele>
        <time>2026-04-18T13:53:16Z</time>
        <extensions>
          <speed>7.00</speed>
          <course>213.9</course>
        </extensions>
      </trkpt>
      <trkpt lat="48.5298820" lon="36.0669855">
        <ele>120.5</ele>
        <time>2026-04-18T13:53:16Z</time>
        <extensions>
          <speed>7.58</speed>
          <course>214.3</course>
        </extensions>
      </trkpt>
      <trkpt lat="48.5298768" lon="36.0669800">
        <ele>120.4</ele>
        <time>2026-04-18T13:53:16Z</time>
        <extensions>
          <speed>7.24</speed>
          <course>214.6</course>
        </extensions>
      </trkpt>
      <trkpt lat="48.5298720" lon="36.0669752">
        <ele>120.4</ele>
        <time>2026-04-18T13:53:16Z</time>
        <extensions>
          <speed>6.58</speed>
          <course>213.5</course>
        </extensions>
      </trkpt>
      <trkpt lat="48.5298663" lon="36.0669693">
        <ele>120.4</ele>
        <time>2026-04-18T13:53:17Z</time>
        <extensions>
          <speed>7.39</speed>
          <course>214.3</course>
        </extensions>
      </trkpt>
      <trkpt lat="48.5298610" lon="36.0669640">
        <ele>120.4</ele>
        <time>2026-04-18T13:53:17Z</time>
        <extensions>
          <speed>7.02</speed>
          <course>213.9</course>
        </extensions>
      </trkpt>
      <trkpt lat="48.5298558" lon="36.0669592">
        <ele>120.4</ele>
        <time>2026-04-18T13:53:17Z</time>
        <extensions>
          <speed>6.73</speed>
          <course>212.7</course>
        </extensions>
      </trkpt>
      <trkpt lat="48.5298503" lon="36.0669537">
        <ele>120.5</ele>
        <time>2026-04-18T13:53:17Z</time>
        <extensions>
          <speed>7.00</speed>
          <course>213.4</course>
        </extensions>
      </trkpt>
      <trkpt lat="48.5298448" lon="36.0669482">
        <ele>120.5</ele>
        <time>2026-04-18T13:53:17Z</time>
        <extensions>
          <speed>7.25</speed>
          <course>213.7</course>
        </extensions>
      </trkpt>
      <trkpt lat="48.5298397" lon="36.0669432">
        <ele>120.4</ele>
        <time>2026-04-18T13:53:17Z</time>
        <extensions>
          <speed>6.99</speed>
          <course>212.6</course>
        </extensions>
      </trkpt>
      <trkpt lat="48.5298347" lon="36.0669385">
        <ele>120.3</ele>
        <time>2026-04-18T13:53:17Z</time>
        <extensions>
          <speed>6.72</speed>
          <course>212.5</course>
        </extensions>
      </trkpt>
      <trkpt lat="48.5298293" lon="36.0669332">
        <ele>120.3</ele>
        <time>2026-04-18T13:53:17Z</time>
        <extensions>
          <speed>6.93</speed>
          <course>213.2</course>
        </extensions>
      </trkpt>
      <trkpt lat="48.5298240" lon="36.0669283">
        <ele>120.3</ele>
        <time>2026-04-18T13:53:17Z</time>
        <extensions>
          <speed>6.74</speed>
          <course>211.3</course>
        </extensions>
      </trkpt>
      <trkpt lat="48.5298185" lon="36.0669232">
        <ele>120.3</ele>
        <time>2026-04-18T13:53:17Z</time>
        <extensions>
          <speed>6.89</speed>
          <course>212.2</course>
        </extensions>
      </trkpt>
      <trkpt lat="48.5298137" lon="36.0669185">
        <ele>120.3</ele>
        <time>2026-04-18T13:53:18Z</time>
        <extensions>
          <speed>6.51</speed>
          <course>211.6</course>
        </extensions>
      </trkpt>
      <trkpt lat="48.5298028" lon="36.0669092">
        <ele>120.3</ele>
        <time>2026-04-18T13:53:18Z</time>
        <extensions>
          <speed>6.97</speed>
          <course>209.2</course>
        </extensions>
      </trkpt>
      <trkpt lat="48.5297980" lon="36.0669048">
        <ele>120.3</ele>
        <time>2026-04-18T13:53:18Z</time>
        <extensions>
          <speed>6.36</speed>
          <course>210.7</course>
        </extensions>
      </trkpt>
      <trkpt lat="48.5297930" lon="36.0669002">
        <ele>120.3</ele>
        <time>2026-04-18T13:53:18Z</time>
        <extensions>
          <speed>6.46</speed>
          <course>211.4</course>
        </extensions>
      </trkpt>
      <trkpt lat="48.5297877" lon="36.0668953">
        <ele>120.2</ele>
        <time>2026-04-18T13:53:18Z</time>
        <extensions>
          <speed>6.68</speed>
          <course>211.1</course>
        </extensions>
      </trkpt>
      <trkpt lat="48.5297823" lon="36.0668907">
        <ele>120.2</ele>
        <time>2026-04-18T13:53:18Z</time>
        <extensions>
          <speed>6.70</speed>
          <course>210.7</course>
        </extensions>
      </trkpt>
      <trkpt lat="48.5297778" lon="36.0668867">
        <ele>120.1</ele>
        <time>2026-04-18T13:53:18Z</time>
        <extensions>
          <speed>6.15</speed>
          <course>210.4</course>
        </extensions>
      </trkpt>
      <trkpt lat="48.5297727" lon="36.0668823">
        <ele>120.1</ele>
        <time>2026-04-18T13:53:18Z</time>
        <extensions>
          <speed>6.29</speed>
          <course>209.8</course>
        </extensions>
      </trkpt>
      <trkpt lat="48.5297682" lon="36.0668777">
        <ele>120.2</ele>
        <time>2026-04-18T13:53:18Z</time>
        <extensions>
          <speed>6.00</speed>
          <course>212.2</course>
        </extensions>
      </trkpt>
      <trkpt lat="48.5297635" lon="36.0668732">
        <ele>120.1</ele>
        <time>2026-04-18T13:53:19Z</time>
        <extensions>
          <speed>6.00</speed>
          <course>212.8</course>
        </extensions>
      </trkpt>
      <trkpt lat="48.5297582" lon="36.0668687">
        <ele>120.2</ele>
        <time>2026-04-18T13:53:19Z</time>
        <extensions>
          <speed>6.35</speed>
          <course>210.7</course>
        </extensions>
      </trkpt>
      <trkpt lat="48.5297532" lon="36.0668643">
        <ele>120.1</ele>
        <time>2026-04-18T13:53:19Z</time>
        <extensions>
          <speed>6.35</speed>
          <course>209.8</course>
        </extensions>
      </trkpt>
      <trkpt lat="48.5297485" lon="36.0668595">
        <ele>120.1</ele>
        <time>2026-04-18T13:53:19Z</time>
        <extensions>
          <speed>6.14</speed>
          <course>212.3</course>
        </extensions>
      </trkpt>
      <trkpt lat="48.5297435" lon="36.0668558">
        <ele>120.1</ele>
        <time>2026-04-18T13:53:19Z</time>
        <extensions>
          <speed>6.24</speed>
          <course>209.2</course>
        </extensions>
      </trkpt>
      <trkpt lat="48.5297385" lon="36.0668520">
        <ele>120.0</ele>
        <time>2026-04-18T13:53:19Z</time>
        <extensions>
          <speed>6.13</speed>
          <course>207.8</course>
        </extensions>
      </trkpt>
      <trkpt lat="48.5297342" lon="36.0668483">
        <ele>120.0</ele>
        <time>2026-04-18T13:53:19Z</time>
        <extensions>
          <speed>5.74</speed>
          <course>209.0</course>
        </extensions>
      </trkpt>
      <trkpt lat="48.5297298" lon="36.0668442">
        <ele>119.9</ele>
        <time>2026-04-18T13:53:19Z</time>
        <extensions>
          <speed>5.74</speed>
          <course>210.1</course>
        </extensions>
      </trkpt>
      <trkpt lat="48.5297247" lon="36.0668385">
        <ele>119.9</ele>
        <time>2026-04-18T13:53:19Z</time>
        <extensions>
          <speed>6.31</speed>
          <course>214.1</course>
        </extensions>
      </trkpt>
      <trkpt lat="48.5297212" lon="36.0668352">
        <ele>119.6</ele>
        <time>2026-04-18T13:53:19Z</time>
        <extensions>
          <speed>5.75</speed>
          <course>213.8</course>
        </extensions>
      </trkpt>
      <trkpt lat="48.5297172" lon="36.0668315">
        <ele>119.5</ele>
        <time>2026-04-18T13:53:20Z</time>
        <extensions>
          <speed>5.55</speed>
          <course>212.7</course>
        </extensions>
      </trkpt>
      <trkpt lat="48.5297132" lon="36.0668272">
        <ele>119.5</ele>
        <time>2026-04-18T13:53:20Z</time>
        <extensions>
          <speed>5.40</speed>
          <course>214.4</course>
        </extensions>
      </trkpt>
      <trkpt lat="48.5297088" lon="36.0668230">
        <ele>119.4</ele>
        <time>2026-04-18T13:53:20Z</time>
        <extensions>
          <speed>5.72</speed>
          <course>213.5</course>
        </extensions>
      </trkpt>
      <trkpt lat="48.5297043" lon="36.0668185">
        <ele>119.3</ele>
        <time>2026-04-18T13:53:20Z</time>
        <extensions>
          <speed>5.71</speed>
          <course>213.2</course>
        </extensions>
      </trkpt>
      <trkpt lat="48.5297003" lon="36.0668142">
        <ele>119.2</ele>
        <time>2026-04-18T13:53:20Z</time>
        <extensions>
          <speed>5.63</speed>
          <course>215.1</course>
        </extensions>
      </trkpt>
      <trkpt lat="48.5296955" lon="36.0668090">
        <ele>119.2</ele>
        <time>2026-04-18T13:53:20Z</time>
        <extensions>
          <speed>6.03</speed>
          <course>214.8</course>
        </extensions>
      </trkpt>
      <trkpt lat="48.5296910" lon="36.0668040">
        <ele>119.2</ele>
        <time>2026-04-18T13:53:20Z</time>
        <extensions>
          <speed>6.02</speed>
          <course>216.0</course>
        </extensions>
      </trkpt>
      <trkpt lat="48.5296867" lon="36.0667992">
        <ele>119.1</ele>
        <time>2026-04-18T13:53:20Z</time>
        <extensions>
          <speed>5.97</speed>
          <course>216.5</course>
        </extensions>
      </trkpt>
      <trkpt lat="48.5296822" lon="36.0667947">
        <ele>119.1</ele>
        <time>2026-04-18T13:53:20Z</time>
        <extensions>
          <speed>5.90</speed>
          <course>215.6</course>
        </extensions>
      </trkpt>
      <trkpt lat="48.5296778" lon="36.0667895">
        <ele>119.0</ele>
        <time>2026-04-18T13:53:20Z</time>
        <extensions>
          <speed>5.96</speed>
          <course>217.2</course>
        </extensions>
      </trkpt>
      <trkpt lat="48.5296737" lon="36.0667852">
        <ele>119.0</ele>
        <time>2026-04-18T13:53:21Z</time>
        <extensions>
          <speed>5.58</speed>
          <course>216.1</course>
        </extensions>
      </trkpt>
      <trkpt lat="48.5296653" lon="36.0667758">
        <ele>118.9</ele>
        <time>2026-04-18T13:53:21Z</time>
        <extensions>
          <speed>5.79</speed>
          <course>216.8</course>
        </extensions>
      </trkpt>
      <trkpt lat="48.5296617" lon="36.0667722">
        <ele>118.9</ele>
        <time>2026-04-18T13:53:21Z</time>
        <extensions>
          <speed>5.36</speed>
          <course>214.5</course>
        </extensions>
      </trkpt>
      <trkpt lat="48.5296577" lon="36.0667682">
        <ele>118.8</ele>
        <time>2026-04-18T13:53:21Z</time>
        <extensions>
          <speed>5.31</speed>
          <course>213.9</course>
        </extensions>
      </trkpt>
      <trkpt lat="48.5296535" lon="36.0667640">
        <ele>118.9</ele>
        <time>2026-04-18T13:53:21Z</time>
        <extensions>
          <speed>5.27</speed>
          <course>213.9</course>
        </extensions>
      </trkpt>
      <trkpt lat="48.5296490" lon="36.0667605">
        <ele>118.8</ele>
        <time>2026-04-18T13:53:21Z</time>
        <extensions>
          <speed>5.51</speed>
          <course>209.4</course>
        </extensions>
      </trkpt>
      <trkpt lat="48.5296445" lon="36.0667565">
        <ele>118.8</ele>
        <time>2026-04-18T13:53:21Z</time>
        <extensions>
          <speed>5.49</speed>
          <course>209.5</course>
        </extensions>
      </trkpt>
      <trkpt lat="48.5296400" lon="36.0667532">
        <ele>118.7</ele>
        <time>2026-04-18T13:53:21Z</time>
        <extensions>
          <speed>5.46</speed>
          <course>207.1</course>
        </extensions>
      </trkpt>
      <trkpt lat="48.5296352" lon="36.0667492">
        <ele>118.8</ele>
        <time>2026-04-18T13:53:21Z</time>
        <extensions>
          <speed>5.67</speed>
          <course>206.9</course>
        </extensions>
      </trkpt>
      <trkpt lat="48.5296313" lon="36.0667467">
        <ele>118.7</ele>
        <time>2026-04-18T13:53:22Z</time>
        <extensions>
          <speed>5.12</speed>
          <course>204.8</course>
        </extensions>
      </trkpt>
      <trkpt lat="48.5296232" lon="36.0667413">
        <ele>118.6</ele>
        <time>2026-04-18T13:53:22Z</time>
        <extensions>
          <speed>4.82</speed>
          <course>203.2</course>
        </extensions>
      </trkpt>
      <trkpt lat="48.5296180" lon="36.0667375">
        <ele>118.7</ele>
        <time>2026-04-18T13:53:22Z</time>
        <extensions>
          <speed>5.56</speed>
          <course>204.3</course>
        </extensions>
      </trkpt>
      <trkpt lat="48.5296140" lon="36.0667348">
        <ele>118.6</ele>
        <time>2026-04-18T13:53:22Z</time>
        <extensions>
          <speed>5.15</speed>
          <course>204.4</course>
        </extensions>
      </trkpt>
      <trkpt lat="48.5296092" lon="36.0667312">
        <ele>118.6</ele>
        <time>2026-04-18T13:53:22Z</time>
        <extensions>
          <speed>5.33</speed>
          <course>205.4</course>
        </extensions>
      </trkpt>
      <trkpt lat="48.5296050" lon="36.0667285">
        <ele>118.6</ele>
        <time>2026-04-18T13:53:22Z</time>
        <extensions>
          <speed>5.06</speed>
          <course>202.5</course>
        </extensions>
      </trkpt>
      <trkpt lat="48.5296005" lon="36.0667252">
        <ele>118.6</ele>
        <time>2026-04-18T13:53:22Z</time>
        <extensions>
          <speed>5.35</speed>
          <course>204.2</course>
        </extensions>
      </trkpt>
      <trkpt lat="48.5295963" lon="36.0667222">
        <ele>118.5</ele>
        <time>2026-04-18T13:53:22Z</time>
        <extensions>
          <speed>5.22</speed>
          <course>204.3</course>
        </extensions>
      </trkpt>
      <trkpt lat="48.5295922" lon="36.0667192">
        <ele>118.6</ele>
        <time>2026-04-18T13:53:22Z</time>
        <extensions>
          <speed>4.95</speed>
          <course>203.9</course>
        </extensions>
      </trkpt>
      <trkpt lat="48.5295880" lon="36.0667162">
        <ele>118.6</ele>
        <time>2026-04-18T13:53:23Z</time>
        <extensions>
          <speed>4.95</speed>
          <course>205.3</course>
        </extensions>
      </trkpt>
      <trkpt lat="48.5295840" lon="36.0667133">
        <ele>118.5</ele>
        <time>2026-04-18T13:53:23Z</time>
        <extensions>
          <speed>4.97</speed>
          <course>203.9</course>
        </extensions>
      </trkpt>
      <trkpt lat="48.5295797" lon="36.0667103">
        <ele>118.5</ele>
        <time>2026-04-18T13:53:23Z</time>
        <extensions>
          <speed>5.07</speed>
          <course>204.7</course>
        </extensions>
      </trkpt>
      <trkpt lat="48.5295757" lon="36.0667078">
        <ele>118.5</ele>
        <time>2026-04-18T13:53:23Z</time>
        <extensions>
          <speed>4.84</speed>
          <course>201.8</course>
        </extensions>
      </trkpt>
      <trkpt lat="48.5295717" lon="36.0667050">
        <ele>118.5</ele>
        <time>2026-04-18T13:53:23Z</time>
        <extensions>
          <speed>4.88</speed>
          <course>203.3</course>
        </extensions>
      </trkpt>
      <trkpt lat="48.5295675" lon="36.0667022">
        <ele>118.5</ele>
        <time>2026-04-18T13:53:23Z</time>
        <extensions>
          <speed>4.91</speed>
          <course>204.1</course>
        </extensions>
      </trkpt>
      <trkpt lat="48.5295637" lon="36.0666998">
        <ele>118.4</ele>
        <time>2026-04-18T13:53:23Z</time>
        <extensions>
          <speed>4.80</speed>
          <course>202.9</course>
        </extensions>
      </trkpt>
      <trkpt lat="48.5295597" lon="36.0666973">
        <ele>118.5</ele>
        <time>2026-04-18T13:53:23Z</time>
        <extensions>
          <speed>4.65</speed>
          <course>202.2</course>
        </extensions>
      </trkpt>
      <trkpt lat="48.5295558" lon="36.0666947">
        <ele>118.5</ele>
        <time>2026-04-18T13:53:23Z</time>
        <extensions>
          <speed>4.60</speed>
          <course>202.2</course>
        </extensions>
      </trkpt>
      <trkpt lat="48.5295520" lon="36.0666920">
        <ele>118.4</ele>
        <time>2026-04-18T13:53:23Z</time>
        <extensions>
          <speed>4.68</speed>
          <course>204.6</course>
        </extensions>
      </trkpt>
      <trkpt lat="48.5295482" lon="36.0666893">
        <ele>118.4</ele>
        <time>2026-04-18T13:53:24Z</time>
        <extensions>
          <speed>4.68</speed>
          <course>203.9</course>
        </extensions>
      </trkpt>
      <trkpt lat="48.5295408" lon="36.0666843">
        <ele>118.4</ele>
        <time>2026-04-18T13:53:24Z</time>
        <extensions>
          <speed>4.40</speed>
          <course>204.9</course>
        </extensions>
      </trkpt>
      <trkpt lat="48.5295372" lon="36.0666818">
        <ele>118.4</ele>
        <time>2026-04-18T13:53:24Z</time>
        <extensions>
          <speed>4.35</speed>
          <course>205.2</course>
        </extensions>
      </trkpt>
      <trkpt lat="48.5295333" lon="36.0666790">
        <ele>118.4</ele>
        <time>2026-04-18T13:53:24Z</time>
        <extensions>
          <speed>4.60</speed>
          <course>206.1</course>
        </extensions>
      </trkpt>
      <trkpt lat="48.5295297" lon="36.0666758">
        <ele>118.4</ele>
        <time>2026-04-18T13:53:24Z</time>
        <extensions>
          <speed>4.53</speed>
          <course>208.2</course>
        </extensions>
      </trkpt>
      <trkpt lat="48.5295263" lon="36.0666733">
        <ele>118.4</ele>
        <time>2026-04-18T13:53:24Z</time>
        <extensions>
          <speed>4.28</speed>
          <course>207.1</course>
        </extensions>
      </trkpt>
      <trkpt lat="48.5295227" lon="36.0666707">
        <ele>118.4</ele>
        <time>2026-04-18T13:53:24Z</time>
        <extensions>
          <speed>4.34</speed>
          <course>207.0</course>
        </extensions>
      </trkpt>
      <trkpt lat="48.5295195" lon="36.0666682">
        <ele>118.3</ele>
        <time>2026-04-18T13:53:24Z</time>
        <extensions>
          <speed>4.18</speed>
          <course>207.0</course>
        </extensions>
      </trkpt>
      <trkpt lat="48.5295158" lon="36.0666652">
        <ele>118.3</ele>
        <time>2026-04-18T13:53:24Z</time>
        <extensions>
          <speed>4.35</speed>
          <course>208.6</course>
        </extensions>
      </trkpt>
      <trkpt lat="48.5295123" lon="36.0666620">
        <ele>118.3</ele>
        <time>2026-04-18T13:53:25Z</time>
        <extensions>
          <speed>4.39</speed>
          <course>209.3</course>
        </extensions>
      </trkpt>
      <trkpt lat="48.5295090" lon="36.0666597">
        <ele>118.3</ele>
        <time>2026-04-18T13:53:25Z</time>
        <extensions>
          <speed>4.03</speed>
          <course>206.9</course>
        </extensions>
      </trkpt>
      <trkpt lat="48.5295057" lon="36.0666570">
        <ele>118.3</ele>
        <time>2026-04-18T13:53:25Z</time>
        <extensions>
          <speed>4.15</speed>
          <course>207.2</course>
        </extensions>
      </trkpt>
      <trkpt lat="48.5295022" lon="36.0666542">
        <ele>118.3</ele>
        <time>2026-04-18T13:53:25Z</time>
        <extensions>
          <speed>4.16</speed>
          <course>208.1</course>
        </extensions>
      </trkpt>
      <trkpt lat="48.5294990" lon="36.0666517">
        <ele>118.3</ele>
        <time>2026-04-18T13:53:25Z</time>
        <extensions>
          <speed>3.91</speed>
          <course>206.7</course>
        </extensions>
      </trkpt>
      <trkpt lat="48.5294958" lon="36.0666493">
        <ele>118.4</ele>
        <time>2026-04-18T13:53:25Z</time>
        <extensions>
          <speed>3.79</speed>
          <course>206.3</course>
        </extensions>
      </trkpt>
      <trkpt lat="48.5294925" lon="36.0666470">
        <ele>118.4</ele>
        <time>2026-04-18T13:53:25Z</time>
        <extensions>
          <speed>3.84</speed>
          <course>204.4</course>
        </extensions>
      </trkpt>
      <trkpt lat="48.5294895" lon="36.0666450">
        <ele>118.4</ele>
        <time>2026-04-18T13:53:25Z</time>
        <extensions>
          <speed>3.67</speed>
          <course>203.1</course>
        </extensions>
      </trkpt>
      <trkpt lat="48.5294865" lon="36.0666428">
        <ele>118.5</ele>
        <time>2026-04-18T13:53:25Z</time>
        <extensions>
          <speed>3.51</speed>
          <course>204.7</course>
        </extensions>
      </trkpt>
      <trkpt lat="48.5294833" lon="36.0666407">
        <ele>118.5</ele>
        <time>2026-04-18T13:53:25Z</time>
        <extensions>
          <speed>3.75</speed>
          <course>204.8</course>
        </extensions>
      </trkpt>
      <trkpt lat="48.5294803" lon="36.0666388">
        <ele>118.4</ele>
        <time>2026-04-18T13:53:26Z</time>
        <extensions>
          <speed>3.57</speed>
          <course>203.7</course>
        </extensions>
      </trkpt>
      <trkpt lat="48.5294777" lon="36.0666370">
        <ele>118.4</ele>
        <time>2026-04-18T13:53:26Z</time>
        <extensions>
          <speed>3.36</speed>
          <course>204.3</course>
        </extensions>
      </trkpt>
      <trkpt lat="48.5294743" lon="36.0666343">
        <ele>118.5</ele>
        <time>2026-04-18T13:53:26Z</time>
        <extensions>
          <speed>3.78</speed>
          <course>206.4</course>
        </extensions>
      </trkpt>
      <trkpt lat="48.5294717" lon="36.0666325">
        <ele>118.5</ele>
        <time>2026-04-18T13:53:26Z</time>
        <extensions>
          <speed>3.35</speed>
          <course>204.8</course>
        </extensions>
      </trkpt>
      <trkpt lat="48.5294683" lon="36.0666302">
        <ele>118.4</ele>
        <time>2026-04-18T13:53:26Z</time>
        <extensions>
          <speed>3.88</speed>
          <course>205.3</course>
        </extensions>
      </trkpt>
      <trkpt lat="48.5294657" lon="36.0666280">
        <ele>118.4</ele>
        <time>2026-04-18T13:53:26Z</time>
        <extensions>
          <speed>3.46</speed>
          <course>207.2</course>
        </extensions>
      </trkpt>
      <trkpt lat="48.5294630" lon="36.0666260">
        <ele>118.4</ele>
        <time>2026-04-18T13:53:26Z</time>
        <extensions>
          <speed>3.37</speed>
          <course>206.6</course>
        </extensions>
      </trkpt>
      <trkpt lat="48.5294600" lon="36.0666237">
        <ele>118.4</ele>
        <time>2026-04-18T13:53:26Z</time>
        <extensions>
          <speed>3.52</speed>
          <course>206.6</course>
        </extensions>
      </trkpt>
      <trkpt lat="48.5294573" lon="36.0666213">
        <ele>118.4</ele>
        <time>2026-04-18T13:53:26Z</time>
        <extensions>
          <speed>3.52</speed>
          <course>208.0</course>
        </extensions>
      </trkpt>
      <trkpt lat="48.5294547" lon="36.0666193">
        <ele>118.4</ele>
        <time>2026-04-18T13:53:26Z</time>
        <extensions>
          <speed>3.40</speed>
          <course>208.7</course>
        </extensions>
      </trkpt>
      <trkpt lat="48.5294520" lon="36.0666172">
        <ele>118.3</ele>
        <time>2026-04-18T13:53:27Z</time>
        <extensions>
          <speed>3.38</speed>
          <course>207.9</course>
        </extensions>
      </trkpt>
      <trkpt lat="48.5294493" lon="36.0666148">
        <ele>118.3</ele>
        <time>2026-04-18T13:53:27Z</time>
        <extensions>
          <speed>3.38</speed>
          <course>209.1</course>
        </extensions>
      </trkpt>
      <trkpt lat="48.5294467" lon="36.0666123">
        <ele>118.3</ele>
        <time>2026-04-18T13:53:27Z</time>
        <extensions>
          <speed>3.43</speed>
          <course>210.8</course>
        </extensions>
      </trkpt>
      <trkpt lat="48.5294445" lon="36.0666108">
        <ele>118.3</ele>
        <time>2026-04-18T13:53:27Z</time>
        <extensions>
          <speed>2.84</speed>
          <course>208.8</course>
        </extensions>
      </trkpt>
      <trkpt lat="48.5294420" lon="36.0666087">
        <ele>118.3</ele>
        <time>2026-04-18T13:53:27Z</time>
        <extensions>
          <speed>3.02</speed>
          <course>208.5</course>
        </extensions>
      </trkpt>
      <trkpt lat="48.5294395" lon="36.0666065">
        <ele>118.2</ele>
        <time>2026-04-18T13:53:27Z</time>
        <extensions>
          <speed>3.05</speed>
          <course>209.6</course>
        </extensions>
      </trkpt>
      <trkpt lat="48.5294372" lon="36.0666047">
        <ele>118.2</ele>
        <time>2026-04-18T13:53:27Z</time>
        <extensions>
          <speed>2.95</speed>
          <course>208.5</course>
        </extensions>
      </trkpt>
      <trkpt lat="48.5294343" lon="36.0666022">
        <ele>118.3</ele>
        <time>2026-04-18T13:53:27Z</time>
        <extensions>
          <speed>3.21</speed>
          <course>208.9</course>
        </extensions>
      </trkpt>
      <trkpt lat="48.5294320" lon="36.0666003">
        <ele>118.2</ele>
        <time>2026-04-18T13:53:27Z</time>
        <extensions>
          <speed>3.04</speed>
          <course>207.9</course>
        </extensions>
      </trkpt>
      <trkpt lat="48.5294297" lon="36.0665985">
        <ele>118.2</ele>
        <time>2026-04-18T13:53:27Z</time>
        <extensions>
          <speed>2.84</speed>
          <course>207.9</course>
        </extensions>
      </trkpt>
      <trkpt lat="48.5294272" lon="36.0665968">
        <ele>118.3</ele>
        <time>2026-04-18T13:53:28Z</time>
        <extensions>
          <speed>2.83</speed>
          <course>205.2</course>
        </extensions>
      </trkpt>
      <trkpt lat="48.5294228" lon="36.0665935">
        <ele>118.3</ele>
        <time>2026-04-18T13:53:28Z</time>
        <extensions>
          <speed>2.68</speed>
          <course>206.6</course>
        </extensions>
      </trkpt>
      <trkpt lat="48.5294205" lon="36.0665920">
        <ele>118.3</ele>
        <time>2026-04-18T13:53:28Z</time>
        <extensions>
          <speed>2.70</speed>
          <course>204.1</course>
        </extensions>
      </trkpt>
      <trkpt lat="48.5294183" lon="36.0665910">
        <ele>118.3</ele>
        <time>2026-04-18T13:53:28Z</time>
        <extensions>
          <speed>2.50</speed>
          <course>201.0</course>
        </extensions>
      </trkpt>
      <trkpt lat="48.5294160" lon="36.0665897">
        <ele>118.3</ele>
        <time>2026-04-18T13:53:28Z</time>
        <extensions>
          <speed>2.52</speed>
          <course>199.7</course>
        </extensions>
      </trkpt>
      <trkpt lat="48.5294143" lon="36.0665888">
        <ele>118.3</ele>
        <time>2026-04-18T13:53:28Z</time>
        <extensions>
          <speed>2.12</speed>
          <course>198.6</course>
        </extensions>
      </trkpt>
      <trkpt lat="48.5294125" lon="36.0665882">
        <ele>118.2</ele>
        <time>2026-04-18T13:53:28Z</time>
        <extensions>
          <speed>2.06</speed>
          <course>196.5</course>
        </extensions>
      </trkpt>
      <trkpt lat="48.5294105" lon="36.0665872">
        <ele>118.3</ele>
        <time>2026-04-18T13:53:28Z</time>
        <extensions>
          <speed>2.14</speed>
          <course>195.1</course>
        </extensions>
      </trkpt>
      <trkpt lat="48.5294087" lon="36.0665865">
        <ele>118.3</ele>
        <time>2026-04-18T13:53:28Z</time>
        <extensions>
          <speed>1.91</speed>
          <course>194.3</course>
        </extensions>
      </trkpt>
      <trkpt lat="48.5294068" lon="36.0665860">
        <ele>118.2</ele>
        <time>2026-04-18T13:53:29Z</time>
        <extensions>
          <speed>1.97</speed>
          <course>191.3</course>
        </extensions>
      </trkpt>
      <trkpt lat="48.5294037" lon="36.0665850">
        <ele>118.2</ele>
        <time>2026-04-18T13:53:29Z</time>
        <extensions>
          <speed>1.73</speed>
          <course>191.6</course>
        </extensions>
      </trkpt>
      <trkpt lat="48.5294018" lon="36.0665842">
        <ele>118.2</ele>
        <time>2026-04-18T13:53:29Z</time>
        <extensions>
          <speed>1.89</speed>
          <course>194.8</course>
        </extensions>
      </trkpt>
      <trkpt lat="48.5293980" lon="36.0665838">
        <ele>118.1</ele>
        <time>2026-04-18T13:53:29Z</time>
        <extensions>
          <speed>1.88</speed>
          <course>185.3</course>
        </extensions>
      </trkpt>
      <trkpt lat="48.5293965" lon="36.0665837">
        <ele>118.1</ele>
        <time>2026-04-18T13:53:29Z</time>
        <extensions>
          <speed>1.76</speed>
          <course>184.2</course>
        </extensions>
      </trkpt>
      <trkpt lat="48.5293947" lon="36.0665832">
        <ele>118.1</ele>
        <time>2026-04-18T13:53:29Z</time>
        <extensions>
          <speed>2.00</speed>
          <course>185.8</course>
        </extensions>
      </trkpt>
      <trkpt lat="48.5293930" lon="36.0665830">
        <ele>118.1</ele>
        <time>2026-04-18T13:53:29Z</time>
        <extensions>
          <speed>1.74</speed>
          <course>182.4</course>
        </extensions>
      </trkpt>
      <trkpt lat="48.5293917" lon="36.0665832">
        <ele>118.1</ele>
        <time>2026-04-18T13:53:29Z</time>
        <extensions>
          <speed>1.46</speed>
          <course>177.0</course>
        </extensions>
      </trkpt>
      <trkpt lat="48.5293898" lon="36.0665822">
        <ele>117.9</ele>
        <time>2026-04-18T13:53:30Z</time>
        <extensions>
          <speed>2.02</speed>
          <course>189.2</course>
        </extensions>
      </trkpt>
      <trkpt lat="48.5293862" lon="36.0665818">
        <ele>117.8</ele>
        <time>2026-04-18T13:53:30Z</time>
        <extensions>
          <speed>2.08</speed>
          <course>182.4</course>
        </extensions>
      </trkpt>
      <trkpt lat="48.5293843" lon="36.0665822">
        <ele>117.8</ele>
        <time>2026-04-18T13:53:30Z</time>
        <extensions>
          <speed>1.96</speed>
          <course>177.6</course>
        </extensions>
      </trkpt>
      <trkpt lat="48.5293822" lon="36.0665828">
        <ele>117.7</ele>
        <time>2026-04-18T13:53:30Z</time>
        <extensions>
          <speed>2.23</speed>
          <course>170.4</course>
        </extensions>
      </trkpt>
      <trkpt lat="48.5293807" lon="36.0665837">
        <ele>117.7</ele>
        <time>2026-04-18T13:53:30Z</time>
        <extensions>
          <speed>1.97</speed>
          <course>165.6</course>
        </extensions>
      </trkpt>
      <trkpt lat="48.5293788" lon="36.0665847">
        <ele>117.7</ele>
        <time>2026-04-18T13:53:30Z</time>
        <extensions>
          <speed>2.06</speed>
          <course>162.4</course>
        </extensions>
      </trkpt>
      <trkpt lat="48.5293775" lon="36.0665862">
        <ele>117.7</ele>
        <time>2026-04-18T13:53:30Z</time>
        <extensions>
          <speed>1.66</speed>
          <course>156.5</course>
        </extensions>
      </trkpt>
      <trkpt lat="48.5293763" lon="36.0665867">
        <ele>117.6</ele>
        <time>2026-04-18T13:53:30Z</time>
        <extensions>
          <speed>1.55</speed>
          <course>155.7</course>
        </extensions>
      </trkpt>
      <trkpt lat="48.5293750" lon="36.0665875">
        <ele>117.6</ele>
        <time>2026-04-18T13:53:30Z</time>
        <extensions>
          <speed>1.62</speed>
          <course>156.3</course>
        </extensions>
      </trkpt>
      <trkpt lat="48.5293742" lon="36.0665883">
        <ele>117.6</ele>
        <time>2026-04-18T13:53:31Z</time>
        <extensions>
          <speed>1.17</speed>
          <course>150.8</course>
        </extensions>
      </trkpt>
      <trkpt lat="48.5293720" lon="36.0665912">
        <ele>117.6</ele>
        <time>2026-04-18T13:53:31Z</time>
        <extensions>
          <speed>1.49</speed>
          <course>138.0</course>
        </extensions>
      </trkpt>
      <trkpt lat="48.5293713" lon="36.0665915">
        <ele>117.6</ele>
        <time>2026-04-18T13:53:31Z</time>
        <extensions>
          <speed>0.39</speed>
          <course>131.7</course>
        </extensions>
      </trkpt>
      <trkpt lat="48.5293705" lon="36.0665928">
        <ele>117.6</ele>
        <time>2026-04-18T13:53:31Z</time>
        <extensions>
          <speed>0.94</speed>
          <course>125.8</course>
        </extensions>
      </trkpt>
      <trkpt lat="48.5293693" lon="36.0665930">
        <ele>117.6</ele>
        <time>2026-04-18T13:53:31Z</time>
        <extensions>
          <speed>0.99</speed>
          <course>143.8</course>
        </extensions>
      </trkpt>
      <trkpt lat="48.5293688" lon="36.0665935">
        <ele>117.5</ele>
        <time>2026-04-18T13:53:31Z</time>
        <extensions>
          <speed>0.93</speed>
          <course>141.0</course>
        </extensions>
      </trkpt>
      <trkpt lat="48.5293675" lon="36.0665948">
        <ele>117.5</ele>
        <time>2026-04-18T13:53:31Z</time>
        <extensions>
          <speed>1.36</speed>
          <course>142.1</course>
        </extensions>
      </trkpt>
      <trkpt lat="48.5293665" lon="36.0665958">
        <ele>117.4</ele>
        <time>2026-04-18T13:53:31Z</time>
        <extensions>
          <speed>1.53</speed>
          <course>141.0</course>
        </extensions>
      </trkpt>
      <trkpt lat="48.5293658" lon="36.0665968">
        <ele>117.4</ele>
        <time>2026-04-18T13:53:32Z</time>
        <extensions>
          <speed>1.15</speed>
          <course>135.4</course>
        </extensions>
      </trkpt>
      <trkpt lat="48.5293648" lon="36.0666000">
        <ele>117.3</ele>
        <time>2026-04-18T13:53:32Z</time>
        <extensions>
          <speed>1.36</speed>
          <course>119.7</course>
        </extensions>
      </trkpt>
      <trkpt lat="48.5293635" lon="36.0666012">
        <ele>117.3</ele>
        <time>2026-04-18T13:53:32Z</time>
        <extensions>
          <speed>1.51</speed>
          <course>126.4</course>
        </extensions>
      </trkpt>
      <trkpt lat="48.5293627" lon="36.0666022">
        <ele>117.4</ele>
        <time>2026-04-18T13:53:32Z</time>
        <extensions>
          <speed>1.10</speed>
          <course>126.4</course>
        </extensions>
      </trkpt>
      <trkpt lat="48.5293615" lon="36.0666038">
        <ele>117.4</ele>
        <time>2026-04-18T13:53:32Z</time>
        <extensions>
          <speed>1.46</speed>
          <course>122.9</course>
        </extensions>
      </trkpt>
      <trkpt lat="48.5293610" lon="36.0666052">
        <ele>117.6</ele>
        <time>2026-04-18T13:53:32Z</time>
        <extensions>
          <speed>1.04</speed>
          <course>110.8</course>
        </extensions>
      </trkpt>
      <trkpt lat="48.5293602" lon="36.0666062">
        <ele>117.6</ele>
        <time>2026-04-18T13:53:32Z</time>
        <extensions>
          <speed>1.04</speed>
          <course>113.3</course>
        </extensions>
      </trkpt>
      <trkpt lat="48.5293595" lon="36.0666073">
        <ele>117.7</ele>
        <time>2026-04-18T13:53:32Z</time>
        <extensions>
          <speed>1.12</speed>
          <course>107.8</course>
        </extensions>
      </trkpt>
      <trkpt lat="48.5293588" lon="36.0666085">
        <ele>117.7</ele>
        <time>2026-04-18T13:53:32Z</time>
        <extensions>
          <speed>1.09</speed>
          <course>109.6</course>
        </extensions>
      </trkpt>
      <trkpt lat="48.5293582" lon="36.0666100">
        <ele>117.8</ele>
        <time>2026-04-18T13:53:33Z</time>
        <extensions>
          <speed>1.15</speed>
          <course>107.8</course>
        </extensions>
      </trkpt>
      <trkpt lat="48.5293573" lon="36.0666123">
        <ele>117.8</ele>
        <time>2026-04-18T13:53:33Z</time>
        <extensions>
          <speed>1.01</speed>
          <course>107.5</course>
        </extensions>
      </trkpt>
      <trkpt lat="48.5293568" lon="36.0666138">
        <ele>117.8</ele>
        <time>2026-04-18T13:53:33Z</time>
        <extensions>
          <speed>1.14</speed>
          <course>109.9</course>
        </extensions>
      </trkpt>
      <trkpt lat="48.5293563" lon="36.0666145">
        <ele>117.8</ele>
        <time>2026-04-18T13:53:33Z</time>
        <extensions>
          <speed>0.88</speed>
          <course>111.3</course>
        </extensions>
      </trkpt>
      <trkpt lat="48.5293562" lon="36.0666150">
        <ele>117.9</ele>
        <time>2026-04-18T13:53:33Z</time>
        <extensions>
          <speed>0.66</speed>
          <course>103.3</course>
        </extensions>
      </trkpt>
      <trkpt lat="48.5293555" lon="36.0666158">
        <ele>117.9</ele>
        <time>2026-04-18T13:53:33Z</time>
        <extensions>
          <speed>0.68</speed>
          <course>107.6</course>
        </extensions>
      </trkpt>
      <trkpt lat="48.5293552" lon="36.0666163">
        <ele>118.0</ele>
        <time>2026-04-18T13:53:33Z</time>
        <extensions>
          <speed>0.54</speed>
          <course>104.8</course>
        </extensions>
      </trkpt>
      <trkpt lat="48.5293547" lon="36.0666170">
        <ele>118.1</ele>
        <time>2026-04-18T13:53:33Z</time>
        <extensions>
          <speed>0.54</speed>
          <course>107.0</course>
        </extensions>
      </trkpt>
      <trkpt lat="48.5293540" lon="36.0666177">
        <ele>118.1</ele>
        <time>2026-04-18T13:53:33Z</time>
        <extensions>
          <speed>0.62</speed>
          <course>111.7</course>
        </extensions>
      </trkpt>
      <trkpt lat="48.5293535" lon="36.0666180">
        <ele>118.1</ele>
        <time>2026-04-18T13:53:34Z</time>
        <extensions>
          <speed>0.64</speed>
          <course>120.4</course>
        </extensions>
      </trkpt>
      <trkpt lat="48.5293528" lon="36.0666190">
        <ele>118.1</ele>
        <time>2026-04-18T13:53:34Z</time>
        <extensions>
          <speed>0.48</speed>
          <course>118.8</course>
        </extensions>
      </trkpt>
      <trkpt lat="48.5293522" lon="36.0666200">
        <ele>118.1</ele>
        <time>2026-04-18T13:53:34Z</time>
        <extensions>
          <speed>0.83</speed>
          <course>121.0</course>
        </extensions>
      </trkpt>
      <trkpt lat="48.5293517" lon="36.0666218">
        <ele>118.3</ele>
        <time>2026-04-18T13:53:34Z</time>
        <extensions>
          <speed>0.97</speed>
          <course>112.8</course>
        </extensions>
      </trkpt>
      <trkpt lat="48.5293508" lon="36.0666230">
        <ele>118.3</ele>
        <time>2026-04-18T13:53:34Z</time>
        <extensions>
          <speed>1.03</speed>
          <course>117.7</course>
        </extensions>
      </trkpt>
      <trkpt lat="48.5293498" lon="36.0666247">
        <ele>118.4</ele>
        <time>2026-04-18T13:53:34Z</time>
        <extensions>
          <speed>1.37</speed>
          <course>122.3</course>
        </extensions>
      </trkpt>
      <trkpt lat="48.5293493" lon="36.0666262">
        <ele>118.4</ele>
        <time>2026-04-18T13:53:34Z</time>
        <extensions>
          <speed>1.41</speed>
          <course>118.5</course>
        </extensions>
      </trkpt>
      <trkpt lat="48.5293483" lon="36.0666275">
        <ele>118.3</ele>
        <time>2026-04-18T13:53:34Z</time>
        <extensions>
          <speed>1.61</speed>
          <course>123.8</course>
        </extensions>
      </trkpt>
      <trkpt lat="48.5293475" lon="36.0666290">
        <ele>118.3</ele>
        <time>2026-04-18T13:53:34Z</time>
        <extensions>
          <speed>1.57</speed>
          <course>124.8</course>
        </extensions>
      </trkpt>
      <trkpt lat="48.5293462" lon="36.0666310">
        <ele>118.3</ele>
        <time>2026-04-18T13:53:35Z</time>
        <extensions>
          <speed>1.79</speed>
          <course>126.3</course>
        </extensions>
      </trkpt>
      <trkpt lat="48.5293443" lon="36.0666373">
        <ele>118.4</ele>
        <time>2026-04-18T13:53:35Z</time>
        <extensions>
          <speed>2.69</speed>
          <course>116.8</course>
        </extensions>
      </trkpt>
      <trkpt lat="48.5293425" lon="36.0666395">
        <ele>118.4</ele>
        <time>2026-04-18T13:53:35Z</time>
        <extensions>
          <speed>2.62</speed>
          <course>122.0</course>
        </extensions>
      </trkpt>
      <trkpt lat="48.5293405" lon="36.0666430">
        <ele>118.4</ele>
        <time>2026-04-18T13:53:35Z</time>
        <extensions>
          <speed>3.03</speed>
          <course>125.7</course>
        </extensions>
      </trkpt>
      <trkpt lat="48.5293390" lon="36.0666475">
        <ele>118.4</ele>
        <time>2026-04-18T13:53:35Z</time>
        <extensions>
          <speed>3.44</speed>
          <course>121.3</course>
        </extensions>
      </trkpt>
      <trkpt lat="48.5293372" lon="36.0666513">
        <ele>118.4</ele>
        <time>2026-04-18T13:53:35Z</time>
        <extensions>
          <speed>3.53</speed>
          <course>120.2</course>
        </extensions>
      </trkpt>
      <trkpt lat="48.5293352" lon="36.0666565">
        <ele>118.5</ele>
        <time>2026-04-18T13:53:35Z</time>
        <extensions>
          <speed>3.94</speed>
          <course>120.9</course>
        </extensions>
      </trkpt>
      <trkpt lat="48.5293333" lon="36.0666610">
        <ele>118.4</ele>
        <time>2026-04-18T13:53:35Z</time>
        <extensions>
          <speed>4.05</speed>
          <course>119.4</course>
        </extensions>
      </trkpt>
      <trkpt lat="48.5293313" lon="36.0666662">
        <ele>118.5</ele>
        <time>2026-04-18T13:53:35Z</time>
        <extensions>
          <speed>4.17</speed>
          <course>118.3</course>
        </extensions>
      </trkpt>
      <trkpt lat="48.5293295" lon="36.0666715">
        <ele>118.4</ele>
        <time>2026-04-18T13:53:36Z</time>
        <extensions>
          <speed>4.65</speed>
          <course>116.8</course>
        </extensions>
      </trkpt>
      <trkpt lat="48.5293270" lon="36.0666778">
        <ele>118.4</ele>
        <time>2026-04-18T13:53:36Z</time>
        <extensions>
          <speed>5.02</speed>
          <course>118.5</course>
        </extensions>
      </trkpt>
      <trkpt lat="48.5293248" lon="36.0666845">
        <ele>118.6</ele>
        <time>2026-04-18T13:53:36Z</time>
        <extensions>
          <speed>4.85</speed>
          <course>116.0</course>
        </extensions>
      </trkpt>
      <trkpt lat="48.5293228" lon="36.0666895">
        <ele>118.4</ele>
        <time>2026-04-18T13:53:36Z</time>
        <extensions>
          <speed>5.16</speed>
          <course>116.9</course>
        </extensions>
      </trkpt>
      <trkpt lat="48.5293205" lon="36.0666968">
        <ele>118.5</ele>
        <time>2026-04-18T13:53:36Z</time>
        <extensions>
          <speed>5.35</speed>
          <course>115.2</course>
        </extensions>
      </trkpt>
      <trkpt lat="48.5293177" lon="36.0667042">
        <ele>118.6</ele>
        <time>2026-04-18T13:53:36Z</time>
        <extensions>
          <speed>5.76</speed>
          <course>118.4</course>
        </extensions>
      </trkpt>
      <trkpt lat="48.5293150" lon="36.0667113">
        <ele>118.7</ele>
        <time>2026-04-18T13:53:36Z</time>
        <extensions>
          <speed>5.73</speed>
          <course>119.4</course>
        </extensions>
      </trkpt>
      <trkpt lat="48.5293122" lon="36.0667183">
        <ele>118.7</ele>
        <time>2026-04-18T13:53:36Z</time>
        <extensions>
          <speed>5.89</speed>
          <course>120.2</course>
        </extensions>
      </trkpt>
      <trkpt lat="48.5293092" lon="36.0667247">
        <ele>118.8</ele>
        <time>2026-04-18T13:53:36Z</time>
        <extensions>
          <speed>5.72</speed>
          <course>123.0</course>
        </extensions>
      </trkpt>
      <trkpt lat="48.5293062" lon="36.0667305">
        <ele>118.9</ele>
        <time>2026-04-18T13:53:36Z</time>
        <extensions>
          <speed>5.25</speed>
          <course>126.1</course>
        </extensions>
      </trkpt>
      <trkpt lat="48.5293033" lon="36.0667358">
        <ele>119.1</ele>
        <time>2026-04-18T13:53:37Z</time>
        <extensions>
          <speed>4.73</speed>
          <course>127.8</course>
        </extensions>
      </trkpt>
      <trkpt lat="48.5292973" lon="36.0667472">
        <ele>119.3</ele>
        <time>2026-04-18T13:53:37Z</time>
        <extensions>
          <speed>5.05</speed>
          <course>129.7</course>
        </extensions>
      </trkpt>
      <trkpt lat="48.5292940" lon="36.0667533">
        <ele>119.5</ele>
        <time>2026-04-18T13:53:37Z</time>
        <extensions>
          <speed>5.24</speed>
          <course>129.2</course>
        </extensions>
      </trkpt>
      <trkpt lat="48.5292903" lon="36.0667598">
        <ele>119.8</ele>
        <time>2026-04-18T13:53:37Z</time>
        <extensions>
          <speed>5.51</speed>
          <course>130.3</course>
        </extensions>
      </trkpt>
      <trkpt lat="48.5292872" lon="36.0667660">
        <ele>119.9</ele>
        <time>2026-04-18T13:53:37Z</time>
        <extensions>
          <speed>5.54</speed>
          <course>129.1</course>
        </extensions>
      </trkpt>
      <trkpt lat="48.5292835" lon="36.0667723">
        <ele>120.0</ele>
        <time>2026-04-18T13:53:37Z</time>
        <extensions>
          <speed>5.89</speed>
          <course>129.4</course>
        </extensions>
      </trkpt>
      <trkpt lat="48.5292800" lon="36.0667783">
        <ele>120.2</ele>
        <time>2026-04-18T13:53:37Z</time>
        <extensions>
          <speed>5.88</speed>
          <course>130.9</course>
        </extensions>
      </trkpt>
      <trkpt lat="48.5292763" lon="36.0667842">
        <ele>120.3</ele>
        <time>2026-04-18T13:53:37Z</time>
        <extensions>
          <speed>5.69</speed>
          <course>131.2</course>
        </extensions>
      </trkpt>
      <trkpt lat="48.5292730" lon="36.0667900">
        <ele>120.5</ele>
        <time>2026-04-18T13:53:37Z</time>
        <extensions>
          <speed>5.72</speed>
          <course>130.0</course>
        </extensions>
      </trkpt>
      <trkpt lat="48.5292695" lon="36.0667965">
        <ele>120.5</ele>
        <time>2026-04-18T13:53:38Z</time>
        <extensions>
          <speed>6.31</speed>
          <course>128.9</course>
        </extensions>
      </trkpt>
      <trkpt lat="48.5292627" lon="36.0668095">
        <ele>120.7</ele>
        <time>2026-04-18T13:53:38Z</time>
        <extensions>
          <speed>6.18</speed>
          <course>128.0</course>
        </extensions>
      </trkpt>
      <trkpt lat="48.5292592" lon="36.0668165">
        <ele>120.8</ele>
        <time>2026-04-18T13:53:38Z</time>
        <extensions>
          <speed>6.39</speed>
          <course>126.4</course>
        </extensions>
      </trkpt>
      <trkpt lat="48.5292562" lon="36.0668232">
        <ele>120.8</ele>
        <time>2026-04-18T13:53:38Z</time>
        <extensions>
          <speed>6.13</speed>
          <course>123.1</course>
        </extensions>
      </trkpt>
      <trkpt lat="48.5292540" lon="36.0668297">
        <ele>120.9</ele>
        <time>2026-04-18T13:53:38Z</time>
        <extensions>
          <speed>5.66</speed>
          <course>118.6</course>
        </extensions>
      </trkpt>
      <trkpt lat="48.5292523" lon="36.0668365">
        <ele>121.0</ele>
        <time>2026-04-18T13:53:38Z</time>
        <extensions>
          <speed>5.45</speed>
          <course>111.9</course>
        </extensions>
      </trkpt>
      <trkpt lat="48.5292510" lon="36.0668427">
        <ele>121.1</ele>
        <time>2026-04-18T13:53:38Z</time>
        <extensions>
          <speed>4.96</speed>
          <course>107.7</course>
        </extensions>
      </trkpt>
      <trkpt lat="48.5292500" lon="36.0668492">
        <ele>121.1</ele>
        <time>2026-04-18T13:53:38Z</time>
        <extensions>
          <speed>5.10</speed>
          <course>105.3</course>
        </extensions>
      </trkpt>
      <trkpt lat="48.5292492" lon="36.0668555">
        <ele>121.2</ele>
        <time>2026-04-18T13:53:38Z</time>
        <extensions>
          <speed>4.88</speed>
          <course>100.7</course>
        </extensions>
      </trkpt>
      <trkpt lat="48.5292487" lon="36.0668620">
        <ele>121.3</ele>
        <time>2026-04-18T13:53:39Z</time>
        <extensions>
          <speed>4.95</speed>
          <course>96.4</course>
        </extensions>
      </trkpt>
      <trkpt lat="48.5292485" lon="36.0668747">
        <ele>121.4</ele>
        <time>2026-04-18T13:53:39Z</time>
        <extensions>
          <speed>4.76</speed>
          <course>91.1</course>
        </extensions>
      </trkpt>
      <trkpt lat="48.5292488" lon="36.0668802">
        <ele>121.4</ele>
        <time>2026-04-18T13:53:39Z</time>
        <extensions>
          <speed>4.73</speed>
          <course>87.5</course>
        </extensions>
      </trkpt>
      <trkpt lat="48.5292490" lon="36.0668865">
        <ele>121.4</ele>
        <time>2026-04-18T13:53:39Z</time>
        <extensions>
          <speed>4.83</speed>
          <course>86.5</course>
        </extensions>
      </trkpt>
      <trkpt lat="48.5292492" lon="36.0668930">
        <ele>121.5</ele>
        <time>2026-04-18T13:53:39Z</time>
        <extensions>
          <speed>4.95</speed>
          <course>85.2</course>
        </extensions>
      </trkpt>
      <trkpt lat="48.5292495" lon="36.0668992">
        <ele>121.6</ele>
        <time>2026-04-18T13:53:39Z</time>
        <extensions>
          <speed>4.80</speed>
          <course>84.8</course>
        </extensions>
      </trkpt>
      <trkpt lat="48.5292498" lon="36.0669060">
        <ele>121.7</ele>
        <time>2026-04-18T13:53:39Z</time>
        <extensions>
          <speed>4.93</speed>
          <course>83.9</course>
        </extensions>
      </trkpt>
      <trkpt lat="48.5292502" lon="36.0669123">
        <ele>121.7</ele>
        <time>2026-04-18T13:53:39Z</time>
        <extensions>
          <speed>4.87</speed>
          <course>83.7</course>
        </extensions>
      </trkpt>
      <trkpt lat="48.5292510" lon="36.0669188">
        <ele>121.7</ele>
        <time>2026-04-18T13:53:39Z</time>
        <extensions>
          <speed>5.22</speed>
          <course>81.2</course>
        </extensions>
      </trkpt>
      <trkpt lat="48.5292518" lon="36.0669255">
        <ele>121.8</ele>
        <time>2026-04-18T13:53:40Z</time>
        <extensions>
          <speed>5.08</speed>
          <course>79.6</course>
        </extensions>
      </trkpt>
      <trkpt lat="48.5292525" lon="36.0669327">
        <ele>121.9</ele>
        <time>2026-04-18T13:53:40Z</time>
        <extensions>
          <speed>5.20</speed>
          <course>79.1</course>
        </extensions>
      </trkpt>
      <trkpt lat="48.5292535" lon="36.0669395">
        <ele>121.9</ele>
        <time>2026-04-18T13:53:40Z</time>
        <extensions>
          <speed>5.61</speed>
          <course>77.5</course>
        </extensions>
      </trkpt>
      <trkpt lat="48.5292548" lon="36.0669460">
        <ele>121.9</ele>
        <time>2026-04-18T13:53:40Z</time>
        <extensions>
          <speed>5.30</speed>
          <course>76.3</course>
        </extensions>
      </trkpt>
      <trkpt lat="48.5292562" lon="36.0669532">
        <ele>122.0</ele>
        <time>2026-04-18T13:53:40Z</time>
        <extensions>
          <speed>5.43</speed>
          <course>73.7</course>
        </extensions>
      </trkpt>
      <trkpt lat="48.5292577" lon="36.0669598">
        <ele>122.0</ele>
        <time>2026-04-18T13:53:40Z</time>
        <extensions>
          <speed>5.52</speed>
          <course>72.3</course>
        </extensions>
      </trkpt>
      <trkpt lat="48.5292597" lon="36.0669652">
        <ele>122.0</ele>
        <time>2026-04-18T13:53:40Z</time>
        <extensions>
          <speed>5.20</speed>
          <course>68.5</course>
        </extensions>
      </trkpt>
      <trkpt lat="48.5292615" lon="36.0669717">
        <ele>122.1</ele>
        <time>2026-04-18T13:53:40Z</time>
        <extensions>
          <speed>5.24</speed>
          <course>66.7</course>
        </extensions>
      </trkpt>
      <trkpt lat="48.5292637" lon="36.0669787">
        <ele>122.1</ele>
        <time>2026-04-18T13:53:40Z</time>
        <extensions>
          <speed>5.56</speed>
          <course>65.1</course>
        </extensions>
      </trkpt>
      <trkpt lat="48.5292660" lon="36.0669857">
        <ele>122.2</ele>
        <time>2026-04-18T13:53:40Z</time>
        <extensions>
          <speed>5.78</speed>
          <course>63.7</course>
        </extensions>
      </trkpt>
      <trkpt lat="48.5292690" lon="36.0669918">
        <ele>122.2</ele>
        <time>2026-04-18T13:53:41Z</time>
        <extensions>
          <speed>5.80</speed>
          <course>60.4</course>
        </extensions>
      </trkpt>
      <trkpt lat="48.5292715" lon="36.0669990">
        <ele>122.2</ele>
        <time>2026-04-18T13:53:41Z</time>
        <extensions>
          <speed>5.98</speed>
          <course>59.9</course>
        </extensions>
      </trkpt>
      <trkpt lat="48.5292745" lon="36.0670058">
        <ele>122.2</ele>
        <time>2026-04-18T13:53:41Z</time>
        <extensions>
          <speed>6.12</speed>
          <course>58.4</course>
        </extensions>
      </trkpt>
      <trkpt lat="48.5292775" lon="36.0670135">
        <ele>122.3</ele>
        <time>2026-04-18T13:53:41Z</time>
        <extensions>
          <speed>6.50</speed>
          <course>58.4</course>
        </extensions>
      </trkpt>
      <trkpt lat="48.5292807" lon="36.0670210">
        <ele>122.3</ele>
        <time>2026-04-18T13:53:41Z</time>
        <extensions>
          <speed>6.59</speed>
          <course>58.0</course>
        </extensions>
      </trkpt>
      <trkpt lat="48.5292840" lon="36.0670285">
        <ele>122.4</ele>
        <time>2026-04-18T13:53:41Z</time>
        <extensions>
          <speed>6.58</speed>
          <course>56.8</course>
        </extensions>
      </trkpt>
      <trkpt lat="48.5292872" lon="36.0670357">
        <ele>122.4</ele>
        <time>2026-04-18T13:53:41Z</time>
        <extensions>
          <speed>6.42</speed>
          <course>57.1</course>
        </extensions>
      </trkpt>
      <trkpt lat="48.5292903" lon="36.0670420">
        <ele>122.4</ele>
        <time>2026-04-18T13:53:41Z</time>
        <extensions>
          <speed>6.17</speed>
          <course>55.3</course>
        </extensions>
      </trkpt>
      <trkpt lat="48.5292930" lon="36.0670495">
        <ele>122.5</ele>
        <time>2026-04-18T13:53:41Z</time>
        <extensions>
          <speed>6.31</speed>
          <course>58.2</course>
        </extensions>
      </trkpt>
      <trkpt lat="48.5292960" lon="36.0670570">
        <ele>122.5</ele>
        <time>2026-04-18T13:53:41Z</time>
        <extensions>
          <speed>6.56</speed>
          <course>59.0</course>
        </extensions>
      </trkpt>
      <trkpt lat="48.5292987" lon="36.0670642">
        <ele>122.6</ele>
        <time>2026-04-18T13:53:42Z</time>
        <extensions>
          <speed>6.12</speed>
          <course>59.6</course>
        </extensions>
      </trkpt>
      <trkpt lat="48.5293013" lon="36.0670708">
        <ele>122.6</ele>
        <time>2026-04-18T13:53:42Z</time>
        <extensions>
          <speed>6.09</speed>
          <course>58.6</course>
        </extensions>
      </trkpt>
      <trkpt lat="48.5293038" lon="36.0670782">
        <ele>122.7</ele>
        <time>2026-04-18T13:53:42Z</time>
        <extensions>
          <speed>6.07</speed>
          <course>60.5</course>
        </extensions>
      </trkpt>
      <trkpt lat="48.5293063" lon="36.0670852">
        <ele>122.7</ele>
        <time>2026-04-18T13:53:42Z</time>
        <extensions>
          <speed>6.02</speed>
          <course>60.6</course>
        </extensions>
      </trkpt>
      <trkpt lat="48.5293090" lon="36.0670922">
        <ele>122.7</ele>
        <time>2026-04-18T13:53:42Z</time>
        <extensions>
          <speed>6.11</speed>
          <course>60.0</course>
        </extensions>
      </trkpt>
      <trkpt lat="48.5293113" lon="36.0670992">
        <ele>122.8</ele>
        <time>2026-04-18T13:53:42Z</time>
        <extensions>
          <speed>5.93</speed>
          <course>60.7</course>
        </extensions>
      </trkpt>
      <trkpt lat="48.5293135" lon="36.0671062">
        <ele>122.8</ele>
        <time>2026-04-18T13:53:42Z</time>
        <extensions>
          <speed>5.69</speed>
          <course>62.6</course>
        </extensions>
      </trkpt>
      <trkpt lat="48.5293153" lon="36.0671128">
        <ele>122.7</ele>
        <time>2026-04-18T13:53:42Z</time>
        <extensions>
          <speed>5.84</speed>
          <course>63.6</course>
        </extensions>
      </trkpt>
      <trkpt lat="48.5293175" lon="36.0671198">
        <ele>122.8</ele>
        <time>2026-04-18T13:53:42Z</time>
        <extensions>
          <speed>5.69</speed>
          <course>65.3</course>
        </extensions>
      </trkpt>
      <trkpt lat="48.5293197" lon="36.0671265">
        <ele>122.8</ele>
        <time>2026-04-18T13:53:42Z</time>
        <extensions>
          <speed>5.44</speed>
          <course>64.5</course>
        </extensions>
      </trkpt>
      <trkpt lat="48.5293215" lon="36.0671330">
        <ele>122.8</ele>
        <time>2026-04-18T13:53:43Z</time>
        <extensions>
          <speed>5.51</speed>
          <course>65.2</course>
        </extensions>
      </trkpt>
      <trkpt lat="48.5293233" lon="36.0671398">
        <ele>122.8</ele>
        <time>2026-04-18T13:53:43Z</time>
        <extensions>
          <speed>5.35</speed>
          <course>67.5</course>
        </extensions>
      </trkpt>
      <trkpt lat="48.5293252" lon="36.0671462">
        <ele>122.9</ele>
        <time>2026-04-18T13:53:43Z</time>
        <extensions>
          <speed>5.11</speed>
          <course>66.3</course>
        </extensions>
      </trkpt>
      <trkpt lat="48.5293268" lon="36.0671522">
        <ele>122.9</ele>
        <time>2026-04-18T13:53:43Z</time>
        <extensions>
          <speed>4.86</speed>
          <course>66.3</course>
        </extensions>
      </trkpt>
      <trkpt lat="48.5293285" lon="36.0671588">
        <ele>123.0</ele>
        <time>2026-04-18T13:53:43Z</time>
        <extensions>
          <speed>4.94</speed>
          <course>67.1</course>
        </extensions>
      </trkpt>
      <trkpt lat="48.5293307" lon="36.0671653">
        <ele>123.0</ele>
        <time>2026-04-18T13:53:43Z</time>
        <extensions>
          <speed>5.17</speed>
          <course>65.4</course>
        </extensions>
      </trkpt>
      <trkpt lat="48.5293327" lon="36.0671722">
        <ele>123.1</ele>
        <time>2026-04-18T13:53:43Z</time>
        <extensions>
          <speed>5.58</speed>
          <course>64.7</course>
        </extensions>
      </trkpt>
      <trkpt lat="48.5293347" lon="36.0671792">
        <ele>123.1</ele>
        <time>2026-04-18T13:53:43Z</time>
        <extensions>
          <speed>5.69</speed>
          <course>65.2</course>
        </extensions>
      </trkpt>
      <trkpt lat="48.5293363" lon="36.0671870">
        <ele>123.1</ele>
        <time>2026-04-18T13:53:43Z</time>
        <extensions>
          <speed>5.75</speed>
          <course>67.6</course>
        </extensions>
      </trkpt>
      <trkpt lat="48.5293383" lon="36.0671947">
        <ele>123.1</ele>
        <time>2026-04-18T13:53:43Z</time>
        <extensions>
          <speed>6.13</speed>
          <course>67.8</course>
        </extensions>
      </trkpt>
      <trkpt lat="48.5293405" lon="36.0672027">
        <ele>123.2</ele>
        <time>2026-04-18T13:53:44Z</time>
        <extensions>
          <speed>6.35</speed>
          <course>67.4</course>
        </extensions>
      </trkpt>
      <trkpt lat="48.5293430" lon="36.0672107">
        <ele>123.2</ele>
        <time>2026-04-18T13:53:44Z</time>
        <extensions>
          <speed>6.62</speed>
          <course>65.8</course>
        </extensions>
      </trkpt>
      <trkpt lat="48.5293455" lon="36.0672193">
        <ele>123.2</ele>
        <time>2026-04-18T13:53:44Z</time>
        <extensions>
          <speed>6.84</speed>
          <course>65.8</course>
        </extensions>
      </trkpt>
      <trkpt lat="48.5293478" lon="36.0672280">
        <ele>123.2</ele>
        <time>2026-04-18T13:53:44Z</time>
        <extensions>
          <speed>7.06</speed>
          <course>65.7</course>
        </extensions>
      </trkpt>
      <trkpt lat="48.5293505" lon="36.0672372">
        <ele>123.2</ele>
        <time>2026-04-18T13:53:44Z</time>
        <extensions>
          <speed>7.28</speed>
          <course>65.9</course>
        </extensions>
      </trkpt>
      <trkpt lat="48.5293532" lon="36.0672462">
        <ele>123.2</ele>
        <time>2026-04-18T13:53:44Z</time>
        <extensions>
          <speed>7.40</speed>
          <course>65.7</course>
        </extensions>
      </trkpt>
      <trkpt lat="48.5293562" lon="36.0672553">
        <ele>123.2</ele>
        <time>2026-04-18T13:53:44Z</time>
        <extensions>
          <speed>7.58</speed>
          <course>64.4</course>
        </extensions>
      </trkpt>
      <trkpt lat="48.5293592" lon="36.0672645">
        <ele>123.3</ele>
        <time>2026-04-18T13:53:44Z</time>
        <extensions>
          <speed>7.55</speed>
          <course>64.2</course>
        </extensions>
      </trkpt>
      <trkpt lat="48.5293620" lon="36.0672738">
        <ele>123.3</ele>
        <time>2026-04-18T13:53:44Z</time>
        <extensions>
          <speed>7.57</speed>
          <course>64.2</course>
        </extensions>
      </trkpt>
      <trkpt lat="48.5293648" lon="36.0672830">
        <ele>123.4</ele>
        <time>2026-04-18T13:53:44Z</time>
        <extensions>
          <speed>7.49</speed>
          <course>64.0</course>
        </extensions>
      </trkpt>
      <trkpt lat="48.5293678" lon="36.0672920">
        <ele>123.4</ele>
        <time>2026-04-18T13:53:45Z</time>
        <extensions>
          <speed>7.35</speed>
          <course>63.3</course>
        </extensions>
      </trkpt>
      <trkpt lat="48.5293707" lon="36.0673008">
        <ele>123.4</ele>
        <time>2026-04-18T13:53:45Z</time>
        <extensions>
          <speed>7.32</speed>
          <course>62.6</course>
        </extensions>
      </trkpt>
      <trkpt lat="48.5293733" lon="36.0673098">
        <ele>123.5</ele>
        <time>2026-04-18T13:53:45Z</time>
        <extensions>
          <speed>7.24</speed>
          <course>63.6</course>
        </extensions>
      </trkpt>
      <trkpt lat="48.5293762" lon="36.0673185">
        <ele>123.5</ele>
        <time>2026-04-18T13:53:45Z</time>
        <extensions>
          <speed>7.10</speed>
          <course>63.0</course>
        </extensions>
      </trkpt>
      <trkpt lat="48.5293788" lon="36.0673270">
        <ele>123.5</ele>
        <time>2026-04-18T13:53:45Z</time>
        <extensions>
          <speed>6.97</speed>
          <course>62.5</course>
        </extensions>
      </trkpt>
      <trkpt lat="48.5293813" lon="36.0673357">
        <ele>123.5</ele>
        <time>2026-04-18T13:53:45Z</time>
        <extensions>
          <speed>6.99</speed>
          <course>63.7</course>
        </extensions>
      </trkpt>
      <trkpt lat="48.5293842" lon="36.0673440">
        <ele>123.6</ele>
        <time>2026-04-18T13:53:45Z</time>
        <extensions>
          <speed>6.78</speed>
          <course>63.6</course>
        </extensions>
      </trkpt>
      <trkpt lat="48.5293868" lon="36.0673525">
        <ele>123.6</ele>
        <time>2026-04-18T13:53:45Z</time>
        <extensions>
          <speed>6.92</speed>
          <course>62.5</course>
        </extensions>
      </trkpt>
      <trkpt lat="48.5293895" lon="36.0673608">
        <ele>123.6</ele>
        <time>2026-04-18T13:53:45Z</time>
        <extensions>
          <speed>6.81</speed>
          <course>62.6</course>
        </extensions>
      </trkpt>
      <trkpt lat="48.5293925" lon="36.0673690">
        <ele>123.7</ele>
        <time>2026-04-18T13:53:45Z</time>
        <extensions>
          <speed>6.84</speed>
          <course>61.5</course>
        </extensions>
      </trkpt>
      <trkpt lat="48.5293952" lon="36.0673768">
        <ele>123.7</ele>
        <time>2026-04-18T13:53:46Z</time>
        <extensions>
          <speed>6.63</speed>
          <course>61.4</course>
        </extensions>
      </trkpt>
      <trkpt lat="48.5293983" lon="36.0673848">
        <ele>123.7</ele>
        <time>2026-04-18T13:53:46Z</time>
        <extensions>
          <speed>6.83</speed>
          <course>60.7</course>
        </extensions>
      </trkpt>
      <trkpt lat="48.5294010" lon="36.0673925">
        <ele>123.7</ele>
        <time>2026-04-18T13:53:46Z</time>
        <extensions>
          <speed>6.56</speed>
          <course>60.7</course>
        </extensions>
      </trkpt>
      <trkpt lat="48.5294040" lon="36.0674002">
        <ele>123.8</ele>
        <time>2026-04-18T13:53:46Z</time>
        <extensions>
          <speed>6.63</speed>
          <course>59.9</course>
        </extensions>
      </trkpt>
      <trkpt lat="48.5294068" lon="36.0674078">
        <ele>123.8</ele>
        <time>2026-04-18T13:53:46Z</time>
        <extensions>
          <speed>6.45</speed>
          <course>60.6</course>
        </extensions>
      </trkpt>
      <trkpt lat="48.5294095" lon="36.0674152">
        <ele>123.8</ele>
        <time>2026-04-18T13:53:46Z</time>
        <extensions>
          <speed>6.43</speed>
          <course>60.7</course>
        </extensions>
      </trkpt>
      <trkpt lat="48.5294123" lon="36.0674222">
        <ele>123.8</ele>
        <time>2026-04-18T13:53:46Z</time>
        <extensions>
          <speed>6.17</speed>
          <course>59.7</course>
        </extensions>
      </trkpt>
      <trkpt lat="48.5294150" lon="36.0674290">
        <ele>123.8</ele>
        <time>2026-04-18T13:53:46Z</time>
        <extensions>
          <speed>5.83</speed>
          <course>59.5</course>
        </extensions>
      </trkpt>
      <trkpt lat="48.5294175" lon="36.0674358">
        <ele>123.8</ele>
        <time>2026-04-18T13:53:46Z</time>
        <extensions>
          <speed>5.95</speed>
          <course>60.5</course>
        </extensions>
      </trkpt>
      <trkpt lat="48.5294203" lon="36.0674423">
        <ele>123.9</ele>
        <time>2026-04-18T13:53:46Z</time>
        <extensions>
          <speed>5.64</speed>
          <course>58.6</course>
        </extensions>
      </trkpt>
      <trkpt lat="48.5294227" lon="36.0674488">
        <ele>123.9</ele>
        <time>2026-04-18T13:53:47Z</time>
        <extensions>
          <speed>5.50</speed>
          <course>60.0</course>
        </extensions>
      </trkpt>
      <trkpt lat="48.5294272" lon="36.0674617">
        <ele>124.0</ele>
        <time>2026-04-18T13:53:47Z</time>
        <extensions>
          <speed>5.37</speed>
          <course>61.1</course>
        </extensions>
      </trkpt>
      <trkpt lat="48.5294295" lon="36.0674682">
        <ele>124.0</ele>
        <time>2026-04-18T13:53:47Z</time>
        <extensions>
          <speed>5.57</speed>
          <course>61.3</course>
        </extensions>
      </trkpt>
      <trkpt lat="48.5294317" lon="36.0674750">
        <ele>124.0</ele>
        <time>2026-04-18T13:53:47Z</time>
        <extensions>
          <speed>5.64</speed>
          <course>62.5</course>
        </extensions>
      </trkpt>
      <trkpt lat="48.5294332" lon="36.0674822">
        <ele>124.0</ele>
        <time>2026-04-18T13:53:47Z</time>
        <extensions>
          <speed>5.54</speed>
          <course>66.6</course>
        </extensions>
      </trkpt>
      <trkpt lat="48.5294352" lon="36.0674885">
        <ele>124.0</ele>
        <time>2026-04-18T13:53:47Z</time>
        <extensions>
          <speed>5.31</speed>
          <course>65.8</course>
        </extensions>
      </trkpt>
      <trkpt lat="48.5294373" lon="36.0674952">
        <ele>124.0</ele>
        <time>2026-04-18T13:53:47Z</time>
        <extensions>
          <speed>5.42</speed>
          <course>65.2</course>
        </extensions>
      </trkpt>
      <trkpt lat="48.5294390" lon="36.0675020">
        <ele>124.1</ele>
        <time>2026-04-18T13:53:47Z</time>
        <extensions>
          <speed>5.37</speed>
          <course>65.9</course>
        </extensions>
      </trkpt>
      <trkpt lat="48.5294408" lon="36.0675090">
        <ele>124.1</ele>
        <time>2026-04-18T13:53:47Z</time>
        <extensions>
          <speed>5.43</speed>
          <course>66.8</course>
        </extensions>
      </trkpt>
      <trkpt lat="48.5294423" lon="36.0675158">
        <ele>124.1</ele>
        <time>2026-04-18T13:53:48Z</time>
        <extensions>
          <speed>5.46</speed>
          <course>68.0</course>
        </extensions>
      </trkpt>
      <trkpt lat="48.5294443" lon="36.0675227">
        <ele>124.2</ele>
        <time>2026-04-18T13:53:48Z</time>
        <extensions>
          <speed>5.48</speed>
          <course>68.2</course>
        </extensions>
      </trkpt>
      <trkpt lat="48.5294458" lon="36.0675298">
        <ele>124.2</ele>
        <time>2026-04-18T13:53:48Z</time>
        <extensions>
          <speed>5.51</speed>
          <course>69.7</course>
        </extensions>
      </trkpt>
      <trkpt lat="48.5294473" lon="36.0675368">
        <ele>124.2</ele>
        <time>2026-04-18T13:53:48Z</time>
        <extensions>
          <speed>5.47</speed>
          <course>70.9</course>
        </extensions>
      </trkpt>
      <trkpt lat="48.5294483" lon="36.0675435">
        <ele>124.2</ele>
        <time>2026-04-18T13:53:48Z</time>
        <extensions>
          <speed>5.31</speed>
          <course>72.3</course>
        </extensions>
      </trkpt>
      <trkpt lat="48.5294493" lon="36.0675508">
        <ele>124.2</ele>
        <time>2026-04-18T13:53:48Z</time>
        <extensions>
          <speed>5.45</speed>
          <course>75.4</course>
        </extensions>
      </trkpt>
      <trkpt lat="48.5294505" lon="36.0675582">
        <ele>124.2</ele>
        <time>2026-04-18T13:53:48Z</time>
        <extensions>
          <speed>5.56</speed>
          <course>76.4</course>
        </extensions>
      </trkpt>
      <trkpt lat="48.5294510" lon="36.0675657">
        <ele>124.2</ele>
        <time>2026-04-18T13:53:48Z</time>
        <extensions>
          <speed>5.57</speed>
          <course>80.0</course>
        </extensions>
      </trkpt>
      <trkpt lat="48.5294517" lon="36.0675730">
        <ele>124.3</ele>
        <time>2026-04-18T13:53:48Z</time>
        <extensions>
          <speed>5.56</speed>
          <course>81.4</course>
        </extensions>
      </trkpt>
      <trkpt lat="48.5294523" lon="36.0675803">
        <ele>124.2</ele>
        <time>2026-04-18T13:53:48Z</time>
        <extensions>
          <speed>5.56</speed>
          <course>81.2</course>
        </extensions>
      </trkpt>
      <trkpt lat="48.5294527" lon="36.0675875">
        <ele>124.2</ele>
        <time>2026-04-18T13:53:49Z</time>
        <extensions>
          <speed>5.54</speed>
          <course>83.7</course>
        </extensions>
      </trkpt>
      <trkpt lat="48.5294530" lon="36.0675947">
        <ele>124.2</ele>
        <time>2026-04-18T13:53:49Z</time>
        <extensions>
          <speed>5.48</speed>
          <course>85.0</course>
        </extensions>
      </trkpt>
      <trkpt lat="48.5294533" lon="36.0676022">
        <ele>124.2</ele>
        <time>2026-04-18T13:53:49Z</time>
        <extensions>
          <speed>5.58</speed>
          <course>85.3</course>
        </extensions>
      </trkpt>
      <trkpt lat="48.5294540" lon="36.0676100">
        <ele>124.3</ele>
        <time>2026-04-18T13:53:49Z</time>
        <extensions>
          <speed>5.56</speed>
          <course>84.5</course>
        </extensions>
      </trkpt>
      <trkpt lat="48.5294545" lon="36.0676177">
        <ele>124.4</ele>
        <time>2026-04-18T13:53:49Z</time>
        <extensions>
          <speed>5.69</speed>
          <course>85.1</course>
        </extensions>
      </trkpt>
      <trkpt lat="48.5294550" lon="36.0676253">
        <ele>124.4</ele>
        <time>2026-04-18T13:53:49Z</time>
        <extensions>
          <speed>5.58</speed>
          <course>84.7</course>
        </extensions>
      </trkpt>
      <trkpt lat="48.5294557" lon="36.0676327">
        <ele>124.4</ele>
        <time>2026-04-18T13:53:49Z</time>
        <extensions>
          <speed>5.70</speed>
          <course>82.9</course>
        </extensions>
      </trkpt>
      <trkpt lat="48.5294563" lon="36.0676403">
        <ele>124.4</ele>
        <time>2026-04-18T13:53:49Z</time>
        <extensions>
          <speed>5.89</speed>
          <course>81.9</course>
        </extensions>
      </trkpt>
      <trkpt lat="48.5294575" lon="36.0676480">
        <ele>124.4</ele>
        <time>2026-04-18T13:53:49Z</time>
        <extensions>
          <speed>5.86</speed>
          <course>79.6</course>
        </extensions>
      </trkpt>
      <trkpt lat="48.5294585" lon="36.0676560">
        <ele>124.4</ele>
        <time>2026-04-18T13:53:49Z</time>
        <extensions>
          <speed>5.90</speed>
          <course>79.1</course>
        </extensions>
      </trkpt>
      <trkpt lat="48.5294600" lon="36.0676633">
        <ele>124.5</ele>
        <time>2026-04-18T13:53:50Z</time>
        <extensions>
          <speed>5.84</speed>
          <course>75.0</course>
        </extensions>
      </trkpt>
      <trkpt lat="48.5294617" lon="36.0676708">
        <ele>124.5</ele>
        <time>2026-04-18T13:53:50Z</time>
        <extensions>
          <speed>5.82</speed>
          <course>72.9</course>
        </extensions>
      </trkpt>
      <trkpt lat="48.5294638" lon="36.0676780">
        <ele>124.5</ele>
        <time>2026-04-18T13:53:50Z</time>
        <extensions>
          <speed>5.84</speed>
          <course>68.3</course>
        </extensions>
      </trkpt>
      <trkpt lat="48.5294662" lon="36.0676850">
        <ele>124.5</ele>
        <time>2026-04-18T13:53:50Z</time>
        <extensions>
          <speed>5.86</speed>
          <course>65.4</course>
        </extensions>
      </trkpt>
      <trkpt lat="48.5294687" lon="36.0676917">
        <ele>124.6</ele>
        <time>2026-04-18T13:53:50Z</time>
        <extensions>
          <speed>5.70</speed>
          <course>63.1</course>
        </extensions>
      </trkpt>
      <trkpt lat="48.5294708" lon="36.0676982">
        <ele>124.6</ele>
        <time>2026-04-18T13:53:50Z</time>
        <extensions>
          <speed>5.43</speed>
          <course>62.5</course>
        </extensions>
      </trkpt>
      <trkpt lat="48.5294737" lon="36.0677040">
        <ele>124.6</ele>
        <time>2026-04-18T13:53:50Z</time>
        <extensions>
          <speed>5.41</speed>
          <course>59.4</course>
        </extensions>
      </trkpt>
      <trkpt lat="48.5294762" lon="36.0677092">
        <ele>124.6</ele>
        <time>2026-04-18T13:53:50Z</time>
        <extensions>
          <speed>5.04</speed>
          <course>57.1</course>
        </extensions>
      </trkpt>
      <trkpt lat="48.5294788" lon="36.0677147">
        <ele>124.6</ele>
        <time>2026-04-18T13:53:50Z</time>
        <extensions>
          <speed>5.08</speed>
          <course>56.1</course>
        </extensions>
      </trkpt>
      <trkpt lat="48.5294833" lon="36.0677192">
        <ele>124.7</ele>
        <time>2026-04-18T13:53:50Z</time>
        <extensions>
          <speed>5.56</speed>
          <course>48.0</course>
        </extensions>
      </trkpt>
      <trkpt lat="48.5294870" lon="36.0677230">
        <ele>124.7</ele>
        <time>2026-04-18T13:53:51Z</time>
        <extensions>
          <speed>5.36</speed>
          <course>43.5</course>
        </extensions>
      </trkpt>
      <trkpt lat="48.5294955" lon="36.0677317">
        <ele>124.7</ele>
        <time>2026-04-18T13:53:51Z</time>
        <extensions>
          <speed>5.94</speed>
          <course>36.4</course>
        </extensions>
      </trkpt>
      <trkpt lat="48.5294998" lon="36.0677367">
        <ele>124.7</ele>
        <time>2026-04-18T13:53:51Z</time>
        <extensions>
          <speed>6.15</speed>
          <course>35.4</course>
        </extensions>
      </trkpt>
      <trkpt lat="48.5295042" lon="36.0677420">
        <ele>124.7</ele>
        <time>2026-04-18T13:53:51Z</time>
        <extensions>
          <speed>6.05</speed>
          <course>37.0</course>
        </extensions>
      </trkpt>
      <trkpt lat="48.5295083" lon="36.0677462">
        <ele>124.8</ele>
        <time>2026-04-18T13:53:51Z</time>
        <extensions>
          <speed>5.63</speed>
          <course>35.1</course>
        </extensions>
      </trkpt>
      <trkpt lat="48.5295130" lon="36.0677507">
        <ele>124.7</ele>
        <time>2026-04-18T13:53:51Z</time>
        <extensions>
          <speed>6.38</speed>
          <course>33.6</course>
        </extensions>
      </trkpt>
      <trkpt lat="48.5295182" lon="36.0677552">
        <ele>124.8</ele>
        <time>2026-04-18T13:53:51Z</time>
        <extensions>
          <speed>6.30</speed>
          <course>31.8</course>
        </extensions>
      </trkpt>
      <trkpt lat="48.5295228" lon="36.0677602">
        <ele>124.8</ele>
        <time>2026-04-18T13:53:51Z</time>
        <extensions>
          <speed>6.34</speed>
          <course>32.6</course>
        </extensions>
      </trkpt>
      <trkpt lat="48.5295277" lon="36.0677645">
        <ele>124.8</ele>
        <time>2026-04-18T13:53:51Z</time>
        <extensions>
          <speed>6.27</speed>
          <course>31.3</course>
        </extensions>
      </trkpt>
      <trkpt lat="48.5295323" lon="36.0677690">
        <ele>124.8</ele>
        <time>2026-04-18T13:53:52Z</time>
        <extensions>
          <speed>6.32</speed>
          <course>30.7</course>
        </extensions>
      </trkpt>
      <trkpt lat="48.5295420" lon="36.0677768">
        <ele>124.9</ele>
        <time>2026-04-18T13:53:52Z</time>
        <extensions>
          <speed>5.98</speed>
          <course>28.4</course>
        </extensions>
      </trkpt>
      <trkpt lat="48.5295467" lon="36.0677807">
        <ele>124.9</ele>
        <time>2026-04-18T13:53:52Z</time>
        <extensions>
          <speed>5.91</speed>
          <course>28.4</course>
        </extensions>
      </trkpt>
      <trkpt lat="48.5295512" lon="36.0677843">
        <ele>124.9</ele>
        <time>2026-04-18T13:53:52Z</time>
        <extensions>
          <speed>5.85</speed>
          <course>28.2</course>
        </extensions>
      </trkpt>
      <trkpt lat="48.5295553" lon="36.0677880">
        <ele>124.9</ele>
        <time>2026-04-18T13:53:52Z</time>
        <extensions>
          <speed>5.70</speed>
          <course>28.8</course>
        </extensions>
      </trkpt>
      <trkpt lat="48.5295598" lon="36.0677915">
        <ele>124.9</ele>
        <time>2026-04-18T13:53:52Z</time>
        <extensions>
          <speed>5.55</speed>
          <course>27.8</course>
        </extensions>
      </trkpt>
      <trkpt lat="48.5295640" lon="36.0677957">
        <ele>124.9</ele>
        <time>2026-04-18T13:53:52Z</time>
        <extensions>
          <speed>5.60</speed>
          <course>30.3</course>
        </extensions>
      </trkpt>
      <trkpt lat="48.5295685" lon="36.0677995">
        <ele>125.0</ele>
        <time>2026-04-18T13:53:52Z</time>
        <extensions>
          <speed>5.67</speed>
          <course>30.1</course>
        </extensions>
      </trkpt>
      <trkpt lat="48.5295732" lon="36.0678032">
        <ele>125.0</ele>
        <time>2026-04-18T13:53:52Z</time>
        <extensions>
          <speed>5.82</speed>
          <course>29.1</course>
        </extensions>
      </trkpt>
      <trkpt lat="48.5295778" lon="36.0678072">
        <ele>125.0</ele>
        <time>2026-04-18T13:53:53Z</time>
        <extensions>
          <speed>5.99</speed>
          <course>29.6</course>
        </extensions>
      </trkpt>
      <trkpt lat="48.5295825" lon="36.0678110">
        <ele>125.0</ele>
        <time>2026-04-18T13:53:53Z</time>
        <extensions>
          <speed>5.95</speed>
          <course>28.8</course>
        </extensions>
      </trkpt>
      <trkpt lat="48.5295873" lon="36.0678148">
        <ele>125.0</ele>
        <time>2026-04-18T13:53:53Z</time>
        <extensions>
          <speed>6.08</speed>
          <course>28.2</course>
        </extensions>
      </trkpt>
      <trkpt lat="48.5295922" lon="36.0678185">
        <ele>125.1</ele>
        <time>2026-04-18T13:53:53Z</time>
        <extensions>
          <speed>5.97</speed>
          <course>26.4</course>
        </extensions>
      </trkpt>
      <trkpt lat="48.5295967" lon="36.0678223">
        <ele>125.1</ele>
        <time>2026-04-18T13:53:53Z</time>
        <extensions>
          <speed>5.99</speed>
          <course>27.1</course>
        </extensions>
      </trkpt>
      <trkpt lat="48.5296017" lon="36.0678262">
        <ele>125.1</ele>
        <time>2026-04-18T13:53:53Z</time>
        <extensions>
          <speed>6.21</speed>
          <course>27.2</course>
        </extensions>
      </trkpt>
      <trkpt lat="48.5296072" lon="36.0678297">
        <ele>125.2</ele>
        <time>2026-04-18T13:53:53Z</time>
        <extensions>
          <speed>6.23</speed>
          <course>24.5</course>
        </extensions>
      </trkpt>
      <trkpt lat="48.5296128" lon="36.0678337">
        <ele>125.2</ele>
        <time>2026-04-18T13:53:53Z</time>
        <extensions>
          <speed>6.48</speed>
          <course>23.9</course>
        </extensions>
      </trkpt>
      <trkpt lat="48.5296177" lon="36.0678368">
        <ele>125.1</ele>
        <time>2026-04-18T13:53:53Z</time>
        <extensions>
          <speed>6.62</speed>
          <course>23.7</course>
        </extensions>
      </trkpt>
      <trkpt lat="48.5296232" lon="36.0678410">
        <ele>125.1</ele>
        <time>2026-04-18T13:53:53Z</time>
        <extensions>
          <speed>6.85</speed>
          <course>25.4</course>
        </extensions>
      </trkpt>
      <trkpt lat="48.5296288" lon="36.0678447">
        <ele>125.0</ele>
        <time>2026-04-18T13:53:54Z</time>
        <extensions>
          <speed>7.24</speed>
          <course>24.8</course>
        </extensions>
      </trkpt>
      <trkpt lat="48.5296410" lon="36.0678538">
        <ele>125.1</ele>
        <time>2026-04-18T13:53:54Z</time>
        <extensions>
          <speed>7.32</speed>
          <course>26.1</course>
        </extensions>
      </trkpt>
      <trkpt lat="48.5296468" lon="36.0678583">
        <ele>125.1</ele>
        <time>2026-04-18T13:53:54Z</time>
        <extensions>
          <speed>7.40</speed>
          <course>26.8</course>
        </extensions>
      </trkpt>
      <trkpt lat="48.5296525" lon="36.0678630">
        <ele>125.0</ele>
        <time>2026-04-18T13:53:54Z</time>
        <extensions>
          <speed>7.45</speed>
          <course>27.6</course>
        </extensions>
      </trkpt>
      <trkpt lat="48.5296587" lon="36.0678683">
        <ele>125.2</ele>
        <time>2026-04-18T13:53:54Z</time>
        <extensions>
          <speed>7.47</speed>
          <course>29.2</course>
        </extensions>
      </trkpt>
      <trkpt lat="48.5296635" lon="36.0678723">
        <ele>125.0</ele>
        <time>2026-04-18T13:53:54Z</time>
        <extensions>
          <speed>7.04</speed>
          <course>28.7</course>
        </extensions>
      </trkpt>
      <trkpt lat="48.5296690" lon="36.0678767">
        <ele>125.1</ele>
        <time>2026-04-18T13:53:54Z</time>
        <extensions>
          <speed>6.72</speed>
          <course>27.6</course>
        </extensions>
      </trkpt>
      <trkpt lat="48.5296747" lon="36.0678820">
        <ele>125.2</ele>
        <time>2026-04-18T13:53:54Z</time>
        <extensions>
          <speed>7.05</speed>
          <course>29.4</course>
        </extensions>
      </trkpt>
      <trkpt lat="48.5296798" lon="36.0678875">
        <ele>125.3</ele>
        <time>2026-04-18T13:53:54Z</time>
        <extensions>
          <speed>6.98</speed>
          <course>32.5</course>
        </extensions>
      </trkpt>
      <trkpt lat="48.5296848" lon="36.0678922">
        <ele>125.2</ele>
        <time>2026-04-18T13:53:55Z</time>
        <extensions>
          <speed>6.75</speed>
          <course>31.9</course>
        </extensions>
      </trkpt>
      <trkpt lat="48.5296948" lon="36.0679013">
        <ele>125.2</ele>
        <time>2026-04-18T13:53:55Z</time>
        <extensions>
          <speed>6.56</speed>
          <course>30.8</course>
        </extensions>
      </trkpt>
      <trkpt lat="48.5296993" lon="36.0679068">
        <ele>125.3</ele>
        <time>2026-04-18T13:53:55Z</time>
        <extensions>
          <speed>6.46</speed>
          <course>33.6</course>
        </extensions>
      </trkpt>
      <trkpt lat="48.5297040" lon="36.0679115">
        <ele>125.3</ele>
        <time>2026-04-18T13:53:55Z</time>
        <extensions>
          <speed>6.25</speed>
          <course>32.9</course>
        </extensions>
      </trkpt>
      <trkpt lat="48.5297085" lon="36.0679160">
        <ele>125.3</ele>
        <time>2026-04-18T13:53:55Z</time>
        <extensions>
          <speed>6.23</speed>
          <course>32.8</course>
        </extensions>
      </trkpt>
      <trkpt lat="48.5297130" lon="36.0679210">
        <ele>125.3</ele>
        <time>2026-04-18T13:53:55Z</time>
        <extensions>
          <speed>6.21</speed>
          <course>34.6</course>
        </extensions>
      </trkpt>
      <trkpt lat="48.5297182" lon="36.0679258">
        <ele>125.4</ele>
        <time>2026-04-18T13:53:55Z</time>
        <extensions>
          <speed>6.29</speed>
          <course>34.1</course>
        </extensions>
      </trkpt>
      <trkpt lat="48.5297220" lon="36.0679305">
        <ele>125.4</ele>
        <time>2026-04-18T13:53:55Z</time>
        <extensions>
          <speed>6.03</speed>
          <course>35.2</course>
        </extensions>
      </trkpt>
      <trkpt lat="48.5297262" lon="36.0679350">
        <ele>125.5</ele>
        <time>2026-04-18T13:53:55Z</time>
        <extensions>
          <speed>5.82</speed>
          <course>35.2</course>
        </extensions>
      </trkpt>
      <trkpt lat="48.5297300" lon="36.0679395">
        <ele>125.4</ele>
        <time>2026-04-18T13:53:56Z</time>
        <extensions>
          <speed>5.67</speed>
          <course>36.2</course>
        </extensions>
      </trkpt>
      <trkpt lat="48.5297380" lon="36.0679485">
        <ele>125.6</ele>
        <time>2026-04-18T13:53:56Z</time>
        <extensions>
          <speed>5.20</speed>
          <course>37.3</course>
        </extensions>
      </trkpt>
      <trkpt lat="48.5297417" lon="36.0679528">
        <ele>125.5</ele>
        <time>2026-04-18T13:53:56Z</time>
        <extensions>
          <speed>5.36</speed>
          <course>37.3</course>
        </extensions>
      </trkpt>
      <trkpt lat="48.5297453" lon="36.0679575">
        <ele>125.6</ele>
        <time>2026-04-18T13:53:56Z</time>
        <extensions>
          <speed>5.38</speed>
          <course>37.9</course>
        </extensions>
      </trkpt>
      <trkpt lat="48.5297502" lon="36.0679623">
        <ele>125.7</ele>
        <time>2026-04-18T13:53:56Z</time>
        <extensions>
          <speed>5.51</speed>
          <course>36.9</course>
        </extensions>
      </trkpt>
      <trkpt lat="48.5297535" lon="36.0679665">
        <ele>125.8</ele>
        <time>2026-04-18T13:53:56Z</time>
        <extensions>
          <speed>5.05</speed>
          <course>37.2</course>
        </extensions>
      </trkpt>
      <trkpt lat="48.5297573" lon="36.0679697">
        <ele>125.8</ele>
        <time>2026-04-18T13:53:56Z</time>
        <extensions>
          <speed>4.92</speed>
          <course>34.1</course>
        </extensions>
      </trkpt>
      <trkpt lat="48.5297610" lon="36.0679735">
        <ele>125.9</ele>
        <time>2026-04-18T13:53:56Z</time>
        <extensions>
          <speed>5.08</speed>
          <course>33.1</course>
        </extensions>
      </trkpt>
      <trkpt lat="48.5297647" lon="36.0679773">
        <ele>125.9</ele>
        <time>2026-04-18T13:53:56Z</time>
        <extensions>
          <speed>5.06</speed>
          <course>33.9</course>
        </extensions>
      </trkpt>
      <trkpt lat="48.5297693" lon="36.0679817">
        <ele>126.0</ele>
        <time>2026-04-18T13:53:57Z</time>
        <extensions>
          <speed>5.56</speed>
          <course>33.0</course>
        </extensions>
      </trkpt>
      <trkpt lat="48.5297727" lon="36.0679858">
        <ele>126.0</ele>
        <time>2026-04-18T13:53:57Z</time>
        <extensions>
          <speed>5.36</speed>
          <course>35.3</course>
        </extensions>
      </trkpt>
      <trkpt lat="48.5297767" lon="36.0679902">
        <ele>126.0</ele>
        <time>2026-04-18T13:53:57Z</time>
        <extensions>
          <speed>5.55</speed>
          <course>35.7</course>
        </extensions>
      </trkpt>
      <trkpt lat="48.5297810" lon="36.0679950">
        <ele>126.1</ele>
        <time>2026-04-18T13:53:57Z</time>
        <extensions>
          <speed>5.75</speed>
          <course>36.2</course>
        </extensions>
      </trkpt>
      <trkpt lat="48.5297850" lon="36.0680000">
        <ele>126.1</ele>
        <time>2026-04-18T13:53:57Z</time>
        <extensions>
          <speed>5.91</speed>
          <course>37.9</course>
        </extensions>
      </trkpt>
      <trkpt lat="48.5297893" lon="36.0680042">
        <ele>126.1</ele>
        <time>2026-04-18T13:53:57Z</time>
        <extensions>
          <speed>5.82</speed>
          <course>36.0</course>
        </extensions>
      </trkpt>
      <trkpt lat="48.5297935" lon="36.0680088">
        <ele>126.2</ele>
        <time>2026-04-18T13:53:57Z</time>
        <extensions>
          <speed>5.67</speed>
          <course>35.0</course>
        </extensions>
      </trkpt>
      <trkpt lat="48.5297975" lon="36.0680130">
        <ele>126.2</ele>
        <time>2026-04-18T13:53:57Z</time>
        <extensions>
          <speed>5.65</speed>
          <course>35.3</course>
        </extensions>
      </trkpt>
      <trkpt lat="48.5298020" lon="36.0680173">
        <ele>126.2</ele>
        <time>2026-04-18T13:53:57Z</time>
        <extensions>
          <speed>6.04</speed>
          <course>34.3</course>
        </extensions>
      </trkpt>
      <trkpt lat="48.5298065" lon="36.0680198">
        <ele>126.2</ele>
        <time>2026-04-18T13:53:57Z</time>
        <extensions>
          <speed>5.68</speed>
          <course>29.7</course>
        </extensions>
      </trkpt>
      <trkpt lat="48.5298105" lon="36.0680245">
        <ele>126.2</ele>
        <time>2026-04-18T13:53:58Z</time>
        <extensions>
          <speed>5.46</speed>
          <course>31.9</course>
        </extensions>
      </trkpt>
      <trkpt lat="48.5298152" lon="36.0680277">
        <ele>126.2</ele>
        <time>2026-04-18T13:53:58Z</time>
        <extensions>
          <speed>5.78</speed>
          <course>29.3</course>
        </extensions>
      </trkpt>
      <trkpt lat="48.5298200" lon="36.0680315">
        <ele>126.3</ele>
        <time>2026-04-18T13:53:58Z</time>
        <extensions>
          <speed>5.99</speed>
          <course>28.4</course>
        </extensions>
      </trkpt>
      <trkpt lat="48.5298248" lon="36.0680358">
        <ele>126.3</ele>
        <time>2026-04-18T13:53:58Z</time>
        <extensions>
          <speed>6.05</speed>
          <course>28.6</course>
        </extensions>
      </trkpt>
      <trkpt lat="48.5298298" lon="36.0680390">
        <ele>126.4</ele>
        <time>2026-04-18T13:53:58Z</time>
        <extensions>
          <speed>6.08</speed>
          <course>26.7</course>
        </extensions>
      </trkpt>
      <trkpt lat="48.5298350" lon="36.0680415">
        <ele>126.3</ele>
        <time>2026-04-18T13:53:58Z</time>
        <extensions>
          <speed>6.20</speed>
          <course>24.3</course>
        </extensions>
      </trkpt>
      <trkpt lat="48.5298403" lon="36.0680445">
        <ele>126.3</ele>
        <time>2026-04-18T13:53:58Z</time>
        <extensions>
          <speed>6.31</speed>
          <course>23.0</course>
        </extensions>
      </trkpt>
      <trkpt lat="48.5298458" lon="36.0680475">
        <ele>126.4</ele>
        <time>2026-04-18T13:53:58Z</time>
        <extensions>
          <speed>6.31</speed>
          <course>21.8</course>
        </extensions>
      </trkpt>
      <trkpt lat="48.5298510" lon="36.0680502">
        <ele>126.3</ele>
        <time>2026-04-18T13:53:58Z</time>
        <extensions>
          <speed>6.40</speed>
          <course>21.8</course>
        </extensions>
      </trkpt>
      <trkpt lat="48.5298562" lon="36.0680532">
        <ele>126.3</ele>
        <time>2026-04-18T13:53:58Z</time>
        <extensions>
          <speed>6.41</speed>
          <course>21.7</course>
        </extensions>
      </trkpt>
      <trkpt lat="48.5298617" lon="36.0680558">
        <ele>126.3</ele>
        <time>2026-04-18T13:53:59Z</time>
        <extensions>
          <speed>6.44</speed>
          <course>20.6</course>
        </extensions>
      </trkpt>
      <trkpt lat="48.5298725" lon="36.0680613">
        <ele>126.1</ele>
        <time>2026-04-18T13:53:59Z</time>
        <extensions>
          <speed>6.56</speed>
          <course>20.8</course>
        </extensions>
      </trkpt>
      <trkpt lat="48.5298775" lon="36.0680647">
        <ele>126.3</ele>
        <time>2026-04-18T13:53:59Z</time>
        <extensions>
          <speed>6.08</speed>
          <course>20.1</course>
        </extensions>
      </trkpt>
      <trkpt lat="48.5298827" lon="36.0680673">
        <ele>126.2</ele>
        <time>2026-04-18T13:53:59Z</time>
        <extensions>
          <speed>6.25</speed>
          <course>20.3</course>
        </extensions>
      </trkpt>
      <trkpt lat="48.5298880" lon="36.0680702">
        <ele>126.2</ele>
        <time>2026-04-18T13:53:59Z</time>
        <extensions>
          <speed>6.30</speed>
          <course>20.8</course>
        </extensions>
      </trkpt>
      <trkpt lat="48.5298930" lon="36.0680737">
        <ele>126.3</ele>
        <time>2026-04-18T13:53:59Z</time>
        <extensions>
          <speed>6.05</speed>
          <course>22.0</course>
        </extensions>
      </trkpt>
      <trkpt lat="48.5298977" lon="36.0680775">
        <ele>126.3</ele>
        <time>2026-04-18T13:53:59Z</time>
        <extensions>
          <speed>5.94</speed>
          <course>25.2</course>
        </extensions>
      </trkpt>
      <trkpt lat="48.5299023" lon="36.0680807">
        <ele>126.3</ele>
        <time>2026-04-18T13:53:59Z</time>
        <extensions>
          <speed>5.73</speed>
          <course>24.8</course>
        </extensions>
      </trkpt>
      <trkpt lat="48.5299065" lon="36.0680842">
        <ele>126.3</ele>
        <time>2026-04-18T13:53:59Z</time>
        <extensions>
          <speed>5.68</speed>
          <course>27.0</course>
        </extensions>
      </trkpt>
      <trkpt lat="48.5299113" lon="36.0680883">
        <ele>126.4</ele>
        <time>2026-04-18T13:54:00Z</time>
        <extensions>
          <speed>5.70</speed>
          <course>27.2</course>
        </extensions>
      </trkpt>
      <trkpt lat="48.5299152" lon="36.0680918">
        <ele>126.3</ele>
        <time>2026-04-18T13:54:00Z</time>
        <extensions>
          <speed>5.43</speed>
          <course>29.6</course>
        </extensions>
      </trkpt>
      <trkpt lat="48.5299197" lon="36.0680960">
        <ele>126.4</ele>
        <time>2026-04-18T13:54:00Z</time>
        <extensions>
          <speed>5.52</speed>
          <course>30.6</course>
        </extensions>
      </trkpt>
      <trkpt lat="48.5299238" lon="36.0681000">
        <ele>126.4</ele>
        <time>2026-04-18T13:54:00Z</time>
        <extensions>
          <speed>5.53</speed>
          <course>30.8</course>
        </extensions>
      </trkpt>
      <trkpt lat="48.5299278" lon="36.0681042">
        <ele>126.5</ele>
        <time>2026-04-18T13:54:00Z</time>
        <extensions>
          <speed>5.31</speed>
          <course>33.1</course>
        </extensions>
      </trkpt>
      <trkpt lat="48.5299318" lon="36.0681080">
        <ele>126.5</ele>
        <time>2026-04-18T13:54:00Z</time>
        <extensions>
          <speed>5.46</speed>
          <course>33.2</course>
        </extensions>
      </trkpt>
      <trkpt lat="48.5299357" lon="36.0681120">
        <ele>126.5</ele>
        <time>2026-04-18T13:54:00Z</time>
        <extensions>
          <speed>5.21</speed>
          <course>35.1</course>
        </extensions>
      </trkpt>
      <trkpt lat="48.5299395" lon="36.0681162">
        <ele>126.5</ele>
        <time>2026-04-18T13:54:00Z</time>
        <extensions>
          <speed>5.20</speed>
          <course>35.0</course>
        </extensions>
      </trkpt>
      <trkpt lat="48.5299428" lon="36.0681202">
        <ele>126.5</ele>
        <time>2026-04-18T13:54:00Z</time>
        <extensions>
          <speed>4.94</speed>
          <course>36.8</course>
        </extensions>
      </trkpt>
      <trkpt lat="48.5299465" lon="36.0681242">
        <ele>126.5</ele>
        <time>2026-04-18T13:54:00Z</time>
        <extensions>
          <speed>5.05</speed>
          <course>36.6</course>
        </extensions>
      </trkpt>
      <trkpt lat="48.5299498" lon="36.0681283">
        <ele>126.5</ele>
        <time>2026-04-18T13:54:01Z</time>
        <extensions>
          <speed>4.78</speed>
          <course>37.9</course>
        </extensions>
      </trkpt>
      <trkpt lat="48.5299563" lon="36.0681372">
        <ele>126.6</ele>
        <time>2026-04-18T13:54:01Z</time>
        <extensions>
          <speed>4.91</speed>
          <course>40.8</course>
        </extensions>
      </trkpt>
      <trkpt lat="48.5299597" lon="36.0681412">
        <ele>126.6</ele>
        <time>2026-04-18T13:54:01Z</time>
        <extensions>
          <speed>4.86</speed>
          <course>40.3</course>
        </extensions>
      </trkpt>
      <trkpt lat="48.5299630" lon="36.0681453">
        <ele>126.6</ele>
        <time>2026-04-18T13:54:01Z</time>
        <extensions>
          <speed>4.77</speed>
          <course>40.2</course>
        </extensions>
      </trkpt>
      <trkpt lat="48.5299658" lon="36.0681495">
        <ele>126.7</ele>
        <time>2026-04-18T13:54:01Z</time>
        <extensions>
          <speed>4.61</speed>
          <course>42.6</course>
        </extensions>
      </trkpt>
      <trkpt lat="48.5299683" lon="36.0681537">
        <ele>126.7</ele>
        <time>2026-04-18T13:54:01Z</time>
        <extensions>
          <speed>4.36</speed>
          <course>45.5</course>
        </extensions>
      </trkpt>
      <trkpt lat="48.5299708" lon="36.0681582">
        <ele>126.7</ele>
        <time>2026-04-18T13:54:01Z</time>
        <extensions>
          <speed>4.26</speed>
          <course>47.3</course>
        </extensions>
      </trkpt>
      <trkpt lat="48.5299735" lon="36.0681622">
        <ele>126.7</ele>
        <time>2026-04-18T13:54:01Z</time>
        <extensions>
          <speed>4.34</speed>
          <course>46.0</course>
        </extensions>
      </trkpt>
      <trkpt lat="48.5299758" lon="36.0681663">
        <ele>126.7</ele>
        <time>2026-04-18T13:54:01Z</time>
        <extensions>
          <speed>4.07</speed>
          <course>48.0</course>
        </extensions>
      </trkpt>
      <trkpt lat="48.5299782" lon="36.0681705">
        <ele>126.7</ele>
        <time>2026-04-18T13:54:02Z</time>
        <extensions>
          <speed>4.07</speed>
          <course>48.4</course>
        </extensions>
      </trkpt>
      <trkpt lat="48.5299827" lon="36.0681787">
        <ele>126.8</ele>
        <time>2026-04-18T13:54:02Z</time>
        <extensions>
          <speed>3.88</speed>
          <course>50.0</course>
        </extensions>
      </trkpt>
      <trkpt lat="48.5299848" lon="36.0681827">
        <ele>126.8</ele>
        <time>2026-04-18T13:54:02Z</time>
        <extensions>
          <speed>3.87</speed>
          <course>50.6</course>
        </extensions>
      </trkpt>
      <trkpt lat="48.5299867" lon="36.0681865">
        <ele>126.8</ele>
        <time>2026-04-18T13:54:02Z</time>
        <extensions>
          <speed>3.65</speed>
          <course>51.9</course>
        </extensions>
      </trkpt>
      <trkpt lat="48.5299883" lon="36.0681910">
        <ele>126.8</ele>
        <time>2026-04-18T13:54:02Z</time>
        <extensions>
          <speed>3.78</speed>
          <course>55.8</course>
        </extensions>
      </trkpt>
      <trkpt lat="48.5299898" lon="36.0681948">
        <ele>126.8</ele>
        <time>2026-04-18T13:54:02Z</time>
        <extensions>
          <speed>3.48</speed>
          <course>57.7</course>
        </extensions>
      </trkpt>
      <trkpt lat="48.5299913" lon="36.0681987">
        <ele>126.8</ele>
        <time>2026-04-18T13:54:02Z</time>
        <extensions>
          <speed>3.47</speed>
          <course>59.3</course>
        </extensions>
      </trkpt>
      <trkpt lat="48.5299927" lon="36.0682025">
        <ele>126.8</ele>
        <time>2026-04-18T13:54:02Z</time>
        <extensions>
          <speed>3.39</speed>
          <course>60.2</course>
        </extensions>
      </trkpt>
      <trkpt lat="48.5299937" lon="36.0682065">
        <ele>126.8</ele>
        <time>2026-04-18T13:54:02Z</time>
        <extensions>
          <speed>3.26</speed>
          <course>63.1</course>
        </extensions>
      </trkpt>
      <trkpt lat="48.5299947" lon="36.0682107">
        <ele>126.8</ele>
        <time>2026-04-18T13:54:03Z</time>
        <extensions>
          <speed>3.33</speed>
          <course>65.1</course>
        </extensions>
      </trkpt>
      <trkpt lat="48.5299955" lon="36.0682147">
        <ele>126.8</ele>
        <time>2026-04-18T13:54:03Z</time>
        <extensions>
          <speed>3.16</speed>
          <course>68.6</course>
        </extensions>
      </trkpt>
      <trkpt lat="48.5299960" lon="36.0682190">
        <ele>126.9</ele>
        <time>2026-04-18T13:54:03Z</time>
        <extensions>
          <speed>3.19</speed>
          <course>73.0</course>
        </extensions>
      </trkpt>
      <trkpt lat="48.5299967" lon="36.0682235">
        <ele>126.9</ele>
        <time>2026-04-18T13:54:03Z</time>
        <extensions>
          <speed>3.27</speed>
          <course>75.5</course>
        </extensions>
      </trkpt>
      <trkpt lat="48.5299968" lon="36.0682282">
        <ele>126.9</ele>
        <time>2026-04-18T13:54:03Z</time>
        <extensions>
          <speed>3.27</speed>
          <course>80.6</course>
        </extensions>
      </trkpt>
      <trkpt lat="48.5299972" lon="36.0682327">
        <ele>127.0</ele>
        <time>2026-04-18T13:54:03Z</time>
        <extensions>
          <speed>3.34</speed>
          <course>82.2</course>
        </extensions>
      </trkpt>
      <trkpt lat="48.5299975" lon="36.0682462">
        <ele>127.0</ele>
        <time>2026-04-18T13:54:03Z</time>
        <extensions>
          <speed>3.35</speed>
          <course>88.4</course>
        </extensions>
      </trkpt>
      <trkpt lat="48.5299973" lon="36.0682508">
        <ele>127.1</ele>
        <time>2026-04-18T13:54:03Z</time>
        <extensions>
          <speed>3.34</speed>
          <course>90.7</course>
        </extensions>
      </trkpt>
      <trkpt lat="48.5299970" lon="36.0682555">
        <ele>127.1</ele>
        <time>2026-04-18T13:54:04Z</time>
        <extensions>
          <speed>3.42</speed>
          <course>93.7</course>
        </extensions>
      </trkpt>
      <trkpt lat="48.5299960" lon="36.0682643">
        <ele>127.1</ele>
        <time>2026-04-18T13:54:04Z</time>
        <extensions>
          <speed>3.24</speed>
          <course>97.9</course>
        </extensions>
      </trkpt>
      <trkpt lat="48.5299950" lon="36.0682682">
        <ele>127.2</ele>
        <time>2026-04-18T13:54:04Z</time>
        <extensions>
          <speed>3.09</speed>
          <course>104.2</course>
        </extensions>
      </trkpt>
      <trkpt lat="48.5299940" lon="36.0682723">
        <ele>127.2</ele>
        <time>2026-04-18T13:54:04Z</time>
        <extensions>
          <speed>3.14</speed>
          <course>106.3</course>
        </extensions>
      </trkpt>
      <trkpt lat="48.5299928" lon="36.0682763">
        <ele>127.2</ele>
        <time>2026-04-18T13:54:04Z</time>
        <extensions>
          <speed>3.19</speed>
          <course>111.2</course>
        </extensions>
      </trkpt>
      <trkpt lat="48.5299913" lon="36.0682797">
        <ele>127.2</ele>
        <time>2026-04-18T13:54:04Z</time>
        <extensions>
          <speed>3.08</speed>
          <course>115.7</course>
        </extensions>
      </trkpt>
      <trkpt lat="48.5299898" lon="36.0682825">
        <ele>127.2</ele>
        <time>2026-04-18T13:54:04Z</time>
        <extensions>
          <speed>2.83</speed>
          <course>121.1</course>
        </extensions>
      </trkpt>
      <trkpt lat="48.5299882" lon="36.0682858">
        <ele>127.3</ele>
        <time>2026-04-18T13:54:04Z</time>
        <extensions>
          <speed>2.91</speed>
          <course>123.9</course>
        </extensions>
      </trkpt>
      <trkpt lat="48.5299867" lon="36.0682885">
        <ele>127.3</ele>
        <time>2026-04-18T13:54:04Z</time>
        <extensions>
          <speed>2.82</speed>
          <course>126.4</course>
        </extensions>
      </trkpt>
      <trkpt lat="48.5299848" lon="36.0682915">
        <ele>127.3</ele>
        <time>2026-04-18T13:54:05Z</time>
        <extensions>
          <speed>2.83</speed>
          <course>128.1</course>
        </extensions>
      </trkpt>
      <trkpt lat="48.5299830" lon="36.0682942">
        <ele>127.4</ele>
        <time>2026-04-18T13:54:05Z</time>
        <extensions>
          <speed>2.80</speed>
          <course>131.6</course>
        </extensions>
      </trkpt>
      <trkpt lat="48.5299812" lon="36.0682967">
        <ele>127.3</ele>
        <time>2026-04-18T13:54:05Z</time>
        <extensions>
          <speed>2.85</speed>
          <course>133.2</course>
        </extensions>
      </trkpt>
      <trkpt lat="48.5299792" lon="36.0682987">
        <ele>127.4</ele>
        <time>2026-04-18T13:54:05Z</time>
        <extensions>
          <speed>2.74</speed>
          <course>137.2</course>
        </extensions>
      </trkpt>
      <trkpt lat="48.5299772" lon="36.0683010">
        <ele>127.4</ele>
        <time>2026-04-18T13:54:05Z</time>
        <extensions>
          <speed>2.72</speed>
          <course>138.6</course>
        </extensions>
      </trkpt>
      <trkpt lat="48.5299750" lon="36.0683032">
        <ele>127.4</ele>
        <time>2026-04-18T13:54:05Z</time>
        <extensions>
          <speed>2.84</speed>
          <course>141.1</course>
        </extensions>
      </trkpt>
      <trkpt lat="48.5299730" lon="36.0683052">
        <ele>127.4</ele>
        <time>2026-04-18T13:54:05Z</time>
        <extensions>
          <speed>2.86</speed>
          <course>142.9</course>
        </extensions>
      </trkpt>
      <trkpt lat="48.5299703" lon="36.0683080">
        <ele>127.5</ele>
        <time>2026-04-18T13:54:05Z</time>
        <extensions>
          <speed>3.10</speed>
          <course>143.6</course>
        </extensions>
      </trkpt>
      <trkpt lat="48.5299680" lon="36.0683092">
        <ele>127.4</ele>
        <time>2026-04-18T13:54:05Z</time>
        <extensions>
          <speed>2.98</speed>
          <course>149.7</course>
        </extensions>
      </trkpt>
      <trkpt lat="48.5299658" lon="36.0683115">
        <ele>127.4</ele>
        <time>2026-04-18T13:54:05Z</time>
        <extensions>
          <speed>3.02</speed>
          <course>147.2</course>
        </extensions>
      </trkpt>
      <trkpt lat="48.5299637" lon="36.0683138">
        <ele>127.4</ele>
        <time>2026-04-18T13:54:06Z</time>
        <extensions>
          <speed>2.99</speed>
          <course>145.5</course>
        </extensions>
      </trkpt>
      <trkpt lat="48.5299610" lon="36.0683162">
        <ele>127.4</ele>
        <time>2026-04-18T13:54:06Z</time>
        <extensions>
          <speed>3.16</speed>
          <course>145.6</course>
        </extensions>
      </trkpt>
      <trkpt lat="48.5299585" lon="36.0683180">
        <ele>127.4</ele>
        <time>2026-04-18T13:54:06Z</time>
        <extensions>
          <speed>3.27</speed>
          <course>148.2</course>
        </extensions>
      </trkpt>
      <trkpt lat="48.5299560" lon="36.0683207">
        <ele>127.5</ele>
        <time>2026-04-18T13:54:06Z</time>
        <extensions>
          <speed>3.24</speed>
          <course>145.6</course>
        </extensions>
      </trkpt>
      <trkpt lat="48.5299542" lon="36.0683227">
        <ele>127.3</ele>
        <time>2026-04-18T13:54:06Z</time>
        <extensions>
          <speed>3.13</speed>
          <course>144.0</course>
        </extensions>
      </trkpt>
      <trkpt lat="48.5299515" lon="36.0683258">
        <ele>127.4</ele>
        <time>2026-04-18T13:54:06Z</time>
        <extensions>
          <speed>3.45</speed>
          <course>141.2</course>
        </extensions>
      </trkpt>
      <trkpt lat="48.5299492" lon="36.0683287">
        <ele>127.3</ele>
        <time>2026-04-18T13:54:06Z</time>
        <extensions>
          <speed>3.53</speed>
          <course>140.9</course>
        </extensions>
      </trkpt>
      <trkpt lat="48.5299468" lon="36.0683318">
        <ele>127.3</ele>
        <time>2026-04-18T13:54:06Z</time>
        <extensions>
          <speed>3.50</speed>
          <course>139.1</course>
        </extensions>
      </trkpt>
      <trkpt lat="48.5299443" lon="36.0683353">
        <ele>127.3</ele>
        <time>2026-04-18T13:54:06Z</time>
        <extensions>
          <speed>3.74</speed>
          <course>136.9</course>
        </extensions>
      </trkpt>
      <trkpt lat="48.5299422" lon="36.0683382">
        <ele>127.2</ele>
        <time>2026-04-18T13:54:06Z</time>
        <extensions>
          <speed>3.53</speed>
          <course>138.0</course>
        </extensions>
      </trkpt>
      <trkpt lat="48.5299402" lon="36.0683412">
        <ele>127.2</ele>
        <time>2026-04-18T13:54:07Z</time>
        <extensions>
          <speed>3.26</speed>
          <course>135.8</course>
        </extensions>
      </trkpt>
      <trkpt lat="48.5299378" lon="36.0683447">
        <ele>127.3</ele>
        <time>2026-04-18T13:54:07Z</time>
        <extensions>
          <speed>3.31</speed>
          <course>135.4</course>
        </extensions>
      </trkpt>
      <trkpt lat="48.5299357" lon="36.0683482">
        <ele>127.3</ele>
        <time>2026-04-18T13:54:07Z</time>
        <extensions>
          <speed>3.45</speed>
          <course>133.3</course>
        </extensions>
      </trkpt>
      <trkpt lat="48.5299338" lon="36.0683515">
        <ele>127.3</ele>
        <time>2026-04-18T13:54:07Z</time>
        <extensions>
          <speed>3.48</speed>
          <course>132.6</course>
        </extensions>
      </trkpt>
      <trkpt lat="48.5299318" lon="36.0683545">
        <ele>127.2</ele>
        <time>2026-04-18T13:54:07Z</time>
        <extensions>
          <speed>3.27</speed>
          <course>133.7</course>
        </extensions>
      </trkpt>
      <trkpt lat="48.5299302" lon="36.0683580">
        <ele>127.3</ele>
        <time>2026-04-18T13:54:07Z</time>
        <extensions>
          <speed>3.15</speed>
          <course>129.8</course>
        </extensions>
      </trkpt>
      <trkpt lat="48.5299285" lon="36.0683607">
        <ele>127.3</ele>
        <time>2026-04-18T13:54:07Z</time>
        <extensions>
          <speed>2.91</speed>
          <course>129.8</course>
        </extensions>
      </trkpt>
      <trkpt lat="48.5299265" lon="36.0683640">
        <ele>127.3</ele>
        <time>2026-04-18T13:54:07Z</time>
        <extensions>
          <speed>3.24</speed>
          <course>131.3</course>
        </extensions>
      </trkpt>
      <trkpt lat="48.5299248" lon="36.0683672">
        <ele>127.2</ele>
        <time>2026-04-18T13:54:07Z</time>
        <extensions>
          <speed>3.09</speed>
          <course>129.3</course>
        </extensions>
      </trkpt>
      <trkpt lat="48.5299233" lon="36.0683705">
        <ele>127.3</ele>
        <time>2026-04-18T13:54:07Z</time>
        <extensions>
          <speed>2.90</speed>
          <course>126.4</course>
        </extensions>
      </trkpt>
      <trkpt lat="48.5299213" lon="36.0683735">
        <ele>127.3</ele>
        <time>2026-04-18T13:54:08Z</time>
        <extensions>
          <speed>3.02</speed>
          <course>129.3</course>
        </extensions>
      </trkpt>
      <trkpt lat="48.5299188" lon="36.0683797">
        <ele>127.2</ele>
        <time>2026-04-18T13:54:08Z</time>
        <extensions>
          <speed>2.73</speed>
          <course>123.6</course>
        </extensions>
      </trkpt>
      <trkpt lat="48.5299172" lon="36.0683828">
        <ele>127.2</ele>
        <time>2026-04-18T13:54:08Z</time>
        <extensions>
          <speed>2.89</speed>
          <course>124.0</course>
        </extensions>
      </trkpt>
      <trkpt lat="48.5299158" lon="36.0683863">
        <ele>127.2</ele>
        <time>2026-04-18T13:54:08Z</time>
        <extensions>
          <speed>2.89</speed>
          <course>121.5</course>
        </extensions>
      </trkpt>
      <trkpt lat="48.5299148" lon="36.0683898">
        <ele>127.3</ele>
        <time>2026-04-18T13:54:08Z</time>
        <extensions>
          <speed>2.66</speed>
          <course>117.8</course>
        </extensions>
      </trkpt>
      <trkpt lat="48.5299140" lon="36.0683928">
        <ele>127.2</ele>
        <time>2026-04-18T13:54:08Z</time>
        <extensions>
          <speed>2.63</speed>
          <course>116.5</course>
        </extensions>
      </trkpt>
      <trkpt lat="48.5299132" lon="36.0683958">
        <ele>127.3</ele>
        <time>2026-04-18T13:54:08Z</time>
        <extensions>
          <speed>2.48</speed>
          <course>114.3</course>
        </extensions>
      </trkpt>
      <trkpt lat="48.5299125" lon="36.0683992">
        <ele>127.3</ele>
        <time>2026-04-18T13:54:08Z</time>
        <extensions>
          <speed>2.64</speed>
          <course>111.5</course>
        </extensions>
      </trkpt>
      <trkpt lat="48.5299115" lon="36.0684025">
        <ele>127.3</ele>
        <time>2026-04-18T13:54:08Z</time>
        <extensions>
          <speed>2.62</speed>
          <course>113.1</course>
        </extensions>
      </trkpt>
      <trkpt lat="48.5299110" lon="36.0684058">
        <ele>127.3</ele>
        <time>2026-04-18T13:54:09Z</time>
        <extensions>
          <speed>2.47</speed>
          <course>109.5</course>
        </extensions>
      </trkpt>
      <trkpt lat="48.5299105" lon="36.0684095">
        <ele>127.4</ele>
        <time>2026-04-18T13:54:09Z</time>
        <extensions>
          <speed>2.56</speed>
          <course>106.2</course>
        </extensions>
      </trkpt>
      <trkpt lat="48.5299102" lon="36.0684130">
        <ele>127.4</ele>
        <time>2026-04-18T13:54:09Z</time>
        <extensions>
          <speed>2.45</speed>
          <course>103.1</course>
        </extensions>
      </trkpt>
      <trkpt lat="48.5299098" lon="36.0684197">
        <ele>127.4</ele>
        <time>2026-04-18T13:54:09Z</time>
        <extensions>
          <speed>2.53</speed>
          <course>95.8</course>
        </extensions>
      </trkpt>
      <trkpt lat="48.5299097" lon="36.0684233">
        <ele>127.5</ele>
        <time>2026-04-18T13:54:09Z</time>
        <extensions>
          <speed>2.47</speed>
          <course>94.5</course>
        </extensions>
      </trkpt>
      <trkpt lat="48.5299102" lon="36.0684262">
        <ele>127.5</ele>
        <time>2026-04-18T13:54:09Z</time>
        <extensions>
          <speed>2.53</speed>
          <course>89.0</course>
        </extensions>
      </trkpt>
      <trkpt lat="48.5299100" lon="36.0684292">
        <ele>127.5</ele>
        <time>2026-04-18T13:54:09Z</time>
        <extensions>
          <speed>2.34</speed>
          <course>91.1</course>
        </extensions>
      </trkpt>
      <trkpt lat="48.5299103" lon="36.0684327">
        <ele>127.6</ele>
        <time>2026-04-18T13:54:09Z</time>
        <extensions>
          <speed>2.50</speed>
          <course>88.1</course>
        </extensions>
      </trkpt>
      <trkpt lat="48.5299107" lon="36.0684352">
        <ele>127.5</ele>
        <time>2026-04-18T13:54:09Z</time>
        <extensions>
          <speed>2.32</speed>
          <course>85.8</course>
        </extensions>
      </trkpt>
      <trkpt lat="48.5299108" lon="36.0684390">
        <ele>127.6</ele>
        <time>2026-04-18T13:54:10Z</time>
        <extensions>
          <speed>2.46</speed>
          <course>84.0</course>
        </extensions>
      </trkpt>
      <trkpt lat="48.5299112" lon="36.0684417">
        <ele>127.6</ele>
        <time>2026-04-18T13:54:10Z</time>
        <extensions>
          <speed>2.29</speed>
          <course>85.2</course>
        </extensions>
      </trkpt>
      <trkpt lat="48.5299115" lon="36.0684447">
        <ele>127.6</ele>
        <time>2026-04-18T13:54:10Z</time>
        <extensions>
          <speed>2.28</speed>
          <course>81.4</course>
        </extensions>
      </trkpt>
      <trkpt lat="48.5299120" lon="36.0684505">
        <ele>127.7</ele>
        <time>2026-04-18T13:54:10Z</time>
        <extensions>
          <speed>2.09</speed>
          <course>82.5</course>
        </extensions>
      </trkpt>
      <trkpt lat="48.5299125" lon="36.0684530">
        <ele>127.7</ele>
        <time>2026-04-18T13:54:10Z</time>
        <extensions>
          <speed>2.12</speed>
          <course>81.2</course>
        </extensions>
      </trkpt>
      <trkpt lat="48.5299128" lon="36.0684582">
        <ele>127.8</ele>
        <time>2026-04-18T13:54:10Z</time>
        <extensions>
          <speed>1.85</speed>
          <course>82.0</course>
        </extensions>
      </trkpt>
      <trkpt lat="48.5299132" lon="36.0684605">
        <ele>127.8</ele>
        <time>2026-04-18T13:54:10Z</time>
        <extensions>
          <speed>1.82</speed>
          <course>81.6</course>
        </extensions>
      </trkpt>
      <trkpt lat="48.5299128" lon="36.0684630">
        <ele>127.8</ele>
        <time>2026-04-18T13:54:10Z</time>
        <extensions>
          <speed>1.77</speed>
          <course>89.0</course>
        </extensions>
      </trkpt>
      <trkpt lat="48.5299133" lon="36.0684655">
        <ele>127.9</ele>
        <time>2026-04-18T13:54:11Z</time>
        <extensions>
          <speed>1.77</speed>
          <course>82.8</course>
        </extensions>
      </trkpt>
      <trkpt lat="48.5299132" lon="36.0684675">
        <ele>127.9</ele>
        <time>2026-04-18T13:54:11Z</time>
        <extensions>
          <speed>1.62</speed>
          <course>87.4</course>
        </extensions>
      </trkpt>
      <trkpt lat="48.5299135" lon="36.0684702">
        <ele>127.9</ele>
        <time>2026-04-18T13:54:11Z</time>
        <extensions>
          <speed>1.86</speed>
          <course>84.5</course>
        </extensions>
      </trkpt>
      <trkpt lat="48.5299138" lon="36.0684723">
        <ele>127.9</ele>
        <time>2026-04-18T13:54:11Z</time>
        <extensions>
          <speed>1.69</speed>
          <course>85.2</course>
        </extensions>
      </trkpt>
      <trkpt lat="48.5299137" lon="36.0684745">
        <ele>127.9</ele>
        <time>2026-04-18T13:54:11Z</time>
        <extensions>
          <speed>1.69</speed>
          <course>90.4</course>
        </extensions>
      </trkpt>
      <trkpt lat="48.5299138" lon="36.0684797">
        <ele>128.0</ele>
        <time>2026-04-18T13:54:11Z</time>
        <extensions>
          <speed>1.20</speed>
          <course>92.8</course>
        </extensions>
      </trkpt>
      <trkpt lat="48.5299137" lon="36.0684812">
        <ele>128.1</ele>
        <time>2026-04-18T13:54:11Z</time>
        <extensions>
          <speed>1.09</speed>
          <course>95.2</course>
        </extensions>
      </trkpt>
      <trkpt lat="48.5299135" lon="36.0684825">
        <ele>128.1</ele>
        <time>2026-04-18T13:54:11Z</time>
        <extensions>
          <speed>1.05</speed>
          <course>99.2</course>
        </extensions>
      </trkpt>
      <trkpt lat="48.5299137" lon="36.0684827">
        <ele>128.1</ele>
        <time>2026-04-18T13:54:12Z</time>
        <extensions>
          <speed>0.61</speed>
          <course>99.7</course>
        </extensions>
      </trkpt>
      <trkpt lat="48.5299133" lon="36.0684833">
        <ele>128.2</ele>
        <time>2026-04-18T13:54:12Z</time>
        <extensions>
          <speed>0.46</speed>
          <course>105.5</course>
        </extensions>
      </trkpt>
      <trkpt lat="48.5299132" lon="36.0684837">
        <ele>128.2</ele>
        <time>2026-04-18T13:54:12Z</time>
        <extensions>
          <speed>0.47</speed>
          <course>121.0</course>
        </extensions>
      </trkpt>
      <trkpt lat="48.5299130" lon="36.0684842">
        <ele>128.2</ele>
        <time>2026-04-18T13:54:12Z</time>
        <extensions>
          <speed>0.43</speed>
          <course>125.3</course>
        </extensions>
      </trkpt>
      <trkpt lat="48.5299132" lon="36.0684845">
        <ele>128.2</ele>
        <time>2026-04-18T13:54:12Z</time>
        <extensions>
          <speed>0.30</speed>
          <course>124.0</course>
        </extensions>
      </trkpt>
      <trkpt lat="48.5299133" lon="36.0684848">
        <ele>128.3</ele>
        <time>2026-04-18T13:54:12Z</time>
        <extensions>
          <speed>0.21</speed>
          <course>114.0</course>
        </extensions>
      </trkpt>
      <trkpt lat="48.5299135" lon="36.0684857">
        <ele>128.4</ele>
        <time>2026-04-18T13:54:12Z</time>
        <extensions>
          <speed>0.13</speed>
        </extensions>
      </trkpt>
      <trkpt lat="48.5299137" lon="36.0684858">
        <ele>128.4</ele>
        <time>2026-04-18T13:54:12Z</time>
        <extensions>
          <speed>0.03</speed>
        </extensions>
      </trkpt>
      <trkpt lat="48.5299138" lon="36.0684858">
        <ele>128.4</ele>
        <time>2026-04-18T13:54:13Z</time>
        <extensions>
          <speed>0.07</speed>
        </extensions>
      </trkpt>
      <trkpt lat="48.5299142" lon="36.0684860">
        <ele>128.5</ele>
        <time>2026-04-18T13:54:13Z</time>
        <extensions>
          <speed>0.11</speed>
        </extensions>
      </trkpt>
      <trkpt lat="48.5299148" lon="36.0684865">
        <ele>128.6</ele>
        <time>2026-04-18T13:54:13Z</time>
        <extensions>
          <speed>0.07</speed>
        </extensions>
      </trkpt>
      <trkpt lat="48.5299147" lon="36.0684860">
        <ele>128.7</ele>
        <time>2026-04-18T13:54:13Z</time>
        <extensions>
          <speed>0.22</speed>
          <course>302.2</course>
        </extensions>
      </trkpt>
      <trkpt lat="48.5299148" lon="36.0684857">
        <ele>128.7</ele>
        <time>2026-04-18T13:54:13Z</time>
        <extensions>
          <speed>0.32</speed>
          <course>305.1</course>
        </extensions>
      </trkpt>
      <trkpt lat="48.5299153" lon="36.0684862">
        <ele>128.7</ele>
        <time>2026-04-18T13:54:14Z</time>
        <extensions>
          <speed>0.35</speed>
          <course>330.4</course>
        </extensions>
      </trkpt>
      <trkpt lat="48.5299152" lon="36.0684858">
        <ele>128.8</ele>
        <time>2026-04-18T13:54:14Z</time>
        <extensions>
          <speed>0.15</speed>
        </extensions>
      </trkpt>
      <trkpt lat="48.5299157" lon="36.0684863">
        <ele>128.8</ele>
        <time>2026-04-18T13:54:14Z</time>
        <extensions>
          <speed>0.10</speed>
        </extensions>
      </trkpt>
      <trkpt lat="48.5299155" lon="36.0684865">
        <ele>128.9</ele>
        <time>2026-04-18T13:54:14Z</time>
        <extensions>
          <speed>0.04</speed>
        </extensions>
      </trkpt>
      <trkpt lat="48.5299157" lon="36.0684860">
        <ele>128.8</ele>
        <time>2026-04-18T13:54:14Z</time>
        <extensions>
          <speed>0.25</speed>
          <course>293.1</course>
        </extensions>
      </trkpt>
      <trkpt lat="48.5299158" lon="36.0684857">
        <ele>128.8</ele>
        <time>2026-04-18T13:54:14Z</time>
        <extensions>
          <speed>0.21</speed>
          <course>278.8</course>
        </extensions>
      </trkpt>
      <trkpt lat="48.5299157" lon="36.0684867">
        <ele>128.8</ele>
        <time>2026-04-18T13:54:14Z</time>
        <extensions>
          <speed>0.15</speed>
        </extensions>
      </trkpt>
      <trkpt lat="48.5299158" lon="36.0684872">
        <ele>128.9</ele>
        <time>2026-04-18T13:54:15Z</time>
        <extensions>
          <speed>0.29</speed>
          <course>25.3</course>
        </extensions>
      </trkpt>
      <trkpt lat="48.5299165" lon="36.0684885">
        <ele>128.8</ele>
        <time>2026-04-18T13:54:15Z</time>
        <extensions>
          <speed>0.72</speed>
          <course>55.5</course>
        </extensions>
      </trkpt>
      <trkpt lat="48.5299153" lon="36.0684897">
        <ele>129.1</ele>
        <time>2026-04-18T13:54:15Z</time>
        <extensions>
          <speed>0.50</speed>
          <course>70.1</course>
        </extensions>
      </trkpt>
      <trkpt lat="48.5299158" lon="36.0684898">
        <ele>129.0</ele>
        <time>2026-04-18T13:54:15Z</time>
        <extensions>
          <speed>0.21</speed>
          <course>66.9</course>
        </extensions>
      </trkpt>
      <trkpt lat="48.5299160" lon="36.0684915">
        <ele>129.1</ele>
        <time>2026-04-18T13:54:15Z</time>
        <extensions>
          <speed>0.45</speed>
          <course>78.6</course>
        </extensions>
      </trkpt>
      <trkpt lat="48.5299158" lon="36.0684927">
        <ele>129.2</ele>
        <time>2026-04-18T13:54:15Z</time>
        <extensions>
          <speed>0.21</speed>
          <course>85.3</course>
        </extensions>
      </trkpt>
      <trkpt lat="48.5299162" lon="36.0684932">
        <ele>129.2</ele>
        <time>2026-04-18T13:54:15Z</time>
        <extensions>
          <speed>0.25</speed>
          <course>60.1</course>
        </extensions>
      </trkpt>
      <trkpt lat="48.5299158" lon="36.0684937">
        <ele>129.2</ele>
        <time>2026-04-18T13:54:16Z</time>
        <extensions>
          <speed>0.21</speed>
          <course>74.2</course>
        </extensions>
      </trkpt>
      <trkpt lat="48.5299155" lon="36.0684945">
        <ele>129.3</ele>
        <time>2026-04-18T13:54:16Z</time>
        <extensions>
          <speed>0.45</speed>
          <course>111.8</course>
        </extensions>
      </trkpt>
      <trkpt lat="48.5299153" lon="36.0684943">
        <ele>129.3</ele>
        <time>2026-04-18T13:54:16Z</time>
        <extensions>
          <speed>0.24</speed>
          <course>130.5</course>
        </extensions>
      </trkpt>
      <trkpt lat="48.5299148" lon="36.0684948">
        <ele>129.3</ele>
        <time>2026-04-18T13:54:16Z</time>
        <extensions>
          <speed>0.40</speed>
          <course>136.5</course>
        </extensions>
      </trkpt>
      <trkpt lat="48.5299147" lon="36.0684957">
        <ele>129.4</ele>
        <time>2026-04-18T13:54:16Z</time>
        <extensions>
          <speed>0.41</speed>
          <course>124.5</course>
        </extensions>
      </trkpt>
      <trkpt lat="48.5299143" lon="36.0684963">
        <ele>129.4</ele>
        <time>2026-04-18T13:54:16Z</time>
        <extensions>
          <speed>0.55</speed>
          <course>123.6</course>
        </extensions>
      </trkpt>
      <trkpt lat="48.5299140" lon="36.0684972">
        <ele>129.5</ele>
        <time>2026-04-18T13:54:16Z</time>
        <extensions>
          <speed>0.52</speed>
          <course>122.7</course>
        </extensions>
      </trkpt>
      <trkpt lat="48.5299138" lon="36.0684977">
        <ele>129.6</ele>
        <time>2026-04-18T13:54:16Z</time>
        <extensions>
          <speed>0.36</speed>
          <course>121.0</course>
        </extensions>
      </trkpt>
      <trkpt lat="48.5299137" lon="36.0684980">
        <ele>129.6</ele>
        <time>2026-04-18T13:54:16Z</time>
        <extensions>
          <speed>0.31</speed>
          <course>121.0</course>
        </extensions>
      </trkpt>
      <trkpt lat="48.5299142" lon="36.0684980">
        <ele>129.5</ele>
        <time>2026-04-18T13:54:17Z</time>
        <extensions>
          <speed>0.34</speed>
          <course>80.6</course>
        </extensions>
      </trkpt>
      <trkpt lat="48.5299140" lon="36.0684990">
        <ele>129.6</ele>
        <time>2026-04-18T13:54:17Z</time>
        <extensions>
          <speed>0.35</speed>
          <course>100.3</course>
        </extensions>
      </trkpt>
      <trkpt lat="48.5299138" lon="36.0684993">
        <ele>129.6</ele>
        <time>2026-04-18T13:54:17Z</time>
        <extensions>
          <speed>0.15</speed>
        </extensions>
      </trkpt>
      <trkpt lat="48.5299135" lon="36.0685000">
        <ele>129.7</ele>
        <time>2026-04-18T13:54:17Z</time>
        <extensions>
          <speed>0.15</speed>
          <course>130.5</course>
        </extensions>
      </trkpt>
      <trkpt lat="48.5299130" lon="36.0685005">
        <ele>129.7</ele>
        <time>2026-04-18T13:54:17Z</time>
        <extensions>
          <speed>0.35</speed>
          <course>138.9</course>
        </extensions>
      </trkpt>
      <trkpt lat="48.5299128" lon="36.0685007">
        <ele>129.8</ele>
        <time>2026-04-18T13:54:17Z</time>
        <extensions>
          <speed>0.17</speed>
          <course>139.0</course>
        </extensions>
      </trkpt>
      <trkpt lat="48.5299127" lon="36.0685008">
        <ele>129.8</ele>
        <time>2026-04-18T13:54:17Z</time>
        <extensions>
          <speed>0.18</speed>
          <course>136.9</course>
        </extensions>
      </trkpt>
      <trkpt lat="48.5299120" lon="36.0685010">
        <ele>129.8</ele>
        <time>2026-04-18T13:54:18Z</time>
        <extensions>
          <speed>0.10</speed>
        </extensions>
      </trkpt>
      <trkpt lat="48.5299118" lon="36.0685013">
        <ele>129.8</ele>
        <time>2026-04-18T13:54:18Z</time>
        <extensions>
          <speed>0.21</speed>
          <course>126.1</course>
        </extensions>
      </trkpt>
      <trkpt lat="48.5299117" lon="36.0685018">
        <ele>129.8</ele>
        <time>2026-04-18T13:54:18Z</time>
        <extensions>
          <speed>0.13</speed>
        </extensions>
      </trkpt>
      <trkpt lat="48.5299115" lon="36.0685022">
        <ele>129.9</ele>
        <time>2026-04-18T13:54:18Z</time>
        <extensions>
          <speed>0.13</speed>
        </extensions>
      </trkpt>
      <trkpt lat="48.5299112" lon="36.0685022">
        <ele>129.9</ele>
        <time>2026-04-18T13:54:19Z</time>
        <extensions>
          <speed>0.12</speed>
        </extensions>
      </trkpt>
      <trkpt lat="48.5299110" lon="36.0685022">
        <ele>129.8</ele>
        <time>2026-04-18T13:54:19Z</time>
        <extensions>
          <speed>0.06</speed>
        </extensions>
      </trkpt>
      <trkpt lat="48.5299107" lon="36.0685022">
        <ele>129.8</ele>
        <time>2026-04-18T13:54:19Z</time>
        <extensions>
          <speed>0.04</speed>
        </extensions>
      </trkpt>
      <trkpt lat="48.5299103" lon="36.0685020">
        <ele>129.8</ele>
        <time>2026-04-18T13:54:19Z</time>
        <extensions>
          <speed>0.02</speed>
        </extensions>
      </trkpt>
      <trkpt lat="48.5299102" lon="36.0685015">
        <ele>129.8</ele>
        <time>2026-04-18T13:54:19Z</time>
        <extensions>
          <speed>0.12</speed>
        </extensions>
      </trkpt>
      <trkpt lat="48.5299093" lon="36.0685017">
        <ele>129.8</ele>
        <time>2026-04-18T13:54:20Z</time>
        <extensions>
          <speed>0.11</speed>
        </extensions>
      </trkpt>
      <trkpt lat="48.5299087" lon="36.0685018">
        <ele>129.8</ele>
        <time>2026-04-18T13:54:20Z</time>
        <extensions>
          <speed>0.15</speed>
          <course>193.7</course>
        </extensions>
      </trkpt>
      <trkpt lat="48.5299085" lon="36.0685027">
        <ele>129.8</ele>
        <time>2026-04-18T13:54:21Z</time>
        <extensions>
          <speed>0.26</speed>
          <course>54.0</course>
        </extensions>
      </trkpt>
      <trkpt lat="48.5299082" lon="36.0685025">
        <ele>129.8</ele>
        <time>2026-04-18T13:54:21Z</time>
        <extensions>
          <speed>0.07</speed>
        </extensions>
      </trkpt>
      <trkpt lat="48.5299078" lon="36.0685023">
        <ele>129.8</ele>
        <time>2026-04-18T13:54:21Z</time>
        <extensions>
          <speed>0.18</speed>
          <course>97.9</course>
        </extensions>
      </trkpt>
      <trkpt lat="48.5299077" lon="36.0685018">
        <ele>129.8</ele>
        <time>2026-04-18T13:54:21Z</time>
        <extensions>
          <speed>0.07</speed>
        </extensions>
      </trkpt>
      <trkpt lat="48.5299077" lon="36.0685018">
        <ele>129.8</ele>
        <time>2026-04-18T13:54:22Z</time>
        <extensions>
          <speed>0.06</speed>
        </extensions>
      </trkpt>
      <trkpt lat="48.5299075" lon="36.0685023">
        <ele>129.8</ele>
        <time>2026-04-18T13:54:22Z</time>
        <extensions>
          <speed>0.24</speed>
          <course>102.7</course>
        </extensions>
      </trkpt>
      <trkpt lat="48.5299070" lon="36.0685025">
        <ele>129.8</ele>
        <time>2026-04-18T13:54:22Z</time>
        <extensions>
          <speed>0.23</speed>
          <course>127.2</course>
        </extensions>
      </trkpt>
      <trkpt lat="48.5299068" lon="36.0685020">
        <ele>129.7</ele>
        <time>2026-04-18T13:54:22Z</time>
        <extensions>
          <speed>0.07</speed>
        </extensions>
      </trkpt>
      <trkpt lat="48.5299068" lon="36.0685018">
        <ele>129.7</ele>
        <time>2026-04-18T13:54:23Z</time>
        <extensions>
          <speed>0.08</speed>
        </extensions>
      </trkpt>
      <trkpt lat="48.5299065" lon="36.0685017">
        <ele>129.7</ele>
        <time>2026-04-18T13:54:23Z</time>
        <extensions>
          <speed>0.05</speed>
        </extensions>
      </trkpt>
      <trkpt lat="48.5299060" lon="36.0685013">
        <ele>129.7</ele>
        <time>2026-04-18T13:54:23Z</time>
        <extensions>
          <speed>0.09</speed>
        </extensions>
      </trkpt>
      <trkpt lat="48.5299058" lon="36.0685017">
        <ele>129.8</ele>
        <time>2026-04-18T13:54:23Z</time>
        <extensions>
          <speed>0.13</speed>
        </extensions>
      </trkpt>
      <trkpt lat="48.5299060" lon="36.0685018">
        <ele>129.7</ele>
        <time>2026-04-18T13:54:24Z</time>
        <extensions>
          <speed>0.17</speed>
          <course>331.2</course>
        </extensions>
      </trkpt>
      <trkpt lat="48.5299063" lon="36.0685013">
        <ele>129.7</ele>
        <time>2026-04-18T13:54:24Z</time>
        <extensions>
          <speed>0.30</speed>
          <course>343.8</course>
        </extensions>
      </trkpt>
      <trkpt lat="48.5299065" lon="36.0685015">
        <ele>129.7</ele>
        <time>2026-04-18T13:54:24Z</time>
        <extensions>
          <speed>0.29</speed>
          <course>355.2</course>
        </extensions>
      </trkpt>
      <trkpt lat="48.5299067" lon="36.0685013">
        <ele>129.7</ele>
        <time>2026-04-18T13:54:24Z</time>
        <extensions>
          <speed>0.13</speed>
          <course>356.2</course>
        </extensions>
      </trkpt>
      <trkpt lat="48.5299065" lon="36.0685010">
        <ele>129.7</ele>
        <time>2026-04-18T13:54:24Z</time>
        <extensions>
          <speed>0.17</speed>
          <course>318.9</course>
        </extensions>
      </trkpt>
      <trkpt lat="48.5299067" lon="36.0685007">
        <ele>129.7</ele>
        <time>2026-04-18T13:54:24Z</time>
        <extensions>
          <speed>0.19</speed>
          <course>313.1</course>
        </extensions>
      </trkpt>
      <trkpt lat="48.5299068" lon="36.0685003">
        <ele>129.7</ele>
        <time>2026-04-18T13:54:24Z</time>
        <extensions>
          <speed>0.20</speed>
          <course>306.4</course>
        </extensions>
      </trkpt>
      <trkpt lat="48.5299067" lon="36.0685003">
        <ele>129.7</ele>
        <time>2026-04-18T13:54:25Z</time>
        <extensions>
          <speed>0.02</speed>
        </extensions>
      </trkpt>
      <trkpt lat="48.5299065" lon="36.0685022">
        <ele>129.8</ele>
        <time>2026-04-18T13:54:25Z</time>
        <extensions>
          <speed>0.98</speed>
          <course>81.7</course>
        </extensions>
      </trkpt>
      <trkpt lat="48.5299060" lon="36.0685015">
        <ele>129.8</ele>
        <time>2026-04-18T13:54:25Z</time>
        <extensions>
          <speed>0.36</speed>
          <course>98.2</course>
        </extensions>
      </trkpt>
      <trkpt lat="48.5299060" lon="36.0685013">
        <ele>129.8</ele>
        <time>2026-04-18T13:54:25Z</time>
        <extensions>
          <speed>0.10</speed>
        </extensions>
      </trkpt>
      <trkpt lat="48.5299057" lon="36.0685008">
        <ele>129.8</ele>
        <time>2026-04-18T13:54:25Z</time>
        <extensions>
          <speed>0.03</speed>
        </extensions>
      </trkpt>
      <trkpt lat="48.5299055" lon="36.0685005">
        <ele>129.8</ele>
        <time>2026-04-18T13:54:26Z</time>
        <extensions>
          <speed>0.09</speed>
        </extensions>
      </trkpt>
      <trkpt lat="48.5299053" lon="36.0684997">
        <ele>129.7</ele>
        <time>2026-04-18T13:54:26Z</time>
        <extensions>
          <speed>0.14</speed>
        </extensions>
      </trkpt>
      <trkpt lat="48.5299055" lon="36.0684992">
        <ele>129.7</ele>
        <time>2026-04-18T13:54:26Z</time>
        <extensions>
          <speed>0.19</speed>
          <course>243.5</course>
        </extensions>
      </trkpt>
      <trkpt lat="48.5299058" lon="36.0684990">
        <ele>129.7</ele>
        <time>2026-04-18T13:54:27Z</time>
        <extensions>
          <speed>0.14</speed>
        </extensions>
      </trkpt>
      <trkpt lat="48.5299058" lon="36.0684982">
        <ele>129.6</ele>
        <time>2026-04-18T13:54:28Z</time>
        <extensions>
          <speed>0.16</speed>
          <course>269.8</course>
        </extensions>
      </trkpt>
      <trkpt lat="48.5299057" lon="36.0684980">
        <ele>129.7</ele>
        <time>2026-04-18T13:54:28Z</time>
        <extensions>
          <speed>0.11</speed>
        </extensions>
      </trkpt>
      <trkpt lat="48.5299057" lon="36.0684977">
        <ele>129.7</ele>
        <time>2026-04-18T13:54:29Z</time>
        <extensions>
          <speed>0.26</speed>
          <course>284.1</course>
        </extensions>
      </trkpt>
      <trkpt lat="48.5299063" lon="36.0684972">
        <ele>129.7</ele>
        <time>2026-04-18T13:54:29Z</time>
        <extensions>
          <speed>0.46</speed>
          <course>326.8</course>
        </extensions>
      </trkpt>
      <trkpt lat="48.5299068" lon="36.0684957">
        <ele>129.7</ele>
        <time>2026-04-18T13:54:29Z</time>
        <extensions>
          <speed>0.68</speed>
          <course>308.9</course>
        </extensions>
      </trkpt>
      <trkpt lat="48.5299072" lon="36.0684945">
        <ele>129.7</ele>
        <time>2026-04-18T13:54:29Z</time>
        <extensions>
          <speed>0.76</speed>
          <course>298.2</course>
        </extensions>
      </trkpt>
      <trkpt lat="48.5299073" lon="36.0684933">
        <ele>129.7</ele>
        <time>2026-04-18T13:54:29Z</time>
        <extensions>
          <speed>0.85</speed>
          <course>291.6</course>
        </extensions>
      </trkpt>
      <trkpt lat="48.5299078" lon="36.0684920">
        <ele>129.7</ele>
        <time>2026-04-18T13:54:29Z</time>
        <extensions>
          <speed>0.94</speed>
          <course>292.4</course>
        </extensions>
      </trkpt>
      <trkpt lat="48.5299080" lon="36.0684913">
        <ele>129.7</ele>
        <time>2026-04-18T13:54:29Z</time>
        <extensions>
          <speed>0.62</speed>
          <course>293.8</course>
        </extensions>
      </trkpt>
      <trkpt lat="48.5299082" lon="36.0684908">
        <ele>129.7</ele>
        <time>2026-04-18T13:54:29Z</time>
        <extensions>
          <speed>0.48</speed>
          <course>294.2</course>
        </extensions>
      </trkpt>
      <trkpt lat="48.5299082" lon="36.0684903">
        <ele>129.7</ele>
        <time>2026-04-18T13:54:30Z</time>
        <extensions>
          <speed>0.41</speed>
          <course>291.0</course>
        </extensions>
      </trkpt>
      <trkpt lat="48.5299085" lon="36.0684902">
        <ele>129.7</ele>
        <time>2026-04-18T13:54:30Z</time>
        <extensions>
          <speed>0.29</speed>
        </extensions>
      </trkpt>
      <trkpt lat="48.5299087" lon="36.0684898">
        <ele>129.6</ele>
        <time>2026-04-18T13:54:30Z</time>
        <extensions>
          <speed>0.38</speed>
          <course>301.4</course>
        </extensions>
      </trkpt>
      <trkpt lat="48.5299087" lon="36.0684883">
        <ele>129.5</ele>
        <time>2026-04-18T13:54:30Z</time>
        <extensions>
          <speed>0.35</speed>
          <course>287.1</course>
        </extensions>
      </trkpt>
      <trkpt lat="48.5299090" lon="36.0684885">
        <ele>129.6</ele>
        <time>2026-04-18T13:54:30Z</time>
        <extensions>
          <speed>0.11</speed>
        </extensions>
      </trkpt>
      <trkpt lat="48.5299087" lon="36.0684877">
        <ele>129.5</ele>
        <time>2026-04-18T13:54:30Z</time>
        <extensions>
          <speed>0.31</speed>
        </extensions>
      </trkpt>
      <trkpt lat="48.5299085" lon="36.0684872">
        <ele>129.5</ele>
        <time>2026-04-18T13:54:30Z</time>
        <extensions>
          <speed>0.40</speed>
          <course>272.8</course>
        </extensions>
      </trkpt>
      <trkpt lat="48.5299087" lon="36.0684855">
        <ele>129.4</ele>
        <time>2026-04-18T13:54:30Z</time>
        <extensions>
          <speed>0.53</speed>
          <course>278.6</course>
        </extensions>
      </trkpt>
      <trkpt lat="48.5299087" lon="36.0684820">
        <ele>129.4</ele>
        <time>2026-04-18T13:54:31Z</time>
        <extensions>
          <speed>0.97</speed>
          <course>270.9</course>
        </extensions>
      </trkpt>
      <trkpt lat="48.5299093" lon="36.0684798">
        <ele>129.4</ele>
        <time>2026-04-18T13:54:31Z</time>
        <extensions>
          <speed>0.40</speed>
          <course>279.0</course>
        </extensions>
      </trkpt>
      <trkpt lat="48.5299097" lon="36.0684780">
        <ele>129.3</ele>
        <time>2026-04-18T13:54:31Z</time>
        <extensions>
          <speed>0.36</speed>
          <course>257.8</course>
        </extensions>
      </trkpt>
      <trkpt lat="48.5299100" lon="36.0684755">
        <ele>129.3</ele>
        <time>2026-04-18T13:54:31Z</time>
        <extensions>
          <speed>0.76</speed>
          <course>266.0</course>
        </extensions>
      </trkpt>
      <trkpt lat="48.5299098" lon="36.0684745">
        <ele>129.3</ele>
        <time>2026-04-18T13:54:31Z</time>
        <extensions>
          <speed>0.67</speed>
          <course>257.8</course>
        </extensions>
      </trkpt>
      <trkpt lat="48.5299097" lon="36.0684725">
        <ele>129.3</ele>
        <time>2026-04-18T13:54:32Z</time>
        <extensions>
          <speed>0.20</speed>
          <course>252.5</course>
        </extensions>
      </trkpt>
      <trkpt lat="48.5299095" lon="36.0684722">
        <ele>129.3</ele>
        <time>2026-04-18T13:54:32Z</time>
        <extensions>
          <speed>0.19</speed>
          <course>243.7</course>
        </extensions>
      </trkpt>
      <trkpt lat="48.5299097" lon="36.0684715">
        <ele>129.4</ele>
        <time>2026-04-18T13:54:32Z</time>
        <extensions>
          <speed>0.29</speed>
          <course>266.1</course>
        </extensions>
      </trkpt>
      <trkpt lat="48.5299100" lon="36.0684712">
        <ele>129.3</ele>
        <time>2026-04-18T13:54:32Z</time>
        <extensions>
          <speed>0.08</speed>
        </extensions>
      </trkpt>
      <trkpt lat="48.5299102" lon="36.0684708">
        <ele>129.3</ele>
        <time>2026-04-18T13:54:32Z</time>
        <extensions>
          <speed>0.09</speed>
        </extensions>
      </trkpt>
      <trkpt lat="48.5299103" lon="36.0684705">
        <ele>129.3</ele>
        <time>2026-04-18T13:54:32Z</time>
        <extensions>
          <speed>0.08</speed>
        </extensions>
      </trkpt>
      <trkpt lat="48.5299105" lon="36.0684703">
        <ele>129.3</ele>
        <time>2026-04-18T13:54:33Z</time>
        <extensions>
          <speed>0.07</speed>
        </extensions>
      </trkpt>
      <trkpt lat="48.5299107" lon="36.0684695">
        <ele>129.3</ele>
        <time>2026-04-18T13:54:33Z</time>
        <extensions>
          <speed>0.03</speed>
        </extensions>
      </trkpt>
      <trkpt lat="48.5299108" lon="36.0684692">
        <ele>129.2</ele>
        <time>2026-04-18T13:54:33Z</time>
        <extensions>
          <speed>0.16</speed>
          <course>226.4</course>
        </extensions>
      </trkpt>
      <trkpt lat="48.5299110" lon="36.0684693">
        <ele>129.2</ele>
        <time>2026-04-18T13:54:33Z</time>
        <extensions>
          <speed>0.15</speed>
        </extensions>
      </trkpt>
      <trkpt lat="48.5299113" lon="36.0684692">
        <ele>129.2</ele>
        <time>2026-04-18T13:54:33Z</time>
        <extensions>
          <speed>0.24</speed>
          <course>8.3</course>
        </extensions>
      </trkpt>
      <trkpt lat="48.5299117" lon="36.0684698">
        <ele>129.1</ele>
        <time>2026-04-18T13:54:33Z</time>
        <extensions>
          <speed>0.56</speed>
          <course>46.9</course>
        </extensions>
      </trkpt>
      <trkpt lat="48.5299122" lon="36.0684700">
        <ele>129.1</ele>
        <time>2026-04-18T13:54:33Z</time>
        <extensions>
          <speed>0.54</speed>
          <course>43.9</course>
        </extensions>
      </trkpt>
      <trkpt lat="48.5299122" lon="36.0684710">
        <ele>129.1</ele>
        <time>2026-04-18T13:54:34Z</time>
        <extensions>
          <speed>0.83</speed>
          <course>69.2</course>
        </extensions>
      </trkpt>
      <trkpt lat="48.5299123" lon="36.0684732">
        <ele>129.1</ele>
        <time>2026-04-18T13:54:34Z</time>
        <extensions>
          <speed>0.85</speed>
          <course>74.1</course>
        </extensions>
      </trkpt>
      <trkpt lat="48.5299127" lon="36.0684768">
        <ele>129.1</ele>
        <time>2026-04-18T13:54:34Z</time>
        <extensions>
          <speed>0.94</speed>
          <course>82.0</course>
        </extensions>
      </trkpt>
      <trkpt lat="48.5299132" lon="36.0684783">
        <ele>129.2</ele>
        <time>2026-04-18T13:54:34Z</time>
        <extensions>
          <speed>1.06</speed>
          <course>74.8</course>
        </extensions>
      </trkpt>
      <trkpt lat="48.5299133" lon="36.0684788">
        <ele>129.2</ele>
        <time>2026-04-18T13:54:34Z</time>
        <extensions>
          <speed>0.67</speed>
          <course>70.5</course>
        </extensions>
      </trkpt>
      <trkpt lat="48.5299137" lon="36.0684785">
        <ele>129.0</ele>
        <time>2026-04-18T13:54:34Z</time>
        <extensions>
          <speed>0.29</speed>
          <course>57.5</course>
        </extensions>
      </trkpt>
      <trkpt lat="48.5299140" lon="36.0684788">
        <ele>128.9</ele>
        <time>2026-04-18T13:54:34Z</time>
        <extensions>
          <speed>0.30</speed>
          <course>48.2</course>
        </extensions>
      </trkpt>
      <trkpt lat="48.5299142" lon="36.0684788">
        <ele>128.9</ele>
        <time>2026-04-18T13:54:35Z</time>
        <extensions>
          <speed>0.19</speed>
        </extensions>
      </trkpt>
      <trkpt lat="48.5299142" lon="36.0684795">
        <ele>128.7</ele>
        <time>2026-04-18T13:54:35Z</time>
        <extensions>
          <speed>0.07</speed>
        </extensions>
      </trkpt>
      <trkpt lat="48.5299145" lon="36.0684798">
        <ele>128.7</ele>
        <time>2026-04-18T13:54:35Z</time>
        <extensions>
          <speed>0.34</speed>
          <course>35.3</course>
        </extensions>
      </trkpt>
      <trkpt lat="48.5299150" lon="36.0684803">
        <ele>128.7</ele>
        <time>2026-04-18T13:54:35Z</time>
        <extensions>
          <speed>0.61</speed>
          <course>24.8</course>
        </extensions>
      </trkpt>
      <trkpt lat="48.5299157" lon="36.0684813">
        <ele>128.7</ele>
        <time>2026-04-18T13:54:35Z</time>
        <extensions>
          <speed>0.44</speed>
          <course>32.8</course>
        </extensions>
      </trkpt>
      <trkpt lat="48.5299158" lon="36.0684812">
        <ele>128.8</ele>
        <time>2026-04-18T13:54:35Z</time>
        <extensions>
          <speed>0.41</speed>
          <course>14.1</course>
        </extensions>
      </trkpt>
      <trkpt lat="48.5299160" lon="36.0684817">
        <ele>128.8</ele>
        <time>2026-04-18T13:54:36Z</time>
        <extensions>
          <speed>0.26</speed>
          <course>16.9</course>
        </extensions>
      </trkpt>
      <trkpt lat="48.5299163" lon="36.0684818">
        <ele>128.7</ele>
        <time>2026-04-18T13:54:36Z</time>
        <extensions>
          <speed>0.34</speed>
          <course>27.4</course>
        </extensions>
      </trkpt>
      <trkpt lat="48.5299162" lon="36.0684820">
        <ele>128.7</ele>
        <time>2026-04-18T13:54:36Z</time>
        <extensions>
          <speed>0.21</speed>
        </extensions>
      </trkpt>
      <trkpt lat="48.5299155" lon="36.0684818">
        <ele>128.4</ele>
        <time>2026-04-18T13:54:36Z</time>
        <extensions>
          <speed>0.07</speed>
        </extensions>
      </trkpt>
      <trkpt lat="48.5299153" lon="36.0684823">
        <ele>128.4</ele>
        <time>2026-04-18T13:54:36Z</time>
        <extensions>
          <speed>0.29</speed>
          <course>127.2</course>
        </extensions>
      </trkpt>
      <trkpt lat="48.5299152" lon="36.0684828">
        <ele>128.4</ele>
        <time>2026-04-18T13:54:36Z</time>
        <extensions>
          <speed>0.33</speed>
          <course>117.2</course>
        </extensions>
      </trkpt>
      <trkpt lat="48.5299150" lon="36.0684830">
        <ele>128.3</ele>
        <time>2026-04-18T13:54:37Z</time>
        <extensions>
          <speed>0.27</speed>
          <course>113.3</course>
        </extensions>
      </trkpt>
      <trkpt lat="48.5299147" lon="36.0684835">
        <ele>128.3</ele>
        <time>2026-04-18T13:54:37Z</time>
        <extensions>
          <speed>0.37</speed>
          <course>120.7</course>
        </extensions>
      </trkpt>
      <trkpt lat="48.5299140" lon="36.0684835">
        <ele>128.2</ele>
        <time>2026-04-18T13:54:37Z</time>
        <extensions>
          <speed>0.07</speed>
        </extensions>
      </trkpt>
      <trkpt lat="48.5299137" lon="36.0684838">
        <ele>128.2</ele>
        <time>2026-04-18T13:54:37Z</time>
        <extensions>
          <speed>0.04</speed>
        </extensions>
      </trkpt>
      <trkpt lat="48.5299138" lon="36.0684840">
        <ele>128.2</ele>
        <time>2026-04-18T13:54:37Z</time>
        <extensions>
          <speed>0.04</speed>
        </extensions>
      </trkpt>
      <trkpt lat="48.5299137" lon="36.0684842">
        <ele>128.2</ele>
        <time>2026-04-18T13:54:38Z</time>
        <extensions>
          <speed>0.19</speed>
        </extensions>
      </trkpt>
      <trkpt lat="48.5299133" lon="36.0684843">
        <ele>128.3</ele>
        <time>2026-04-18T13:54:38Z</time>
        <extensions>
          <speed>0.21</speed>
          <course>74.2</course>
        </extensions>
      </trkpt>
      <trkpt lat="48.5299135" lon="36.0684835">
        <ele>128.2</ele>
        <time>2026-04-18T13:54:38Z</time>
        <extensions>
          <speed>0.49</speed>
          <course>304.7</course>
        </extensions>
      </trkpt>
      <trkpt lat="48.5299128" lon="36.0684832">
        <ele>128.3</ele>
        <time>2026-04-18T13:54:38Z</time>
        <extensions>
          <speed>0.62</speed>
          <course>275.4</course>
        </extensions>
      </trkpt>
      <trkpt lat="48.5299132" lon="36.0684822">
        <ele>128.3</ele>
        <time>2026-04-18T13:54:39Z</time>
        <extensions>
          <speed>0.68</speed>
          <course>275.3</course>
        </extensions>
      </trkpt>
      <trkpt lat="48.5299138" lon="36.0684810">
        <ele>128.2</ele>
        <time>2026-04-18T13:54:39Z</time>
        <extensions>
          <speed>0.99</speed>
          <course>295.7</course>
        </extensions>
      </trkpt>
      <trkpt lat="48.5299143" lon="36.0684785">
        <ele>128.0</ele>
        <time>2026-04-18T13:54:39Z</time>
        <extensions>
          <speed>1.28</speed>
          <course>288.7</course>
        </extensions>
      </trkpt>
      <trkpt lat="48.5299147" lon="36.0684780">
        <ele>128.1</ele>
        <time>2026-04-18T13:54:39Z</time>
        <extensions>
          <speed>0.27</speed>
          <course>320.0</course>
        </extensions>
      </trkpt>
      <trkpt lat="48.5299150" lon="36.0684782">
        <ele>128.1</ele>
        <time>2026-04-18T13:54:39Z</time>
        <extensions>
          <speed>0.47</speed>
          <course>353.7</course>
        </extensions>
      </trkpt>
      <trkpt lat="48.5299148" lon="36.0684790">
        <ele>128.1</ele>
        <time>2026-04-18T13:54:39Z</time>
        <extensions>
          <speed>0.38</speed>
          <course>19.2</course>
        </extensions>
      </trkpt>
      <trkpt lat="48.5299152" lon="36.0684798">
        <ele>127.9</ele>
        <time>2026-04-18T13:54:39Z</time>
        <extensions>
          <speed>0.27</speed>
          <course>48.0</course>
        </extensions>
      </trkpt>
      <trkpt lat="48.5299155" lon="36.0684797">
        <ele>127.9</ele>
        <time>2026-04-18T13:54:40Z</time>
        <extensions>
          <speed>0.41</speed>
          <course>10.7</course>
        </extensions>
      </trkpt>
      <trkpt lat="48.5299152" lon="36.0684798">
        <ele>127.9</ele>
        <time>2026-04-18T13:54:40Z</time>
        <extensions>
          <speed>0.19</speed>
        </extensions>
      </trkpt>
      <trkpt lat="48.5299153" lon="36.0684803">
        <ele>127.9</ele>
        <time>2026-04-18T13:54:40Z</time>
        <extensions>
          <speed>0.34</speed>
          <course>23.5</course>
        </extensions>
      </trkpt>
      <trkpt lat="48.5299152" lon="36.0684802">
        <ele>127.9</ele>
        <time>2026-04-18T13:54:40Z</time>
        <extensions>
          <speed>0.23</speed>
        </extensions>
      </trkpt>
      <trkpt lat="48.5299153" lon="36.0684798">
        <ele>127.8</ele>
        <time>2026-04-18T13:54:40Z</time>
        <extensions>
          <speed>0.32</speed>
        </extensions>
      </trkpt>
      <trkpt lat="48.5299157" lon="36.0684797">
        <ele>127.7</ele>
        <time>2026-04-18T13:54:40Z</time>
        <extensions>
          <speed>0.36</speed>
          <course>358.8</course>
        </extensions>
      </trkpt>
      <trkpt lat="48.5299160" lon="36.0684793">
        <ele>127.6</ele>
        <time>2026-04-18T13:54:40Z</time>
        <extensions>
          <speed>0.07</speed>
        </extensions>
      </trkpt>
      <trkpt lat="48.5299142" lon="36.0684793">
        <ele>127.6</ele>
        <time>2026-04-18T13:54:41Z</time>
        <extensions>
          <speed>0.37</speed>
          <course>233.1</course>
        </extensions>
      </trkpt>
      <trkpt lat="48.5299123" lon="36.0684788">
        <ele>127.6</ele>
        <time>2026-04-18T13:54:41Z</time>
        <extensions>
          <speed>0.99</speed>
          <course>196.3</course>
        </extensions>
      </trkpt>
      <trkpt lat="48.5299115" lon="36.0684778">
        <ele>127.6</ele>
        <time>2026-04-18T13:54:41Z</time>
        <extensions>
          <speed>0.94</speed>
          <course>200.4</course>
        </extensions>
      </trkpt>
      <trkpt lat="48.5299117" lon="36.0684775">
        <ele>127.7</ele>
        <time>2026-04-18T13:54:41Z</time>
        <extensions>
          <speed>0.56</speed>
          <course>203.6</course>
        </extensions>
      </trkpt>
      <trkpt lat="48.5299112" lon="36.0684770">
        <ele>127.7</ele>
        <time>2026-04-18T13:54:41Z</time>
        <extensions>
          <speed>0.53</speed>
          <course>206.8</course>
        </extensions>
      </trkpt>
      <trkpt lat="48.5299108" lon="36.0684767">
        <ele>127.7</ele>
        <time>2026-04-18T13:54:41Z</time>
        <extensions>
          <speed>0.44</speed>
          <course>215.8</course>
        </extensions>
      </trkpt>
      <trkpt lat="48.5299105" lon="36.0684755">
        <ele>127.7</ele>
        <time>2026-04-18T13:54:41Z</time>
        <extensions>
          <speed>0.72</speed>
          <course>242.8</course>
        </extensions>
      </trkpt>
      <trkpt lat="48.5299102" lon="36.0684747">
        <ele>127.6</ele>
        <time>2026-04-18T13:54:42Z</time>
        <extensions>
          <speed>0.75</speed>
          <course>244.8</course>
        </extensions>
      </trkpt>
      <trkpt lat="48.5299110" lon="36.0684738">
        <ele>127.5</ele>
        <time>2026-04-18T13:54:42Z</time>
        <extensions>
          <speed>0.41</speed>
          <course>276.5</course>
        </extensions>
      </trkpt>
      <trkpt lat="48.5299108" lon="36.0684730">
        <ele>127.5</ele>
        <time>2026-04-18T13:54:42Z</time>
        <extensions>
          <speed>0.39</speed>
          <course>270.0</course>
        </extensions>
      </trkpt>
      <trkpt lat="48.5299113" lon="36.0684742">
        <ele>127.3</ele>
        <time>2026-04-18T13:54:42Z</time>
        <extensions>
          <speed>0.42</speed>
          <course>344.3</course>
        </extensions>
      </trkpt>
      <trkpt lat="48.5299115" lon="36.0684737">
        <ele>127.2</ele>
        <time>2026-04-18T13:54:42Z</time>
        <extensions>
          <speed>0.24</speed>
          <course>341.9</course>
        </extensions>
      </trkpt>
      <trkpt lat="48.5299118" lon="36.0684743">
        <ele>127.1</ele>
        <time>2026-04-18T13:54:42Z</time>
        <extensions>
          <speed>0.27</speed>
          <course>23.8</course>
        </extensions>
      </trkpt>
      <trkpt lat="48.5299123" lon="36.0684737">
        <ele>127.0</ele>
        <time>2026-04-18T13:54:42Z</time>
        <extensions>
          <speed>0.39</speed>
          <course>352.0</course>
        </extensions>
      </trkpt>
      <trkpt lat="48.5299125" lon="36.0684727">
        <ele>126.9</ele>
        <time>2026-04-18T13:54:42Z</time>
        <extensions>
          <speed>0.63</speed>
          <course>303.6</course>
        </extensions>
      </trkpt>
      <trkpt lat="48.5299130" lon="36.0684725">
        <ele>126.8</ele>
        <time>2026-04-18T13:54:43Z</time>
        <extensions>
          <speed>0.40</speed>
          <course>310.9</course>
        </extensions>
      </trkpt>
      <trkpt lat="48.5299140" lon="36.0684735">
        <ele>126.7</ele>
        <time>2026-04-18T13:54:43Z</time>
        <extensions>
          <speed>0.62</speed>
          <course>21.3</course>
        </extensions>
      </trkpt>
      <trkpt lat="48.5299138" lon="36.0684730">
        <ele>126.5</ele>
        <time>2026-04-18T13:54:43Z</time>
        <extensions>
          <speed>0.08</speed>
        </extensions>
      </trkpt>
      <trkpt lat="48.5299145" lon="36.0684727">
        <ele>126.5</ele>
        <time>2026-04-18T13:54:43Z</time>
        <extensions>
          <speed>0.45</speed>
          <course>15.3</course>
        </extensions>
      </trkpt>
      <trkpt lat="48.5299147" lon="36.0684722">
        <ele>126.4</ele>
        <time>2026-04-18T13:54:43Z</time>
        <extensions>
          <speed>0.32</speed>
          <course>352.6</course>
        </extensions>
      </trkpt>
      <trkpt lat="48.5299153" lon="36.0684718">
        <ele>126.2</ele>
        <time>2026-04-18T13:54:43Z</time>
        <extensions>
          <speed>0.42</speed>
          <course>335.9</course>
        </extensions>
      </trkpt>
      <trkpt lat="48.5299158" lon="36.0684707">
        <ele>126.3</ele>
        <time>2026-04-18T13:54:43Z</time>
        <extensions>
          <speed>0.71</speed>
          <course>339.4</course>
        </extensions>
      </trkpt>
      <trkpt lat="48.5299162" lon="36.0684698">
        <ele>126.3</ele>
        <time>2026-04-18T13:54:43Z</time>
        <extensions>
          <speed>0.50</speed>
          <course>336.2</course>
        </extensions>
      </trkpt>
      <trkpt lat="48.5299168" lon="36.0684693">
        <ele>126.2</ele>
        <time>2026-04-18T13:54:43Z</time>
        <extensions>
          <speed>0.59</speed>
          <course>339.9</course>
        </extensions>
      </trkpt>
      <trkpt lat="48.5299170" lon="36.0684690">
        <ele>126.2</ele>
        <time>2026-04-18T13:54:44Z</time>
        <extensions>
          <speed>0.32</speed>
          <course>344.6</course>
        </extensions>
      </trkpt>
      <trkpt lat="48.5299173" lon="36.0684683">
        <ele>126.2</ele>
        <time>2026-04-18T13:54:44Z</time>
        <extensions>
          <speed>0.41</speed>
          <course>329.6</course>
        </extensions>
      </trkpt>
      <trkpt lat="48.5299178" lon="36.0684680">
        <ele>126.1</ele>
        <time>2026-04-18T13:54:44Z</time>
        <extensions>
          <speed>0.51</speed>
          <course>331.0</course>
        </extensions>
      </trkpt>
      <trkpt lat="48.5299182" lon="36.0684670">
        <ele>126.1</ele>
        <time>2026-04-18T13:54:44Z</time>
        <extensions>
          <speed>0.48</speed>
          <course>324.4</course>
        </extensions>
      </trkpt>
      <trkpt lat="48.5299183" lon="36.0684663">
        <ele>126.0</ele>
        <time>2026-04-18T13:54:44Z</time>
        <extensions>
          <speed>0.35</speed>
          <course>314.7</course>
        </extensions>
      </trkpt>
      <trkpt lat="48.5299187" lon="36.0684657">
        <ele>126.0</ele>
        <time>2026-04-18T13:54:44Z</time>
        <extensions>
          <speed>0.44</speed>
          <course>314.6</course>
        </extensions>
      </trkpt>
      <trkpt lat="48.5299188" lon="36.0684655">
        <ele>126.0</ele>
        <time>2026-04-18T13:54:44Z</time>
        <extensions>
          <speed>0.15</speed>
        </extensions>
      </trkpt>
      <trkpt lat="48.5299190" lon="36.0684640">
        <ele>125.9</ele>
        <time>2026-04-18T13:54:44Z</time>
        <extensions>
          <speed>0.20</speed>
          <course>4.1</course>
        </extensions>
      </trkpt>
      <trkpt lat="48.5299200" lon="36.0684630">
        <ele>125.8</ele>
        <time>2026-04-18T13:54:45Z</time>
        <extensions>
          <speed>0.16</speed>
          <course>11.3</course>
        </extensions>
      </trkpt>
      <trkpt lat="48.5299198" lon="36.0684625">
        <ele>125.8</ele>
        <time>2026-04-18T13:54:45Z</time>
        <extensions>
          <speed>0.08</speed>
        </extensions>
      </trkpt>
      <trkpt lat="48.5299197" lon="36.0684622">
        <ele>125.8</ele>
        <time>2026-04-18T13:54:45Z</time>
        <extensions>
          <speed>0.06</speed>
        </extensions>
      </trkpt>
      <trkpt lat="48.5299198" lon="36.0684615">
        <ele>125.8</ele>
        <time>2026-04-18T13:54:45Z</time>
        <extensions>
          <speed>0.08</speed>
        </extensions>
      </trkpt>
      <trkpt lat="48.5299197" lon="36.0684607">
        <ele>125.9</ele>
        <time>2026-04-18T13:54:45Z</time>
        <extensions>
          <speed>0.07</speed>
        </extensions>
      </trkpt>
      <trkpt lat="48.5299193" lon="36.0684600">
        <ele>125.9</ele>
        <time>2026-04-18T13:54:46Z</time>
        <extensions>
          <speed>0.12</speed>
        </extensions>
      </trkpt>
      <trkpt lat="48.5299192" lon="36.0684588">
        <ele>125.9</ele>
        <time>2026-04-18T13:54:46Z</time>
        <extensions>
          <speed>0.07</speed>
        </extensions>
      </trkpt>
      <trkpt lat="48.5299190" lon="36.0684580">
        <ele>126.0</ele>
        <time>2026-04-18T13:54:46Z</time>
        <extensions>
          <speed>0.15</speed>
          <course>61.5</course>
        </extensions>
      </trkpt>
      <trkpt lat="48.5299192" lon="36.0684575">
        <ele>126.0</ele>
        <time>2026-04-18T13:54:46Z</time>
        <extensions>
          <speed>0.10</speed>
        </extensions>
      </trkpt>
      <trkpt lat="48.5299193" lon="36.0684572">
        <ele>126.0</ele>
        <time>2026-04-18T13:54:46Z</time>
        <extensions>
          <speed>0.22</speed>
          <course>14.9</course>
        </extensions>
      </trkpt>
      <trkpt lat="48.5299197" lon="36.0684568">
        <ele>126.1</ele>
        <time>2026-04-18T13:54:46Z</time>
        <extensions>
          <speed>0.13</speed>
        </extensions>
      </trkpt>
      <trkpt lat="48.5299195" lon="36.0684565">
        <ele>126.1</ele>
        <time>2026-04-18T13:54:47Z</time>
        <extensions>
          <speed>0.09</speed>
        </extensions>
      </trkpt>
      <trkpt lat="48.5299197" lon="36.0684563">
        <ele>126.1</ele>
        <time>2026-04-18T13:54:47Z</time>
        <extensions>
          <speed>0.15</speed>
        </extensions>
      </trkpt>
      <trkpt lat="48.5299202" lon="36.0684558">
        <ele>126.2</ele>
        <time>2026-04-18T13:54:47Z</time>
        <extensions>
          <speed>0.12</speed>
        </extensions>
      </trkpt>
      <trkpt lat="48.5299203" lon="36.0684543">
        <ele>126.1</ele>
        <time>2026-04-18T13:54:47Z</time>
        <extensions>
          <speed>0.21</speed>
        </extensions>
      </trkpt>
      <trkpt lat="48.5299205" lon="36.0684537">
        <ele>126.2</ele>
        <time>2026-04-18T13:54:47Z</time>
        <extensions>
          <speed>0.22</speed>
        </extensions>
      </trkpt>
      <trkpt lat="48.5299203" lon="36.0684527">
        <ele>126.2</ele>
        <time>2026-04-18T13:54:48Z</time>
        <extensions>
          <speed>0.02</speed>
        </extensions>
      </trkpt>
      <trkpt lat="48.5299207" lon="36.0684520">
        <ele>126.3</ele>
        <time>2026-04-18T13:54:48Z</time>
        <extensions>
          <speed>0.22</speed>
          <course>342.1</course>
        </extensions>
      </trkpt>
      <trkpt lat="48.5299208" lon="36.0684512">
        <ele>126.3</ele>
        <time>2026-04-18T13:54:48Z</time>
        <extensions>
          <speed>0.29</speed>
          <course>328.1</course>
        </extensions>
      </trkpt>
      <trkpt lat="48.5299213" lon="36.0684507">
        <ele>126.3</ele>
        <time>2026-04-18T13:54:48Z</time>
        <extensions>
          <speed>0.42</speed>
          <course>344.5</course>
        </extensions>
      </trkpt>
      <trkpt lat="48.5299217" lon="36.0684503">
        <ele>126.2</ele>
        <time>2026-04-18T13:54:48Z</time>
        <extensions>
          <speed>0.14</speed>
        </extensions>
      </trkpt>
      <trkpt lat="48.5299223" lon="36.0684498">
        <ele>126.3</ele>
        <time>2026-04-18T13:54:48Z</time>
        <extensions>
          <speed>0.48</speed>
          <course>27.9</course>
        </extensions>
      </trkpt>
      <trkpt lat="48.5299228" lon="36.0684500">
        <ele>126.3</ele>
        <time>2026-04-18T13:54:49Z</time>
        <extensions>
          <speed>0.43</speed>
          <course>33.6</course>
        </extensions>
      </trkpt>
      <trkpt lat="48.5299232" lon="36.0684505">
        <ele>126.3</ele>
        <time>2026-04-18T13:54:49Z</time>
        <extensions>
          <speed>0.31</speed>
          <course>38.9</course>
        </extensions>
      </trkpt>
      <trkpt lat="48.5299242" lon="36.0684502">
        <ele>126.4</ele>
        <time>2026-04-18T13:54:49Z</time>
        <extensions>
          <speed>0.24</speed>
          <course>24.3</course>
        </extensions>
      </trkpt>
      <trkpt lat="48.5299237" lon="36.0684508">
        <ele>126.3</ele>
        <time>2026-04-18T13:54:49Z</time>
        <extensions>
          <speed>0.54</speed>
          <course>123.4</course>
        </extensions>
      </trkpt>
      <trkpt lat="48.5299238" lon="36.0684512">
        <ele>126.3</ele>
        <time>2026-04-18T13:54:49Z</time>
        <extensions>
          <speed>0.39</speed>
          <course>114.5</course>
        </extensions>
      </trkpt>
      <trkpt lat="48.5299243" lon="36.0684510">
        <ele>126.3</ele>
        <time>2026-04-18T13:54:49Z</time>
        <extensions>
          <speed>0.17</speed>
        </extensions>
      </trkpt>
      <trkpt lat="48.5299250" lon="36.0684508">
        <ele>126.3</ele>
        <time>2026-04-18T13:54:50Z</time>
        <extensions>
          <speed>0.50</speed>
          <course>32.3</course>
        </extensions>
      </trkpt>
      <trkpt lat="48.5299253" lon="36.0684503">
        <ele>126.4</ele>
        <time>2026-04-18T13:54:50Z</time>
        <extensions>
          <speed>0.46</speed>
          <course>17.9</course>
        </extensions>
      </trkpt>
      <trkpt lat="48.5299260" lon="36.0684507">
        <ele>126.4</ele>
        <time>2026-04-18T13:54:50Z</time>
        <extensions>
          <speed>0.44</speed>
          <course>32.0</course>
        </extensions>
      </trkpt>
      <trkpt lat="48.5299258" lon="36.0684510">
        <ele>126.4</ele>
        <time>2026-04-18T13:54:50Z</time>
        <extensions>
          <speed>0.34</speed>
          <course>48.5</course>
        </extensions>
      </trkpt>
      <trkpt lat="48.5299252" lon="36.0684500">
        <ele>126.4</ele>
        <time>2026-04-18T13:54:50Z</time>
        <extensions>
          <speed>0.50</speed>
          <course>161.3</course>
        </extensions>
      </trkpt>
      <trkpt lat="48.5299248" lon="36.0684497">
        <ele>126.4</ele>
        <time>2026-04-18T13:54:50Z</time>
        <extensions>
          <speed>0.49</speed>
          <course>176.2</course>
        </extensions>
      </trkpt>
      <trkpt lat="48.5299245" lon="36.0684497">
        <ele>126.4</ele>
        <time>2026-04-18T13:54:50Z</time>
        <extensions>
          <speed>0.16</speed>
        </extensions>
      </trkpt>
      <trkpt lat="48.5299243" lon="36.0684493">
        <ele>126.5</ele>
        <time>2026-04-18T13:54:51Z</time>
        <extensions>
          <speed>0.20</speed>
        </extensions>
      </trkpt>
      <trkpt lat="48.5299240" lon="36.0684495">
        <ele>126.5</ele>
        <time>2026-04-18T13:54:51Z</time>
        <extensions>
          <speed>0.24</speed>
        </extensions>
      </trkpt>
      <trkpt lat="48.5299242" lon="36.0684488">
        <ele>126.5</ele>
        <time>2026-04-18T13:54:51Z</time>
        <extensions>
          <speed>0.08</speed>
        </extensions>
      </trkpt>
      <trkpt lat="48.5299245" lon="36.0684487">
        <ele>126.6</ele>
        <time>2026-04-18T13:54:51Z</time>
        <extensions>
          <speed>0.02</speed>
        </extensions>
      </trkpt>
      <trkpt lat="48.5299248" lon="36.0684483">
        <ele>126.6</ele>
        <time>2026-04-18T13:54:51Z</time>
        <extensions>
          <speed>0.06</speed>
        </extensions>
      </trkpt>
      <trkpt lat="48.5299248" lon="36.0684478">
        <ele>126.7</ele>
        <time>2026-04-18T13:54:51Z</time>
        <extensions>
          <speed>0.03</speed>
        </extensions>
      </trkpt>
      <trkpt lat="48.5299250" lon="36.0684475">
        <ele>126.8</ele>
        <time>2026-04-18T13:54:51Z</time>
        <extensions>
          <speed>0.03</speed>
        </extensions>
      </trkpt>
      <trkpt lat="48.5299248" lon="36.0684472">
        <ele>126.8</ele>
        <time>2026-04-18T13:54:52Z</time>
        <extensions>
          <speed>0.12</speed>
        </extensions>
      </trkpt>
      <trkpt lat="48.5299243" lon="36.0684465">
        <ele>126.8</ele>
        <time>2026-04-18T13:54:52Z</time>
        <extensions>
          <speed>0.41</speed>
          <course>180.5</course>
        </extensions>
      </trkpt>
      <trkpt lat="48.5299237" lon="36.0684458">
        <ele>126.7</ele>
        <time>2026-04-18T13:54:52Z</time>
        <extensions>
          <speed>0.40</speed>
          <course>191.1</course>
        </extensions>
      </trkpt>
      <trkpt lat="48.5299232" lon="36.0684457">
        <ele>126.7</ele>
        <time>2026-04-18T13:54:52Z</time>
        <extensions>
          <speed>0.37</speed>
          <course>185.0</course>
        </extensions>
      </trkpt>
      <trkpt lat="48.5299225" lon="36.0684453">
        <ele>126.7</ele>
        <time>2026-04-18T13:54:52Z</time>
        <extensions>
          <speed>0.45</speed>
          <course>183.2</course>
        </extensions>
      </trkpt>
      <trkpt lat="48.5299222" lon="36.0684450">
        <ele>126.8</ele>
        <time>2026-04-18T13:54:52Z</time>
        <extensions>
          <speed>0.34</speed>
        </extensions>
      </trkpt>
      <trkpt lat="48.5299220" lon="36.0684442">
        <ele>126.9</ele>
        <time>2026-04-18T13:54:52Z</time>
        <extensions>
          <speed>0.31</speed>
        </extensions>
      </trkpt>
      <trkpt lat="48.5299218" lon="36.0684427">
        <ele>126.9</ele>
        <time>2026-04-18T13:54:52Z</time>
        <extensions>
          <speed>0.53</speed>
          <course>217.4</course>
        </extensions>
      </trkpt>
      <trkpt lat="48.5299217" lon="36.0684405">
        <ele>127.1</ele>
        <time>2026-04-18T13:54:53Z</time>
        <extensions>
          <speed>0.62</speed>
          <course>264.4</course>
        </extensions>
      </trkpt>
      <trkpt lat="48.5299218" lon="36.0684390">
        <ele>127.1</ele>
        <time>2026-04-18T13:54:53Z</time>
        <extensions>
          <speed>0.76</speed>
          <course>273.7</course>
        </extensions>
      </trkpt>
      <trkpt lat="48.5299217" lon="36.0684387">
        <ele>127.2</ele>
        <time>2026-04-18T13:54:53Z</time>
        <extensions>
          <speed>0.50</speed>
          <course>275.3</course>
        </extensions>
      </trkpt>
      <trkpt lat="48.5299215" lon="36.0684383">
        <ele>127.2</ele>
        <time>2026-04-18T13:54:53Z</time>
        <extensions>
          <speed>0.41</speed>
        </extensions>
      </trkpt>
      <trkpt lat="48.5299220" lon="36.0684382">
        <ele>127.1</ele>
        <time>2026-04-18T13:54:53Z</time>
        <extensions>
          <speed>0.15</speed>
        </extensions>
      </trkpt>
      <trkpt lat="48.5299218" lon="36.0684380">
        <ele>127.2</ele>
        <time>2026-04-18T13:54:53Z</time>
        <extensions>
          <speed>0.09</speed>
        </extensions>
      </trkpt>
      <trkpt lat="48.5299220" lon="36.0684377">
        <ele>127.0</ele>
        <time>2026-04-18T13:54:53Z</time>
        <extensions>
          <speed>0.09</speed>
        </extensions>
      </trkpt>
      <trkpt lat="48.5299215" lon="36.0684368">
        <ele>127.0</ele>
        <time>2026-04-18T13:54:54Z</time>
        <extensions>
          <speed>0.34</speed>
          <course>308.8</course>
        </extensions>
      </trkpt>
      <trkpt lat="48.5299210" lon="36.0684363">
        <ele>127.0</ele>
        <time>2026-04-18T13:54:54Z</time>
        <extensions>
          <speed>0.43</speed>
          <course>227.0</course>
        </extensions>
      </trkpt>
      <trkpt lat="48.5299208" lon="36.0684360">
        <ele>127.0</ele>
        <time>2026-04-18T13:54:54Z</time>
        <extensions>
          <speed>0.48</speed>
          <course>206.5</course>
        </extensions>
      </trkpt>
      <trkpt lat="48.5299198" lon="36.0684347">
        <ele>127.0</ele>
        <time>2026-04-18T13:54:54Z</time>
        <extensions>
          <speed>1.16</speed>
          <course>209.7</course>
        </extensions>
      </trkpt>
      <trkpt lat="48.5299193" lon="36.0684337">
        <ele>127.1</ele>
        <time>2026-04-18T13:54:54Z</time>
        <extensions>
          <speed>0.97</speed>
          <course>214.9</course>
        </extensions>
      </trkpt>
      <trkpt lat="48.5299190" lon="36.0684332">
        <ele>127.3</ele>
        <time>2026-04-18T13:54:54Z</time>
        <extensions>
          <speed>0.80</speed>
          <course>219.7</course>
        </extensions>
      </trkpt>
      <trkpt lat="48.5299192" lon="36.0684333">
        <ele>127.5</ele>
        <time>2026-04-18T13:54:54Z</time>
        <extensions>
          <speed>0.38</speed>
          <course>220.5</course>
        </extensions>
      </trkpt>
      <trkpt lat="48.5299193" lon="36.0684322">
        <ele>127.6</ele>
        <time>2026-04-18T13:54:54Z</time>
        <extensions>
          <speed>0.64</speed>
          <course>248.3</course>
        </extensions>
      </trkpt>
      <trkpt lat="48.5299190" lon="36.0684317">
        <ele>127.6</ele>
        <time>2026-04-18T13:54:54Z</time>
        <extensions>
          <speed>0.38</speed>
          <course>237.8</course>
        </extensions>
      </trkpt>
      <trkpt lat="48.5299185" lon="36.0684313">
        <ele>127.4</ele>
        <time>2026-04-18T13:54:54Z</time>
        <extensions>
          <speed>0.41</speed>
          <course>189.9</course>
        </extensions>
      </trkpt>
      <trkpt lat="48.5299180" lon="36.0684310">
        <ele>127.6</ele>
        <time>2026-04-18T13:54:55Z</time>
        <extensions>
          <speed>0.31</speed>
          <course>184.5</course>
        </extensions>
      </trkpt>
      <trkpt lat="48.5299172" lon="36.0684303">
        <ele>127.3</ele>
        <time>2026-04-18T13:54:55Z</time>
        <extensions>
          <speed>0.47</speed>
          <course>176.8</course>
        </extensions>
      </trkpt>
      <trkpt lat="48.5299162" lon="36.0684307">
        <ele>127.3</ele>
        <time>2026-04-18T13:54:55Z</time>
        <extensions>
          <speed>0.90</speed>
          <course>161.2</course>
        </extensions>
      </trkpt>
      <trkpt lat="48.5299153" lon="36.0684305">
        <ele>127.4</ele>
        <time>2026-04-18T13:54:55Z</time>
        <extensions>
          <speed>0.92</speed>
          <course>168.6</course>
        </extensions>
      </trkpt>
      <trkpt lat="48.5299145" lon="36.0684300">
        <ele>127.5</ele>
        <time>2026-04-18T13:54:55Z</time>
        <extensions>
          <speed>0.84</speed>
          <course>177.9</course>
        </extensions>
      </trkpt>
      <trkpt lat="48.5299143" lon="36.0684297">
        <ele>127.4</ele>
        <time>2026-04-18T13:54:55Z</time>
        <extensions>
          <speed>0.40</speed>
          <course>180.4</course>
        </extensions>
      </trkpt>
      <trkpt lat="48.5299140" lon="36.0684295">
        <ele>127.5</ele>
        <time>2026-04-18T13:54:55Z</time>
        <extensions>
          <speed>0.38</speed>
          <course>178.3</course>
        </extensions>
      </trkpt>
      <trkpt lat="48.5299135" lon="36.0684288">
        <ele>127.6</ele>
        <time>2026-04-18T13:54:55Z</time>
        <extensions>
          <speed>0.53</speed>
          <course>200.4</course>
        </extensions>
      </trkpt>
    </trkseg>
  </trk>
</gpx>