<?xml version="1.0" encoding="UTF-8"?>
<gpx version="1.1" creator="Trackify" xmlns="http://www.topografix.com/GPX/1/1">
  <trk>
    <name>log_000.txt</name>
    <trkseg>
      <trkpt lat="48.5359577" lon="36.0524285">
        <ele>120.1</ele>
        <time>2026-04-18T13:47:02Z</time>
        <extensions>
          <speed>0.04</speed>
        </extensions>
      </trkpt>
      <trkpt lat="48.5359568" lon="36.0524280">
        <ele>120.1</ele>
        <time>2026-04-18T13:47:03Z</time>
        <extensions>
          <speed>0.06</speed>
        </extensions>
      </trkpt>
      <trkpt lat="48.5359568" lon="36.0524280">
        <ele>120.1</ele>
        <time>2026-04-18T13:47:04Z</time>
        <extensions>
          <speed>0.03</speed>
        </extensions>
      </trkpt>
      <trkpt lat="48.5359563" lon="36.0524278">
        <ele>120.1</ele>
        <time>2026-04-18T13:47:04Z</time>
        <extensions>
          <speed>0.27</speed>
          <course>206.7</course>
        </extensions>
      </trkpt>
      <trkpt lat="48.5359555" lon="36.0524267">
        <ele>120.0</ele>
        <time>2026-04-18T13:47:04Z</time>
        <extensions>
          <speed>1.02</speed>
          <course>222.3</course>
        </extensions>
      </trkpt>
      <trkpt lat="48.5359553" lon="36.0524263">
        <ele>120.0</ele>
        <time>2026-04-18T13:47:04Z</time>
        <extensions>
          <speed>0.08</speed>
        </extensions>
      </trkpt>
      <trkpt lat="48.5359555" lon="36.0524267">
        <ele>120.0</ele>
        <time>2026-04-18T13:47:04Z</time>
        <extensions>
          <speed>0.10</speed>
        </extensions>
      </trkpt>
      <trkpt lat="48.5359557" lon="36.0524272">
        <ele>120.0</ele>
        <time>2026-04-18T13:47:04Z</time>
        <extensions>
          <speed>0.13</speed>
          <course>290.9</course>
        </extensions>
      </trkpt>
      <trkpt lat="48.5359558" lon="36.0524275">
        <ele>120.0</ele>
        <time>2026-04-18T13:47:05Z</time>
        <extensions>
          <speed>0.26</speed>
          <course>35.2</course>
        </extensions>
      </trkpt>
      <trkpt lat="48.5359563" lon="36.0524280">
        <ele>119.9</ele>
        <time>2026-04-18T13:47:05Z</time>
        <extensions>
          <speed>0.13</speed>
          <course>43.8</course>
        </extensions>
      </trkpt>
      <trkpt lat="48.5359560" lon="36.0524278">
        <ele>120.0</ele>
        <time>2026-04-18T13:47:05Z</time>
        <extensions>
          <speed>0.05</speed>
        </extensions>
      </trkpt>
      <trkpt lat="48.5359560" lon="36.0524272">
        <ele>120.0</ele>
        <time>2026-04-18T13:47:06Z</time>
        <extensions>
          <speed>0.09</speed>
        </extensions>
      </trkpt>
      <trkpt lat="48.5359558" lon="36.0524270">
        <ele>120.0</ele>
        <time>2026-04-18T13:47:06Z</time>
        <extensions>
          <speed>0.05</speed>
        </extensions>
      </trkpt>
      <trkpt lat="48.5359557" lon="36.0524268">
        <ele>120.0</ele>
        <time>2026-04-18T13:47:06Z</time>
        <extensions>
          <speed>0.06</speed>
        </extensions>
      </trkpt>
      <trkpt lat="48.5359552" lon="36.0524267">
        <ele>120.0</ele>
        <time>2026-04-18T13:47:07Z</time>
        <extensions>
          <speed>0.03</speed>
        </extensions>
      </trkpt>
      <trkpt lat="48.5359550" lon="36.0524262">
        <ele>120.0</ele>
        <time>2026-04-18T13:47:08Z</time>
        <extensions>
          <speed>0.06</speed>
        </extensions>
      </trkpt>
      <trkpt lat="48.5359552" lon="36.0524258">
        <ele>120.0</ele>
        <time>2026-04-18T13:47:08Z</time>
        <extensions>
          <speed>0.08</speed>
        </extensions>
      </trkpt>
      <trkpt lat="48.5359552" lon="36.0524258">
        <ele>119.9</ele>
        <time>2026-04-18T13:47:09Z</time>
        <extensions>
          <speed>0.04</speed>
        </extensions>
      </trkpt>
      <trkpt lat="48.5359548" lon="36.0524260">
        <ele>119.9</ele>
        <time>2026-04-18T13:47:09Z</time>
        <extensions>
          <speed>0.25</speed>
          <course>96.3</course>
        </extensions>
      </trkpt>
      <trkpt lat="48.5359552" lon="36.0524262">
        <ele>119.8</ele>
        <time>2026-04-18T13:47:10Z</time>
        <extensions>
          <speed>0.39</speed>
          <course>51.2</course>
        </extensions>
      </trkpt>
      <trkpt lat="48.5359563" lon="36.0524272">
        <ele>119.8</ele>
        <time>2026-04-18T13:47:10Z</time>
        <extensions>
          <speed>1.17</speed>
          <course>36.8</course>
        </extensions>
      </trkpt>
      <trkpt lat="48.5359567" lon="36.0524278">
        <ele>119.8</ele>
        <time>2026-04-18T13:47:10Z</time>
        <extensions>
          <speed>0.73</speed>
          <course>37.6</course>
        </extensions>
      </trkpt>
      <trkpt lat="48.5359580" lon="36.0524278">
        <ele>119.8</ele>
        <time>2026-04-18T13:47:10Z</time>
        <extensions>
          <speed>0.47</speed>
          <course>10.6</course>
        </extensions>
      </trkpt>
      <trkpt lat="48.5359597" lon="36.0524273">
        <ele>119.8</ele>
        <time>2026-04-18T13:47:10Z</time>
        <extensions>
          <speed>1.12</speed>
          <course>359.3</course>
        </extensions>
      </trkpt>
      <trkpt lat="48.5359603" lon="36.0524265">
        <ele>119.8</ele>
        <time>2026-04-18T13:47:10Z</time>
        <extensions>
          <speed>1.01</speed>
          <course>349.7</course>
        </extensions>
      </trkpt>
      <trkpt lat="48.5359618" lon="36.0524257">
        <ele>119.8</ele>
        <time>2026-04-18T13:47:10Z</time>
        <extensions>
          <speed>1.35</speed>
          <course>343.1</course>
        </extensions>
      </trkpt>
      <trkpt lat="48.5359623" lon="36.0524255">
        <ele>119.8</ele>
        <time>2026-04-18T13:47:11Z</time>
        <extensions>
          <speed>1.10</speed>
          <course>343.3</course>
        </extensions>
      </trkpt>
      <trkpt lat="48.5359627" lon="36.0524263">
        <ele>119.8</ele>
        <time>2026-04-18T13:47:11Z</time>
        <extensions>
          <speed>0.84</speed>
          <course>352.4</course>
        </extensions>
      </trkpt>
      <trkpt lat="48.5359615" lon="36.0524265">
        <ele>119.8</ele>
        <time>2026-04-18T13:47:11Z</time>
        <extensions>
          <speed>0.04</speed>
        </extensions>
      </trkpt>
      <trkpt lat="48.5359605" lon="36.0524262">
        <ele>119.7</ele>
        <time>2026-04-18T13:47:11Z</time>
        <extensions>
          <speed>0.52</speed>
          <course>310.6</course>
        </extensions>
      </trkpt>
      <trkpt lat="48.5359603" lon="36.0524250">
        <ele>119.7</ele>
        <time>2026-04-18T13:47:11Z</time>
        <extensions>
          <speed>0.57</speed>
          <course>264.0</course>
        </extensions>
      </trkpt>
      <trkpt lat="48.5359597" lon="36.0524248">
        <ele>119.6</ele>
        <time>2026-04-18T13:47:11Z</time>
        <extensions>
          <speed>0.51</speed>
          <course>243.8</course>
        </extensions>
      </trkpt>
      <trkpt lat="48.5359592" lon="36.0524247">
        <ele>119.5</ele>
        <time>2026-04-18T13:47:11Z</time>
        <extensions>
          <speed>0.50</speed>
          <course>216.4</course>
        </extensions>
      </trkpt>
      <trkpt lat="48.5359588" lon="36.0524235">
        <ele>119.5</ele>
        <time>2026-04-18T13:47:11Z</time>
        <extensions>
          <speed>0.71</speed>
          <course>220.1</course>
        </extensions>
      </trkpt>
      <trkpt lat="48.5359592" lon="36.0524230">
        <ele>119.6</ele>
        <time>2026-04-18T13:47:11Z</time>
        <extensions>
          <speed>0.42</speed>
        </extensions>
      </trkpt>
      <trkpt lat="48.5359600" lon="36.0524220">
        <ele>119.6</ele>
        <time>2026-04-18T13:47:11Z</time>
        <extensions>
          <speed>0.63</speed>
          <course>277.5</course>
        </extensions>
      </trkpt>
      <trkpt lat="48.5359603" lon="36.0524210">
        <ele>119.5</ele>
        <time>2026-04-18T13:47:12Z</time>
        <extensions>
          <speed>0.28</speed>
        </extensions>
      </trkpt>
      <trkpt lat="48.5359597" lon="36.0524203">
        <ele>119.4</ele>
        <time>2026-04-18T13:47:12Z</time>
        <extensions>
          <speed>0.33</speed>
        </extensions>
      </trkpt>
      <trkpt lat="48.5359590" lon="36.0524215">
        <ele>119.5</ele>
        <time>2026-04-18T13:47:12Z</time>
        <extensions>
          <speed>0.31</speed>
          <course>241.3</course>
        </extensions>
      </trkpt>
      <trkpt lat="48.5359597" lon="36.0524208">
        <ele>119.4</ele>
        <time>2026-04-18T13:47:12Z</time>
        <extensions>
          <speed>0.19</speed>
        </extensions>
      </trkpt>
      <trkpt lat="48.5359603" lon="36.0524197">
        <ele>119.3</ele>
        <time>2026-04-18T13:47:12Z</time>
        <extensions>
          <speed>0.42</speed>
          <course>328.6</course>
        </extensions>
      </trkpt>
      <trkpt lat="48.5359595" lon="36.0524213">
        <ele>119.6</ele>
        <time>2026-04-18T13:47:12Z</time>
        <extensions>
          <speed>0.19</speed>
        </extensions>
      </trkpt>
      <trkpt lat="48.5359595" lon="36.0524213">
        <ele>119.6</ele>
        <time>2026-04-18T13:47:13Z</time>
        <extensions>
          <speed>0.04</speed>
        </extensions>
      </trkpt>
      <trkpt lat="48.5359597" lon="36.0524208">
        <ele>119.5</ele>
        <time>2026-04-18T13:47:13Z</time>
        <extensions>
          <speed>0.22</speed>
          <course>332.0</course>
        </extensions>
      </trkpt>
      <trkpt lat="48.5359598" lon="36.0524202">
        <ele>119.4</ele>
        <time>2026-04-18T13:47:13Z</time>
        <extensions>
          <speed>0.22</speed>
          <course>316.7</course>
        </extensions>
      </trkpt>
      <trkpt lat="48.5359593" lon="36.0524208">
        <ele>119.6</ele>
        <time>2026-04-18T13:47:13Z</time>
        <extensions>
          <speed>0.18</speed>
        </extensions>
      </trkpt>
      <trkpt lat="48.5359592" lon="36.0524205">
        <ele>119.6</ele>
        <time>2026-04-18T13:47:13Z</time>
        <extensions>
          <speed>0.05</speed>
        </extensions>
      </trkpt>
      <trkpt lat="48.5359592" lon="36.0524210">
        <ele>119.8</ele>
        <time>2026-04-18T13:47:14Z</time>
        <extensions>
          <speed>0.01</speed>
        </extensions>
      </trkpt>
      <trkpt lat="48.5359590" lon="36.0524217">
        <ele>119.9</ele>
        <time>2026-04-18T13:47:14Z</time>
        <extensions>
          <speed>0.01</speed>
        </extensions>
      </trkpt>
      <trkpt lat="48.5359588" lon="36.0524225">
        <ele>119.9</ele>
        <time>2026-04-18T13:47:14Z</time>
        <extensions>
          <speed>0.10</speed>
        </extensions>
      </trkpt>
      <trkpt lat="48.5359585" lon="36.0524230">
        <ele>119.9</ele>
        <time>2026-04-18T13:47:15Z</time>
        <extensions>
          <speed>0.15</speed>
          <course>88.0</course>
        </extensions>
      </trkpt>
      <trkpt lat="48.5359583" lon="36.0524232">
        <ele>119.9</ele>
        <time>2026-04-18T13:47:15Z</time>
        <extensions>
          <speed>0.06</speed>
        </extensions>
      </trkpt>
      <trkpt lat="48.5359582" lon="36.0524237">
        <ele>119.8</ele>
        <time>2026-04-18T13:47:15Z</time>
        <extensions>
          <speed>0.01</speed>
        </extensions>
      </trkpt>
      <trkpt lat="48.5359580" lon="36.0524240">
        <ele>119.8</ele>
        <time>2026-04-18T13:47:15Z</time>
        <extensions>
          <speed>0.01</speed>
        </extensions>
      </trkpt>
      <trkpt lat="48.5359578" lon="36.0524242">
        <ele>119.8</ele>
        <time>2026-04-18T13:47:15Z</time>
        <extensions>
          <speed>0.02</speed>
        </extensions>
      </trkpt>
      <trkpt lat="48.5359577" lon="36.0524247">
        <ele>119.8</ele>
        <time>2026-04-18T13:47:15Z</time>
        <extensions>
          <speed>0.01</speed>
        </extensions>
      </trkpt>
      <trkpt lat="48.5359575" lon="36.0524248">
        <ele>119.7</ele>
        <time>2026-04-18T13:47:15Z</time>
        <extensions>
          <speed>0.04</speed>
        </extensions>
      </trkpt>
      <trkpt lat="48.5359573" lon="36.0524250">
        <ele>119.7</ele>
        <time>2026-04-18T13:47:16Z</time>
        <extensions>
          <speed>0.04</speed>
        </extensions>
      </trkpt>
      <trkpt lat="48.5359572" lon="36.0524253">
        <ele>119.7</ele>
        <time>2026-04-18T13:47:16Z</time>
        <extensions>
          <speed>0.02</speed>
        </extensions>
      </trkpt>
      <trkpt lat="48.5359570" lon="36.0524255">
        <ele>119.6</ele>
        <time>2026-04-18T13:47:16Z</time>
        <extensions>
          <speed>0.01</speed>
        </extensions>
      </trkpt>
      <trkpt lat="48.5359568" lon="36.0524258">
        <ele>119.6</ele>
        <time>2026-04-18T13:47:16Z</time>
        <extensions>
          <speed>0.04</speed>
        </extensions>
      </trkpt>
      <trkpt lat="48.5359567" lon="36.0524265">
        <ele>119.6</ele>
        <time>2026-04-18T13:47:16Z</time>
        <extensions>
          <speed>0.03</speed>
        </extensions>
      </trkpt>
      <trkpt lat="48.5359565" lon="36.0524267">
        <ele>119.6</ele>
        <time>2026-04-18T13:47:16Z</time>
        <extensions>
          <speed>0.02</speed>
        </extensions>
      </trkpt>
      <trkpt lat="48.5359563" lon="36.0524270">
        <ele>119.5</ele>
        <time>2026-04-18T13:47:16Z</time>
        <extensions>
          <speed>0.05</speed>
        </extensions>
      </trkpt>
      <trkpt lat="48.5359562" lon="36.0524272">
        <ele>119.5</ele>
        <time>2026-04-18T13:47:16Z</time>
        <extensions>
          <speed>0.02</speed>
        </extensions>
      </trkpt>
      <trkpt lat="48.5359562" lon="36.0524273">
        <ele>119.5</ele>
        <time>2026-04-18T13:47:17Z</time>
        <extensions>
          <speed>0.04</speed>
        </extensions>
      </trkpt>
      <trkpt lat="48.5359560" lon="36.0524277">
        <ele>119.4</ele>
        <time>2026-04-18T13:47:17Z</time>
        <extensions>
          <speed>0.04</speed>
        </extensions>
      </trkpt>
      <trkpt lat="48.5359558" lon="36.0524282">
        <ele>119.4</ele>
        <time>2026-04-18T13:47:17Z</time>
        <extensions>
          <speed>0.05</speed>
        </extensions>
      </trkpt>
      <trkpt lat="48.5359557" lon="36.0524285">
        <ele>119.3</ele>
        <time>2026-04-18T13:47:17Z</time>
        <extensions>
          <speed>0.03</speed>
        </extensions>
      </trkpt>
      <trkpt lat="48.5359557" lon="36.0524285">
        <ele>119.3</ele>
        <time>2026-04-18T13:47:18Z</time>
        <extensions>
          <speed>0.01</speed>
        </extensions>
      </trkpt>
      <trkpt lat="48.5359555" lon="36.0524287">
        <ele>119.3</ele>
        <time>2026-04-18T13:47:18Z</time>
        <extensions>
          <speed>0.03</speed>
        </extensions>
      </trkpt>
      <trkpt lat="48.5359553" lon="36.0524290">
        <ele>119.3</ele>
        <time>2026-04-18T13:47:18Z</time>
        <extensions>
          <speed>0.06</speed>
        </extensions>
      </trkpt>
      <trkpt lat="48.5359552" lon="36.0524292">
        <ele>119.3</ele>
        <time>2026-04-18T13:47:18Z</time>
        <extensions>
          <speed>0.06</speed>
        </extensions>
      </trkpt>
      <trkpt lat="48.5359550" lon="36.0524295">
        <ele>119.3</ele>
        <time>2026-04-18T13:47:18Z</time>
        <extensions>
          <speed>0.03</speed>
        </extensions>
      </trkpt>
      <trkpt lat="48.5359548" lon="36.0524300">
        <ele>119.3</ele>
        <time>2026-04-18T13:47:19Z</time>
        <extensions>
          <speed>0.05</speed>
        </extensions>
      </trkpt>
      <trkpt lat="48.5359547" lon="36.0524303">
        <ele>119.4</ele>
        <time>2026-04-18T13:47:19Z</time>
        <extensions>
          <speed>0.02</speed>
        </extensions>
      </trkpt>
      <trkpt lat="48.5359545" lon="36.0524308">
        <ele>119.4</ele>
        <time>2026-04-18T13:47:19Z</time>
        <extensions>
          <speed>0.04</speed>
        </extensions>
      </trkpt>
      <trkpt lat="48.5359542" lon="36.0524315">
        <ele>119.3</ele>
        <time>2026-04-18T13:47:20Z</time>
        <extensions>
          <speed>0.03</speed>
        </extensions>
      </trkpt>
      <trkpt lat="48.5359540" lon="36.0524317">
        <ele>119.3</ele>
        <time>2026-04-18T13:47:20Z</time>
        <extensions>
          <speed>0.05</speed>
        </extensions>
      </trkpt>
      <trkpt lat="48.5359538" lon="36.0524320">
        <ele>119.3</ele>
        <time>2026-04-18T13:47:20Z</time>
        <extensions>
          <speed>0.04</speed>
        </extensions>
      </trkpt>
      <trkpt lat="48.5359538" lon="36.0524320">
        <ele>119.3</ele>
        <time>2026-04-18T13:47:21Z</time>
        <extensions>
          <speed>0.08</speed>
        </extensions>
      </trkpt>
      <trkpt lat="48.5359535" lon="36.0524332">
        <ele>119.2</ele>
        <time>2026-04-18T13:47:21Z</time>
        <extensions>
          <speed>0.04</speed>
        </extensions>
      </trkpt>
      <trkpt lat="48.5359530" lon="36.0524332">
        <ele>119.2</ele>
        <time>2026-04-18T13:47:22Z</time>
        <extensions>
          <speed>0.11</speed>
        </extensions>
      </trkpt>
      <trkpt lat="48.5359528" lon="36.0524333">
        <ele>119.1</ele>
        <time>2026-04-18T13:47:22Z</time>
        <extensions>
          <speed>0.17</speed>
          <course>117.9</course>
        </extensions>
      </trkpt>
      <trkpt lat="48.5359525" lon="36.0524337">
        <ele>119.1</ele>
        <time>2026-04-18T13:47:22Z</time>
        <extensions>
          <speed>0.04</speed>
        </extensions>
      </trkpt>
      <trkpt lat="48.5359520" lon="36.0524333">
        <ele>119.0</ele>
        <time>2026-04-18T13:47:23Z</time>
        <extensions>
          <speed>0.05</speed>
        </extensions>
      </trkpt>
      <trkpt lat="48.5359518" lon="36.0524335">
        <ele>119.0</ele>
        <time>2026-04-18T13:47:23Z</time>
        <extensions>
          <speed>0.15</speed>
          <course>137.3</course>
        </extensions>
      </trkpt>
      <trkpt lat="48.5359517" lon="36.0524337">
        <ele>119.0</ele>
        <time>2026-04-18T13:47:23Z</time>
        <extensions>
          <speed>0.14</speed>
          <course>140.2</course>
        </extensions>
      </trkpt>
      <trkpt lat="48.5359515" lon="36.0524335">
        <ele>119.0</ele>
        <time>2026-04-18T13:47:23Z</time>
        <extensions>
          <speed>0.09</speed>
        </extensions>
      </trkpt>
      <trkpt lat="48.5359513" lon="36.0524338">
        <ele>118.9</ele>
        <time>2026-04-18T13:47:23Z</time>
        <extensions>
          <speed>0.08</speed>
        </extensions>
      </trkpt>
      <trkpt lat="48.5359510" lon="36.0524345">
        <ele>118.9</ele>
        <time>2026-04-18T13:47:24Z</time>
        <extensions>
          <speed>0.14</speed>
        </extensions>
      </trkpt>
      <trkpt lat="48.5359507" lon="36.0524350">
        <ele>118.9</ele>
        <time>2026-04-18T13:47:24Z</time>
        <extensions>
          <speed>0.31</speed>
          <course>119.2</course>
        </extensions>
      </trkpt>
      <trkpt lat="48.5359505" lon="36.0524353">
        <ele>118.9</ele>
        <time>2026-04-18T13:47:24Z</time>
        <extensions>
          <speed>0.25</speed>
          <course>121.4</course>
        </extensions>
      </trkpt>
      <trkpt lat="48.5359503" lon="36.0524367">
        <ele>118.9</ele>
        <time>2026-04-18T13:47:24Z</time>
        <extensions>
          <speed>0.29</speed>
          <course>95.5</course>
        </extensions>
      </trkpt>
      <trkpt lat="48.5359500" lon="36.0524373">
        <ele>118.8</ele>
        <time>2026-04-18T13:47:24Z</time>
        <extensions>
          <speed>0.48</speed>
          <course>104.7</course>
        </extensions>
      </trkpt>
      <trkpt lat="48.5359500" lon="36.0524383">
        <ele>118.8</ele>
        <time>2026-04-18T13:47:25Z</time>
        <extensions>
          <speed>0.65</speed>
          <course>97.5</course>
        </extensions>
      </trkpt>
      <trkpt lat="48.5359498" lon="36.0524390">
        <ele>118.8</ele>
        <time>2026-04-18T13:47:25Z</time>
        <extensions>
          <speed>0.52</speed>
          <course>99.5</course>
        </extensions>
      </trkpt>
      <trkpt lat="48.5359497" lon="36.0524403">
        <ele>118.8</ele>
        <time>2026-04-18T13:47:25Z</time>
        <extensions>
          <speed>0.42</speed>
          <course>100.2</course>
        </extensions>
      </trkpt>
      <trkpt lat="48.5359495" lon="36.0524423">
        <ele>118.9</ele>
        <time>2026-04-18T13:47:25Z</time>
        <extensions>
          <speed>0.65</speed>
          <course>93.8</course>
        </extensions>
      </trkpt>
      <trkpt lat="48.5359493" lon="36.0524430">
        <ele>118.9</ele>
        <time>2026-04-18T13:47:25Z</time>
        <extensions>
          <speed>0.54</speed>
          <course>95.0</course>
        </extensions>
      </trkpt>
      <trkpt lat="48.5359490" lon="36.0524435">
        <ele>118.9</ele>
        <time>2026-04-18T13:47:25Z</time>
        <extensions>
          <speed>0.43</speed>
          <course>106.4</course>
        </extensions>
      </trkpt>
      <trkpt lat="48.5359487" lon="36.0524445">
        <ele>118.9</ele>
        <time>2026-04-18T13:47:25Z</time>
        <extensions>
          <speed>0.70</speed>
          <course>114.4</course>
        </extensions>
      </trkpt>
      <trkpt lat="48.5359483" lon="36.0524452">
        <ele>118.9</ele>
        <time>2026-04-18T13:47:25Z</time>
        <extensions>
          <speed>0.51</speed>
          <course>116.5</course>
        </extensions>
      </trkpt>
      <trkpt lat="48.5359483" lon="36.0524455">
        <ele>118.8</ele>
        <time>2026-04-18T13:47:26Z</time>
        <extensions>
          <speed>0.42</speed>
          <course>109.6</course>
        </extensions>
      </trkpt>
      <trkpt lat="48.5359482" lon="36.0524462">
        <ele>118.9</ele>
        <time>2026-04-18T13:47:26Z</time>
        <extensions>
          <speed>0.42</speed>
          <course>104.6</course>
        </extensions>
      </trkpt>
      <trkpt lat="48.5359483" lon="36.0524468">
        <ele>118.8</ele>
        <time>2026-04-18T13:47:26Z</time>
        <extensions>
          <speed>0.49</speed>
          <course>92.6</course>
        </extensions>
      </trkpt>
      <trkpt lat="48.5359480" lon="36.0524485">
        <ele>118.9</ele>
        <time>2026-04-18T13:47:26Z</time>
        <extensions>
          <speed>0.53</speed>
          <course>95.6</course>
        </extensions>
      </trkpt>
      <trkpt lat="48.5359477" lon="36.0524497">
        <ele>118.9</ele>
        <time>2026-04-18T13:47:26Z</time>
        <extensions>
          <speed>0.74</speed>
          <course>101.0</course>
        </extensions>
      </trkpt>
      <trkpt lat="48.5359478" lon="36.0524505">
        <ele>118.9</ele>
        <time>2026-04-18T13:47:26Z</time>
        <extensions>
          <speed>0.71</speed>
          <course>94.2</course>
        </extensions>
      </trkpt>
      <trkpt lat="48.5359477" lon="36.0524518">
        <ele>118.9</ele>
        <time>2026-04-18T13:47:26Z</time>
        <extensions>
          <speed>0.84</speed>
          <course>89.1</course>
        </extensions>
      </trkpt>
      <trkpt lat="48.5359478" lon="36.0524538">
        <ele>118.9</ele>
        <time>2026-04-18T13:47:26Z</time>
        <extensions>
          <speed>0.63</speed>
          <course>81.3</course>
        </extensions>
      </trkpt>
      <trkpt lat="48.5359480" lon="36.0524547">
        <ele>118.9</ele>
        <time>2026-04-18T13:47:27Z</time>
        <extensions>
          <speed>0.61</speed>
          <course>79.1</course>
        </extensions>
      </trkpt>
      <trkpt lat="48.5359482" lon="36.0524567">
        <ele>118.9</ele>
        <time>2026-04-18T13:47:27Z</time>
        <extensions>
          <speed>0.64</speed>
          <course>89.6</course>
        </extensions>
      </trkpt>
      <trkpt lat="48.5359478" lon="36.0524578">
        <ele>118.9</ele>
        <time>2026-04-18T13:47:27Z</time>
        <extensions>
          <speed>0.70</speed>
          <course>96.0</course>
        </extensions>
      </trkpt>
      <trkpt lat="48.5359477" lon="36.0524587">
        <ele>118.9</ele>
        <time>2026-04-18T13:47:27Z</time>
        <extensions>
          <speed>0.32</speed>
          <course>104.7</course>
        </extensions>
      </trkpt>
      <trkpt lat="48.5359475" lon="36.0524595">
        <ele>118.9</ele>
        <time>2026-04-18T13:47:27Z</time>
        <extensions>
          <speed>0.53</speed>
          <course>96.5</course>
        </extensions>
      </trkpt>
      <trkpt lat="48.5359477" lon="36.0524603">
        <ele>118.9</ele>
        <time>2026-04-18T13:47:27Z</time>
        <extensions>
          <speed>0.58</speed>
          <course>89.4</course>
        </extensions>
      </trkpt>
      <trkpt lat="48.5359475" lon="36.0524608">
        <ele>118.9</ele>
        <time>2026-04-18T13:47:27Z</time>
        <extensions>
          <speed>0.51</speed>
          <course>88.1</course>
        </extensions>
      </trkpt>
      <trkpt lat="48.5359475" lon="36.0524615">
        <ele>118.9</ele>
        <time>2026-04-18T13:47:28Z</time>
        <extensions>
          <speed>0.48</speed>
          <course>87.7</course>
        </extensions>
      </trkpt>
      <trkpt lat="48.5359473" lon="36.0524622">
        <ele>118.9</ele>
        <time>2026-04-18T13:47:28Z</time>
        <extensions>
          <speed>0.46</speed>
          <course>96.8</course>
        </extensions>
      </trkpt>
      <trkpt lat="48.5359472" lon="36.0524628">
        <ele>118.9</ele>
        <time>2026-04-18T13:47:28Z</time>
        <extensions>
          <speed>0.52</speed>
          <course>100.9</course>
        </extensions>
      </trkpt>
      <trkpt lat="48.5359470" lon="36.0524632">
        <ele>118.9</ele>
        <time>2026-04-18T13:47:28Z</time>
        <extensions>
          <speed>0.31</speed>
          <course>105.8</course>
        </extensions>
      </trkpt>
      <trkpt lat="48.5359465" lon="36.0524642">
        <ele>118.9</ele>
        <time>2026-04-18T13:47:28Z</time>
        <extensions>
          <speed>0.53</speed>
          <course>121.8</course>
        </extensions>
      </trkpt>
      <trkpt lat="48.5359458" lon="36.0524653">
        <ele>118.9</ele>
        <time>2026-04-18T13:47:28Z</time>
        <extensions>
          <speed>0.81</speed>
          <course>131.0</course>
        </extensions>
      </trkpt>
      <trkpt lat="48.5359455" lon="36.0524665">
        <ele>118.9</ele>
        <time>2026-04-18T13:47:28Z</time>
        <extensions>
          <speed>0.87</speed>
          <course>127.6</course>
        </extensions>
      </trkpt>
      <trkpt lat="48.5359450" lon="36.0524675">
        <ele>118.9</ele>
        <time>2026-04-18T13:47:28Z</time>
        <extensions>
          <speed>0.59</speed>
          <course>125.7</course>
        </extensions>
      </trkpt>
      <trkpt lat="48.5359452" lon="36.0524670">
        <ele>119.0</ele>
        <time>2026-04-18T13:47:28Z</time>
        <extensions>
          <speed>0.18</speed>
        </extensions>
      </trkpt>
      <trkpt lat="48.5359448" lon="36.0524658">
        <ele>118.9</ele>
        <time>2026-04-18T13:47:29Z</time>
        <extensions>
          <speed>0.23</speed>
        </extensions>
      </trkpt>
      <trkpt lat="48.5359445" lon="36.0524663">
        <ele>119.0</ele>
        <time>2026-04-18T13:47:29Z</time>
        <extensions>
          <speed>0.28</speed>
        </extensions>
      </trkpt>
      <trkpt lat="48.5359440" lon="36.0524658">
        <ele>119.0</ele>
        <time>2026-04-18T13:47:29Z</time>
        <extensions>
          <speed>0.43</speed>
          <course>146.4</course>
        </extensions>
      </trkpt>
      <trkpt lat="48.5359438" lon="36.0524662">
        <ele>119.0</ele>
        <time>2026-04-18T13:47:29Z</time>
        <extensions>
          <speed>0.26</speed>
        </extensions>
      </trkpt>
      <trkpt lat="48.5359432" lon="36.0524663">
        <ele>119.1</ele>
        <time>2026-04-18T13:47:29Z</time>
        <extensions>
          <speed>0.13</speed>
        </extensions>
      </trkpt>
      <trkpt lat="48.5359433" lon="36.0524660">
        <ele>119.1</ele>
        <time>2026-04-18T13:47:30Z</time>
        <extensions>
          <speed>0.12</speed>
        </extensions>
      </trkpt>
      <trkpt lat="48.5359430" lon="36.0524665">
        <ele>119.1</ele>
        <time>2026-04-18T13:47:30Z</time>
        <extensions>
          <speed>0.14</speed>
        </extensions>
      </trkpt>
      <trkpt lat="48.5359428" lon="36.0524670">
        <ele>119.1</ele>
        <time>2026-04-18T13:47:30Z</time>
        <extensions>
          <speed>0.23</speed>
          <course>144.4</course>
        </extensions>
      </trkpt>
      <trkpt lat="48.5359432" lon="36.0524668">
        <ele>119.1</ele>
        <time>2026-04-18T13:47:30Z</time>
        <extensions>
          <speed>0.04</speed>
        </extensions>
      </trkpt>
      <trkpt lat="48.5359432" lon="36.0524672">
        <ele>119.2</ele>
        <time>2026-04-18T13:47:31Z</time>
        <extensions>
          <speed>0.11</speed>
        </extensions>
      </trkpt>
      <trkpt lat="48.5359430" lon="36.0524673">
        <ele>119.2</ele>
        <time>2026-04-18T13:47:31Z</time>
        <extensions>
          <speed>0.11</speed>
        </extensions>
      </trkpt>
      <trkpt lat="48.5359433" lon="36.0524667">
        <ele>119.1</ele>
        <time>2026-04-18T13:47:31Z</time>
        <extensions>
          <speed>0.04</speed>
        </extensions>
      </trkpt>
      <trkpt lat="48.5359432" lon="36.0524672">
        <ele>119.1</ele>
        <time>2026-04-18T13:47:31Z</time>
        <extensions>
          <speed>0.19</speed>
        </extensions>
      </trkpt>
      <trkpt lat="48.5359433" lon="36.0524667">
        <ele>119.1</ele>
        <time>2026-04-18T13:47:31Z</time>
        <extensions>
          <speed>0.04</speed>
        </extensions>
      </trkpt>
      <trkpt lat="48.5359432" lon="36.0524670">
        <ele>119.1</ele>
        <time>2026-04-18T13:47:31Z</time>
        <extensions>
          <speed>0.10</speed>
        </extensions>
      </trkpt>
      <trkpt lat="48.5359433" lon="36.0524672">
        <ele>119.1</ele>
        <time>2026-04-18T13:47:31Z</time>
        <extensions>
          <speed>0.05</speed>
        </extensions>
      </trkpt>
      <trkpt lat="48.5359435" lon="36.0524668">
        <ele>119.1</ele>
        <time>2026-04-18T13:47:31Z</time>
        <extensions>
          <speed>0.08</speed>
        </extensions>
      </trkpt>
      <trkpt lat="48.5359435" lon="36.0524673">
        <ele>119.1</ele>
        <time>2026-04-18T13:47:32Z</time>
        <extensions>
          <speed>0.03</speed>
        </extensions>
      </trkpt>
      <trkpt lat="48.5359440" lon="36.0524682">
        <ele>119.1</ele>
        <time>2026-04-18T13:47:32Z</time>
        <extensions>
          <speed>0.05</speed>
        </extensions>
      </trkpt>
      <trkpt lat="48.5359442" lon="36.0524680">
        <ele>119.1</ele>
        <time>2026-04-18T13:47:33Z</time>
        <extensions>
          <speed>0.10</speed>
        </extensions>
      </trkpt>
      <trkpt lat="48.5359443" lon="36.0524682">
        <ele>119.1</ele>
        <time>2026-04-18T13:47:33Z</time>
        <extensions>
          <speed>0.08</speed>
        </extensions>
      </trkpt>
      <trkpt lat="48.5359445" lon="36.0524678">
        <ele>119.0</ele>
        <time>2026-04-18T13:47:33Z</time>
        <extensions>
          <speed>0.11</speed>
        </extensions>
      </trkpt>
      <trkpt lat="48.5359442" lon="36.0524685">
        <ele>119.1</ele>
        <time>2026-04-18T13:47:33Z</time>
        <extensions>
          <speed>0.05</speed>
        </extensions>
      </trkpt>
      <trkpt lat="48.5359443" lon="36.0524688">
        <ele>119.1</ele>
        <time>2026-04-18T13:47:33Z</time>
        <extensions>
          <speed>0.01</speed>
        </extensions>
      </trkpt>
      <trkpt lat="48.5359445" lon="36.0524692">
        <ele>119.1</ele>
        <time>2026-04-18T13:47:33Z</time>
        <extensions>
          <speed>0.03</speed>
        </extensions>
      </trkpt>
      <trkpt lat="48.5359445" lon="36.0524693">
        <ele>119.1</ele>
        <time>2026-04-18T13:47:34Z</time>
        <extensions>
          <speed>0.08</speed>
        </extensions>
      </trkpt>
      <trkpt lat="48.5359447" lon="36.0524693">
        <ele>119.1</ele>
        <time>2026-04-18T13:47:34Z</time>
        <extensions>
          <speed>0.05</speed>
        </extensions>
      </trkpt>
      <trkpt lat="48.5359448" lon="36.0524695">
        <ele>119.0</ele>
        <time>2026-04-18T13:47:34Z</time>
        <extensions>
          <speed>0.03</speed>
        </extensions>
      </trkpt>
      <trkpt lat="48.5359447" lon="36.0524695">
        <ele>119.0</ele>
        <time>2026-04-18T13:47:35Z</time>
        <extensions>
          <speed>0.07</speed>
        </extensions>
      </trkpt>
      <trkpt lat="48.5359452" lon="36.0524690">
        <ele>118.9</ele>
        <time>2026-04-18T13:47:35Z</time>
        <extensions>
          <speed>0.12</speed>
        </extensions>
      </trkpt>
      <trkpt lat="48.5359452" lon="36.0524692">
        <ele>118.9</ele>
        <time>2026-04-18T13:47:36Z</time>
        <extensions>
          <speed>0.07</speed>
        </extensions>
      </trkpt>
      <trkpt lat="48.5359455" lon="36.0524688">
        <ele>118.9</ele>
        <time>2026-04-18T13:47:36Z</time>
        <extensions>
          <speed>0.12</speed>
        </extensions>
      </trkpt>
      <trkpt lat="48.5359453" lon="36.0524682">
        <ele>118.8</ele>
        <time>2026-04-18T13:47:36Z</time>
        <extensions>
          <speed>0.03</speed>
        </extensions>
      </trkpt>
      <trkpt lat="48.5359455" lon="36.0524680">
        <ele>118.8</ele>
        <time>2026-04-18T13:47:36Z</time>
        <extensions>
          <speed>0.09</speed>
        </extensions>
      </trkpt>
      <trkpt lat="48.5359455" lon="36.0524672">
        <ele>118.7</ele>
        <time>2026-04-18T13:47:37Z</time>
        <extensions>
          <speed>0.02</speed>
        </extensions>
      </trkpt>
      <trkpt lat="48.5359457" lon="36.0524670">
        <ele>118.6</ele>
        <time>2026-04-18T13:47:37Z</time>
        <extensions>
          <speed>0.00</speed>
        </extensions>
      </trkpt>
      <trkpt lat="48.5359455" lon="36.0524668">
        <ele>118.6</ele>
        <time>2026-04-18T13:47:37Z</time>
        <extensions>
          <speed>0.08</speed>
        </extensions>
      </trkpt>
      <trkpt lat="48.5359457" lon="36.0524665">
        <ele>118.6</ele>
        <time>2026-04-18T13:47:37Z</time>
        <extensions>
          <speed>0.01</speed>
        </extensions>
      </trkpt>
      <trkpt lat="48.5359457" lon="36.0524658">
        <ele>118.5</ele>
        <time>2026-04-18T13:47:37Z</time>
        <extensions>
          <speed>0.03</speed>
        </extensions>
      </trkpt>
      <trkpt lat="48.5359457" lon="36.0524648">
        <ele>118.4</ele>
        <time>2026-04-18T13:47:38Z</time>
        <extensions>
          <speed>0.08</speed>
        </extensions>
      </trkpt>
      <trkpt lat="48.5359458" lon="36.0524643">
        <ele>118.4</ele>
        <time>2026-04-18T13:47:38Z</time>
        <extensions>
          <speed>0.07</speed>
        </extensions>
      </trkpt>
      <trkpt lat="48.5359462" lon="36.0524640">
        <ele>118.3</ele>
        <time>2026-04-18T13:47:38Z</time>
        <extensions>
          <speed>0.08</speed>
        </extensions>
      </trkpt>
      <trkpt lat="48.5359460" lon="36.0524637">
        <ele>118.3</ele>
        <time>2026-04-18T13:47:38Z</time>
        <extensions>
          <speed>0.12</speed>
        </extensions>
      </trkpt>
      <trkpt lat="48.5359462" lon="36.0524632">
        <ele>118.2</ele>
        <time>2026-04-18T13:47:39Z</time>
        <extensions>
          <speed>0.03</speed>
        </extensions>
      </trkpt>
      <trkpt lat="48.5359460" lon="36.0524633">
        <ele>118.2</ele>
        <time>2026-04-18T13:47:39Z</time>
        <extensions>
          <speed>0.04</speed>
        </extensions>
      </trkpt>
      <trkpt lat="48.5359462" lon="36.0524632">
        <ele>118.2</ele>
        <time>2026-04-18T13:47:39Z</time>
        <extensions>
          <speed>0.03</speed>
        </extensions>
      </trkpt>
      <trkpt lat="48.5359463" lon="36.0524623">
        <ele>118.1</ele>
        <time>2026-04-18T13:47:39Z</time>
        <extensions>
          <speed>0.06</speed>
        </extensions>
      </trkpt>
      <trkpt lat="48.5359467" lon="36.0524615">
        <ele>118.1</ele>
        <time>2026-04-18T13:47:39Z</time>
        <extensions>
          <speed>0.08</speed>
        </extensions>
      </trkpt>
      <trkpt lat="48.5359467" lon="36.0524612">
        <ele>118.0</ele>
        <time>2026-04-18T13:47:40Z</time>
        <extensions>
          <speed>0.02</speed>
        </extensions>
      </trkpt>
      <trkpt lat="48.5359468" lon="36.0524605">
        <ele>118.0</ele>
        <time>2026-04-18T13:47:40Z</time>
        <extensions>
          <speed>0.09</speed>
        </extensions>
      </trkpt>
      <trkpt lat="48.5359472" lon="36.0524603">
        <ele>118.0</ele>
        <time>2026-04-18T13:47:40Z</time>
        <extensions>
          <speed>0.08</speed>
        </extensions>
      </trkpt>
      <trkpt lat="48.5359470" lon="36.0524602">
        <ele>117.9</ele>
        <time>2026-04-18T13:47:40Z</time>
        <extensions>
          <speed>0.09</speed>
        </extensions>
      </trkpt>
      <trkpt lat="48.5359472" lon="36.0524600">
        <ele>117.9</ele>
        <time>2026-04-18T13:47:40Z</time>
        <extensions>
          <speed>0.09</speed>
        </extensions>
      </trkpt>
      <trkpt lat="48.5359470" lon="36.0524605">
        <ele>117.9</ele>
        <time>2026-04-18T13:47:40Z</time>
        <extensions>
          <speed>0.10</speed>
        </extensions>
      </trkpt>
      <trkpt lat="48.5359472" lon="36.0524603">
        <ele>117.9</ele>
        <time>2026-04-18T13:47:41Z</time>
        <extensions>
          <speed>0.06</speed>
        </extensions>
      </trkpt>
      <trkpt lat="48.5359470" lon="36.0524607">
        <ele>117.9</ele>
        <time>2026-04-18T13:47:41Z</time>
        <extensions>
          <speed>0.20</speed>
        </extensions>
      </trkpt>
      <trkpt lat="48.5359473" lon="36.0524622">
        <ele>117.8</ele>
        <time>2026-04-18T13:47:41Z</time>
        <extensions>
          <speed>0.58</speed>
          <course>89.1</course>
        </extensions>
      </trkpt>
      <trkpt lat="48.5359472" lon="36.0524648">
        <ele>117.8</ele>
        <time>2026-04-18T13:47:41Z</time>
        <extensions>
          <speed>0.85</speed>
          <course>91.2</course>
        </extensions>
      </trkpt>
      <trkpt lat="48.5359470" lon="36.0524688">
        <ele>117.8</ele>
        <time>2026-04-18T13:47:41Z</time>
        <extensions>
          <speed>1.40</speed>
          <course>90.0</course>
        </extensions>
      </trkpt>
      <trkpt lat="48.5359467" lon="36.0524715">
        <ele>117.8</ele>
        <time>2026-04-18T13:47:42Z</time>
        <extensions>
          <speed>1.69</speed>
          <course>93.8</course>
        </extensions>
      </trkpt>
      <trkpt lat="48.5359465" lon="36.0524740">
        <ele>117.8</ele>
        <time>2026-04-18T13:47:42Z</time>
        <extensions>
          <speed>1.93</speed>
          <course>96.3</course>
        </extensions>
      </trkpt>
      <trkpt lat="48.5359463" lon="36.0524767">
        <ele>117.8</ele>
        <time>2026-04-18T13:47:42Z</time>
        <extensions>
          <speed>2.08</speed>
          <course>95.1</course>
        </extensions>
      </trkpt>
      <trkpt lat="48.5359462" lon="36.0524798">
        <ele>117.8</ele>
        <time>2026-04-18T13:47:42Z</time>
        <extensions>
          <speed>2.26</speed>
          <course>95.9</course>
        </extensions>
      </trkpt>
      <trkpt lat="48.5359457" lon="36.0524838">
        <ele>117.8</ele>
        <time>2026-04-18T13:47:42Z</time>
        <extensions>
          <speed>2.63</speed>
          <course>97.2</course>
        </extensions>
      </trkpt>
      <trkpt lat="48.5359450" lon="36.0524878">
        <ele>117.8</ele>
        <time>2026-04-18T13:47:42Z</time>
        <extensions>
          <speed>2.74</speed>
          <course>98.5</course>
        </extensions>
      </trkpt>
      <trkpt lat="48.5359445" lon="36.0524920">
        <ele>117.8</ele>
        <time>2026-04-18T13:47:42Z</time>
        <extensions>
          <speed>3.00</speed>
          <course>99.8</course>
        </extensions>
      </trkpt>
      <trkpt lat="48.5359438" lon="36.0524968">
        <ele>117.8</ele>
        <time>2026-04-18T13:47:42Z</time>
        <extensions>
          <speed>3.28</speed>
          <course>101.2</course>
        </extensions>
      </trkpt>
      <trkpt lat="48.5359433" lon="36.0525012">
        <ele>117.8</ele>
        <time>2026-04-18T13:47:42Z</time>
        <extensions>
          <speed>3.43</speed>
          <course>101.3</course>
        </extensions>
      </trkpt>
      <trkpt lat="48.5359425" lon="36.0525060">
        <ele>117.8</ele>
        <time>2026-04-18T13:47:42Z</time>
        <extensions>
          <speed>3.61</speed>
          <course>102.5</course>
        </extensions>
      </trkpt>
      <trkpt lat="48.5359417" lon="36.0525113">
        <ele>117.8</ele>
        <time>2026-04-18T13:47:43Z</time>
        <extensions>
          <speed>3.85</speed>
          <course>103.2</course>
        </extensions>
      </trkpt>
      <trkpt lat="48.5359407" lon="36.0525163">
        <ele>117.7</ele>
        <time>2026-04-18T13:47:43Z</time>
        <extensions>
          <speed>4.15</speed>
          <course>104.6</course>
        </extensions>
      </trkpt>
      <trkpt lat="48.5359393" lon="36.0525218">
        <ele>117.7</ele>
        <time>2026-04-18T13:47:43Z</time>
        <extensions>
          <speed>4.20</speed>
          <course>106.6</course>
        </extensions>
      </trkpt>
      <trkpt lat="48.5359382" lon="36.0525282">
        <ele>117.7</ele>
        <time>2026-04-18T13:47:43Z</time>
        <extensions>
          <speed>4.53</speed>
          <course>106.9</course>
        </extensions>
      </trkpt>
      <trkpt lat="48.5359370" lon="36.0525333">
        <ele>117.6</ele>
        <time>2026-04-18T13:47:43Z</time>
        <extensions>
          <speed>4.44</speed>
          <course>107.1</course>
        </extensions>
      </trkpt>
      <trkpt lat="48.5359355" lon="36.0525407">
        <ele>117.7</ele>
        <time>2026-04-18T13:47:43Z</time>
        <extensions>
          <speed>4.90</speed>
          <course>108.1</course>
        </extensions>
      </trkpt>
      <trkpt lat="48.5359340" lon="36.0525463">
        <ele>117.6</ele>
        <time>2026-04-18T13:47:43Z</time>
        <extensions>
          <speed>4.93</speed>
          <course>109.5</course>
        </extensions>
      </trkpt>
      <trkpt lat="48.5359322" lon="36.0525530">
        <ele>117.6</ele>
        <time>2026-04-18T13:47:43Z</time>
        <extensions>
          <speed>5.07</speed>
          <course>110.7</course>
        </extensions>
      </trkpt>
      <trkpt lat="48.5359303" lon="36.0525598">
        <ele>117.6</ele>
        <time>2026-04-18T13:47:43Z</time>
        <extensions>
          <speed>5.27</speed>
          <course>111.7</course>
        </extensions>
      </trkpt>
      <trkpt lat="48.5359283" lon="36.0525668">
        <ele>117.6</ele>
        <time>2026-04-18T13:47:43Z</time>
        <extensions>
          <speed>5.52</speed>
          <course>112.9</course>
        </extensions>
      </trkpt>
      <trkpt lat="48.5359263" lon="36.0525735">
        <ele>117.6</ele>
        <time>2026-04-18T13:47:44Z</time>
        <extensions>
          <speed>5.64</speed>
          <course>113.5</course>
        </extensions>
      </trkpt>
      <trkpt lat="48.5359242" lon="36.0525808">
        <ele>117.6</ele>
        <time>2026-04-18T13:47:44Z</time>
        <extensions>
          <speed>5.85</speed>
          <course>114.0</course>
        </extensions>
      </trkpt>
      <trkpt lat="48.5359220" lon="36.0525885">
        <ele>117.6</ele>
        <time>2026-04-18T13:47:44Z</time>
        <extensions>
          <speed>5.95</speed>
          <course>114.3</course>
        </extensions>
      </trkpt>
      <trkpt lat="48.5359195" lon="36.0525963">
        <ele>117.6</ele>
        <time>2026-04-18T13:47:44Z</time>
        <extensions>
          <speed>6.16</speed>
          <course>115.0</course>
        </extensions>
      </trkpt>
      <trkpt lat="48.5359170" lon="36.0526043">
        <ele>117.6</ele>
        <time>2026-04-18T13:47:44Z</time>
        <extensions>
          <speed>6.42</speed>
          <course>115.2</course>
        </extensions>
      </trkpt>
      <trkpt lat="48.5359143" lon="36.0526125">
        <ele>117.6</ele>
        <time>2026-04-18T13:47:44Z</time>
        <extensions>
          <speed>6.57</speed>
          <course>115.8</course>
        </extensions>
      </trkpt>
      <trkpt lat="48.5359120" lon="36.0526207">
        <ele>117.6</ele>
        <time>2026-04-18T13:47:44Z</time>
        <extensions>
          <speed>6.42</speed>
          <course>115.0</course>
        </extensions>
      </trkpt>
      <trkpt lat="48.5359097" lon="36.0526275">
        <ele>117.6</ele>
        <time>2026-04-18T13:47:44Z</time>
        <extensions>
          <speed>6.06</speed>
          <course>115.5</course>
        </extensions>
      </trkpt>
      <trkpt lat="48.5359075" lon="36.0526352">
        <ele>117.5</ele>
        <time>2026-04-18T13:47:44Z</time>
        <extensions>
          <speed>6.05</speed>
          <course>115.3</course>
        </extensions>
      </trkpt>
      <trkpt lat="48.5359053" lon="36.0526427">
        <ele>117.6</ele>
        <time>2026-04-18T13:47:44Z</time>
        <extensions>
          <speed>6.06</speed>
          <course>114.5</course>
        </extensions>
      </trkpt>
      <trkpt lat="48.5359032" lon="36.0526495">
        <ele>117.5</ele>
        <time>2026-04-18T13:47:45Z</time>
        <extensions>
          <speed>5.93</speed>
          <course>114.8</course>
        </extensions>
      </trkpt>
      <trkpt lat="48.5359012" lon="36.0526563">
        <ele>117.5</ele>
        <time>2026-04-18T13:47:45Z</time>
        <extensions>
          <speed>5.76</speed>
          <course>114.3</course>
        </extensions>
      </trkpt>
      <trkpt lat="48.5358990" lon="36.0526640">
        <ele>117.5</ele>
        <time>2026-04-18T13:47:45Z</time>
        <extensions>
          <speed>5.75</speed>
          <course>113.9</course>
        </extensions>
      </trkpt>
      <trkpt lat="48.5358968" lon="36.0526702">
        <ele>117.5</ele>
        <time>2026-04-18T13:47:45Z</time>
        <extensions>
          <speed>5.67</speed>
          <course>115.5</course>
        </extensions>
      </trkpt>
      <trkpt lat="48.5358952" lon="36.0526768">
        <ele>117.5</ele>
        <time>2026-04-18T13:47:45Z</time>
        <extensions>
          <speed>5.62</speed>
          <course>114.3</course>
        </extensions>
      </trkpt>
      <trkpt lat="48.5358938" lon="36.0526833">
        <ele>117.5</ele>
        <time>2026-04-18T13:47:45Z</time>
        <extensions>
          <speed>5.30</speed>
          <course>111.3</course>
        </extensions>
      </trkpt>
      <trkpt lat="48.5358923" lon="36.0526900">
        <ele>117.5</ele>
        <time>2026-04-18T13:47:45Z</time>
        <extensions>
          <speed>5.16</speed>
          <course>110.4</course>
        </extensions>
      </trkpt>
      <trkpt lat="48.5358907" lon="36.0526968">
        <ele>117.5</ele>
        <time>2026-04-18T13:47:45Z</time>
        <extensions>
          <speed>5.22</speed>
          <course>110.3</course>
        </extensions>
      </trkpt>
      <trkpt lat="48.5358892" lon="36.0527032">
        <ele>117.5</ele>
        <time>2026-04-18T13:47:45Z</time>
        <extensions>
          <speed>5.14</speed>
          <course>110.3</course>
        </extensions>
      </trkpt>
      <trkpt lat="48.5358878" lon="36.0527097">
        <ele>117.5</ele>
        <time>2026-04-18T13:47:45Z</time>
        <extensions>
          <speed>5.03</speed>
          <course>109.0</course>
        </extensions>
      </trkpt>
      <trkpt lat="48.5358867" lon="36.0527162">
        <ele>117.5</ele>
        <time>2026-04-18T13:47:46Z</time>
        <extensions>
          <speed>4.98</speed>
          <course>107.7</course>
        </extensions>
      </trkpt>
      <trkpt lat="48.5358853" lon="36.0527228">
        <ele>117.5</ele>
        <time>2026-04-18T13:47:46Z</time>
        <extensions>
          <speed>5.05</speed>
          <course>107.5</course>
        </extensions>
      </trkpt>
      <trkpt lat="48.5358838" lon="36.0527302">
        <ele>117.6</ele>
        <time>2026-04-18T13:47:46Z</time>
        <extensions>
          <speed>5.24</speed>
          <course>107.3</course>
        </extensions>
      </trkpt>
      <trkpt lat="48.5358827" lon="36.0527373">
        <ele>117.6</ele>
        <time>2026-04-18T13:47:46Z</time>
        <extensions>
          <speed>5.26</speed>
          <course>106.1</course>
        </extensions>
      </trkpt>
      <trkpt lat="48.5358815" lon="36.0527447">
        <ele>117.6</ele>
        <time>2026-04-18T13:47:46Z</time>
        <extensions>
          <speed>5.24</speed>
          <course>105.1</course>
        </extensions>
      </trkpt>
      <trkpt lat="48.5358805" lon="36.0527510">
        <ele>117.7</ele>
        <time>2026-04-18T13:47:46Z</time>
        <extensions>
          <speed>5.13</speed>
          <course>104.5</course>
        </extensions>
      </trkpt>
      <trkpt lat="48.5358800" lon="36.0527577">
        <ele>117.6</ele>
        <time>2026-04-18T13:47:46Z</time>
        <extensions>
          <speed>5.15</speed>
          <course>102.8</course>
        </extensions>
      </trkpt>
      <trkpt lat="48.5358793" lon="36.0527648">
        <ele>117.6</ele>
        <time>2026-04-18T13:47:46Z</time>
        <extensions>
          <speed>5.13</speed>
          <course>100.8</course>
        </extensions>
      </trkpt>
      <trkpt lat="48.5358792" lon="36.0527715">
        <ele>117.6</ele>
        <time>2026-04-18T13:47:46Z</time>
        <extensions>
          <speed>5.07</speed>
          <course>98.1</course>
        </extensions>
      </trkpt>
      <trkpt lat="48.5358790" lon="36.0527773">
        <ele>117.6</ele>
        <time>2026-04-18T13:47:46Z</time>
        <extensions>
          <speed>4.84</speed>
          <course>95.8</course>
        </extensions>
      </trkpt>
      <trkpt lat="48.5358783" lon="36.0527840">
        <ele>117.7</ele>
        <time>2026-04-18T13:47:47Z</time>
        <extensions>
          <speed>4.70</speed>
          <course>96.2</course>
        </extensions>
      </trkpt>
      <trkpt lat="48.5358777" lon="36.0527902">
        <ele>117.7</ele>
        <time>2026-04-18T13:47:47Z</time>
        <extensions>
          <speed>4.54</speed>
          <course>97.1</course>
        </extensions>
      </trkpt>
      <trkpt lat="48.5358775" lon="36.0527972">
        <ele>117.7</ele>
        <time>2026-04-18T13:47:47Z</time>
        <extensions>
          <speed>4.69</speed>
          <course>95.2</course>
        </extensions>
      </trkpt>
      <trkpt lat="48.5358773" lon="36.0528050">
        <ele>117.8</ele>
        <time>2026-04-18T13:47:47Z</time>
        <extensions>
          <speed>4.74</speed>
          <course>92.6</course>
        </extensions>
      </trkpt>
      <trkpt lat="48.5358780" lon="36.0528113">
        <ele>117.8</ele>
        <time>2026-04-18T13:47:47Z</time>
        <extensions>
          <speed>4.62</speed>
          <course>88.8</course>
        </extensions>
      </trkpt>
      <trkpt lat="48.5358793" lon="36.0528153">
        <ele>117.7</ele>
        <time>2026-04-18T13:47:47Z</time>
        <extensions>
          <speed>4.61</speed>
          <course>84.4</course>
        </extensions>
      </trkpt>
      <trkpt lat="48.5358798" lon="36.0528218">
        <ele>117.7</ele>
        <time>2026-04-18T13:47:47Z</time>
        <extensions>
          <speed>4.78</speed>
          <course>83.4</course>
        </extensions>
      </trkpt>
      <trkpt lat="48.5358807" lon="36.0528282">
        <ele>117.7</ele>
        <time>2026-04-18T13:47:47Z</time>
        <extensions>
          <speed>4.84</speed>
          <course>81.8</course>
        </extensions>
      </trkpt>
      <trkpt lat="48.5358822" lon="36.0528325">
        <ele>117.7</ele>
        <time>2026-04-18T13:47:47Z</time>
        <extensions>
          <speed>4.66</speed>
          <course>79.0</course>
        </extensions>
      </trkpt>
      <trkpt lat="48.5358840" lon="36.0528380">
        <ele>117.7</ele>
        <time>2026-04-18T13:47:47Z</time>
        <extensions>
          <speed>4.77</speed>
          <course>74.1</course>
        </extensions>
      </trkpt>
      <trkpt lat="48.5358858" lon="36.0528442">
        <ele>117.7</ele>
        <time>2026-04-18T13:47:48Z</time>
        <extensions>
          <speed>4.91</speed>
          <course>70.5</course>
        </extensions>
      </trkpt>
      <trkpt lat="48.5358878" lon="36.0528507">
        <ele>117.8</ele>
        <time>2026-04-18T13:47:48Z</time>
        <extensions>
          <speed>5.11</speed>
          <course>67.2</course>
        </extensions>
      </trkpt>
      <trkpt lat="48.5358898" lon="36.0528572">
        <ele>117.8</ele>
        <time>2026-04-18T13:47:48Z</time>
        <extensions>
          <speed>5.26</speed>
          <course>65.8</course>
        </extensions>
      </trkpt>
      <trkpt lat="48.5358923" lon="36.0528633">
        <ele>117.8</ele>
        <time>2026-04-18T13:47:48Z</time>
        <extensions>
          <speed>5.30</speed>
          <course>63.2</course>
        </extensions>
      </trkpt>
      <trkpt lat="48.5358953" lon="36.0528683">
        <ele>117.8</ele>
        <time>2026-04-18T13:47:48Z</time>
        <extensions>
          <speed>5.32</speed>
          <course>59.1</course>
        </extensions>
      </trkpt>
      <trkpt lat="48.5358980" lon="36.0528750">
        <ele>118.0</ele>
        <time>2026-04-18T13:47:48Z</time>
        <extensions>
          <speed>5.41</speed>
          <course>56.3</course>
        </extensions>
      </trkpt>
      <trkpt lat="48.5359012" lon="36.0528812">
        <ele>118.0</ele>
        <time>2026-04-18T13:47:48Z</time>
        <extensions>
          <speed>5.57</speed>
          <course>54.7</course>
        </extensions>
      </trkpt>
      <trkpt lat="48.5359043" lon="36.0528865">
        <ele>117.9</ele>
        <time>2026-04-18T13:47:48Z</time>
        <extensions>
          <speed>5.50</speed>
          <course>52.0</course>
        </extensions>
      </trkpt>
      <trkpt lat="48.5359078" lon="36.0528918">
        <ele>118.0</ele>
        <time>2026-04-18T13:47:48Z</time>
        <extensions>
          <speed>5.44</speed>
          <course>48.5</course>
        </extensions>
      </trkpt>
      <trkpt lat="48.5359113" lon="36.0528972">
        <ele>118.0</ele>
        <time>2026-04-18T13:47:48Z</time>
        <extensions>
          <speed>5.45</speed>
          <course>46.7</course>
        </extensions>
      </trkpt>
      <trkpt lat="48.5359152" lon="36.0529022">
        <ele>118.1</ele>
        <time>2026-04-18T13:47:49Z</time>
        <extensions>
          <speed>5.55</speed>
          <course>43.9</course>
        </extensions>
      </trkpt>
      <trkpt lat="48.5359190" lon="36.0529063">
        <ele>118.1</ele>
        <time>2026-04-18T13:47:49Z</time>
        <extensions>
          <speed>5.29</speed>
          <course>39.9</course>
        </extensions>
      </trkpt>
      <trkpt lat="48.5359228" lon="36.0529105">
        <ele>118.3</ele>
        <time>2026-04-18T13:47:49Z</time>
        <extensions>
          <speed>5.18</speed>
          <course>35.6</course>
        </extensions>
      </trkpt>
      <trkpt lat="48.5359263" lon="36.0529130">
        <ele>118.2</ele>
        <time>2026-04-18T13:47:49Z</time>
        <extensions>
          <speed>4.68</speed>
          <course>31.7</course>
        </extensions>
      </trkpt>
      <trkpt lat="48.5359302" lon="36.0529153">
        <ele>118.2</ele>
        <time>2026-04-18T13:47:49Z</time>
        <extensions>
          <speed>4.60</speed>
          <course>26.8</course>
        </extensions>
      </trkpt>
      <trkpt lat="48.5359335" lon="36.0529180">
        <ele>118.3</ele>
        <time>2026-04-18T13:47:49Z</time>
        <extensions>
          <speed>4.23</speed>
          <course>22.1</course>
        </extensions>
      </trkpt>
      <trkpt lat="48.5359367" lon="36.0529192">
        <ele>118.3</ele>
        <time>2026-04-18T13:47:49Z</time>
        <extensions>
          <speed>3.92</speed>
          <course>17.3</course>
        </extensions>
      </trkpt>
      <trkpt lat="48.5359395" lon="36.0529205">
        <ele>118.4</ele>
        <time>2026-04-18T13:47:49Z</time>
        <extensions>
          <speed>3.65</speed>
          <course>12.8</course>
        </extensions>
      </trkpt>
      <trkpt lat="48.5359428" lon="36.0529203">
        <ele>118.4</ele>
        <time>2026-04-18T13:47:49Z</time>
        <extensions>
          <speed>3.66</speed>
          <course>7.0</course>
        </extensions>
      </trkpt>
      <trkpt lat="48.5359455" lon="36.0529208">
        <ele>118.5</ele>
        <time>2026-04-18T13:47:49Z</time>
        <extensions>
          <speed>3.25</speed>
          <course>4.1</course>
        </extensions>
      </trkpt>
      <trkpt lat="48.5359485" lon="36.0529210">
        <ele>118.5</ele>
        <time>2026-04-18T13:47:50Z</time>
        <extensions>
          <speed>3.33</speed>
          <course>1.7</course>
        </extensions>
      </trkpt>
      <trkpt lat="48.5359513" lon="36.0529205">
        <ele>118.6</ele>
        <time>2026-04-18T13:47:50Z</time>
        <extensions>
          <speed>3.23</speed>
          <course>358.9</course>
        </extensions>
      </trkpt>
      <trkpt lat="48.5359538" lon="36.0529197">
        <ele>118.6</ele>
        <time>2026-04-18T13:47:50Z</time>
        <extensions>
          <speed>3.06</speed>
          <course>354.9</course>
        </extensions>
      </trkpt>
      <trkpt lat="48.5359565" lon="36.0529180">
        <ele>118.6</ele>
        <time>2026-04-18T13:47:50Z</time>
        <extensions>
          <speed>3.05</speed>
          <course>347.7</course>
        </extensions>
      </trkpt>
      <trkpt lat="48.5359592" lon="36.0529165">
        <ele>118.7</ele>
        <time>2026-04-18T13:47:50Z</time>
        <extensions>
          <speed>3.12</speed>
          <course>343.7</course>
        </extensions>
      </trkpt>
      <trkpt lat="48.5359618" lon="36.0529147">
        <ele>118.7</ele>
        <time>2026-04-18T13:47:50Z</time>
        <extensions>
          <speed>3.19</speed>
          <course>340.3</course>
        </extensions>
      </trkpt>
      <trkpt lat="48.5359645" lon="36.0529123">
        <ele>118.7</ele>
        <time>2026-04-18T13:47:50Z</time>
        <extensions>
          <speed>3.30</speed>
          <course>337.1</course>
        </extensions>
      </trkpt>
      <trkpt lat="48.5359678" lon="36.0529077">
        <ele>118.7</ele>
        <time>2026-04-18T13:47:50Z</time>
        <extensions>
          <speed>3.74</speed>
          <course>331.3</course>
        </extensions>
      </trkpt>
      <trkpt lat="48.5359710" lon="36.0529032">
        <ele>118.7</ele>
        <time>2026-04-18T13:47:50Z</time>
        <extensions>
          <speed>4.05</speed>
          <course>327.3</course>
        </extensions>
      </trkpt>
      <trkpt lat="48.5359745" lon="36.0528988">
        <ele>118.7</ele>
        <time>2026-04-18T13:47:50Z</time>
        <extensions>
          <speed>4.37</speed>
          <course>324.2</course>
        </extensions>
      </trkpt>
      <trkpt lat="48.5359778" lon="36.0528943">
        <ele>118.7</ele>
        <time>2026-04-18T13:47:51Z</time>
        <extensions>
          <speed>4.55</speed>
          <course>322.0</course>
        </extensions>
      </trkpt>
      <trkpt lat="48.5359807" lon="36.0528890">
        <ele>118.7</ele>
        <time>2026-04-18T13:47:51Z</time>
        <extensions>
          <speed>4.68</speed>
          <course>319.0</course>
        </extensions>
      </trkpt>
      <trkpt lat="48.5359843" lon="36.0528818">
        <ele>118.7</ele>
        <time>2026-04-18T13:47:51Z</time>
        <extensions>
          <speed>5.23</speed>
          <course>315.5</course>
        </extensions>
      </trkpt>
      <trkpt lat="48.5359872" lon="36.0528745">
        <ele>118.6</ele>
        <time>2026-04-18T13:47:51Z</time>
        <extensions>
          <speed>5.53</speed>
          <course>311.8</course>
        </extensions>
      </trkpt>
      <trkpt lat="48.5359895" lon="36.0528662">
        <ele>118.5</ele>
        <time>2026-04-18T13:47:51Z</time>
        <extensions>
          <speed>5.94</speed>
          <course>306.9</course>
        </extensions>
      </trkpt>
      <trkpt lat="48.5359922" lon="36.0528583">
        <ele>118.5</ele>
        <time>2026-04-18T13:47:51Z</time>
        <extensions>
          <speed>6.28</speed>
          <course>303.3</course>
        </extensions>
      </trkpt>
      <trkpt lat="48.5359943" lon="36.0528498">
        <ele>118.4</ele>
        <time>2026-04-18T13:47:51Z</time>
        <extensions>
          <speed>6.55</speed>
          <course>300.2</course>
        </extensions>
      </trkpt>
      <trkpt lat="48.5359970" lon="36.0528400">
        <ele>118.4</ele>
        <time>2026-04-18T13:47:51Z</time>
        <extensions>
          <speed>7.17</speed>
          <course>297.2</course>
        </extensions>
      </trkpt>
      <trkpt lat="48.5359988" lon="36.0528290">
        <ele>118.3</ele>
        <time>2026-04-18T13:47:51Z</time>
        <extensions>
          <speed>7.69</speed>
          <course>293.5</course>
        </extensions>
      </trkpt>
      <trkpt lat="48.5360013" lon="36.0528192">
        <ele>118.3</ele>
        <time>2026-04-18T13:47:51Z</time>
        <extensions>
          <speed>7.76</speed>
          <course>292.4</course>
        </extensions>
      </trkpt>
      <trkpt lat="48.5360045" lon="36.0528083">
        <ele>118.3</ele>
        <time>2026-04-18T13:47:52Z</time>
        <extensions>
          <speed>8.17</speed>
          <course>292.0</course>
        </extensions>
      </trkpt>
      <trkpt lat="48.5360073" lon="36.0527968">
        <ele>118.3</ele>
        <time>2026-04-18T13:47:52Z</time>
        <extensions>
          <speed>8.59</speed>
          <course>291.4</course>
        </extensions>
      </trkpt>
      <trkpt lat="48.5360103" lon="36.0527845">
        <ele>118.3</ele>
        <time>2026-04-18T13:47:52Z</time>
        <extensions>
          <speed>9.01</speed>
          <course>291.0</course>
        </extensions>
      </trkpt>
      <trkpt lat="48.5360128" lon="36.0527722">
        <ele>118.3</ele>
        <time>2026-04-18T13:47:52Z</time>
        <extensions>
          <speed>9.20</speed>
          <course>289.9</course>
        </extensions>
      </trkpt>
      <trkpt lat="48.5360148" lon="36.0527555">
        <ele>118.1</ele>
        <time>2026-04-18T13:47:52Z</time>
        <extensions>
          <speed>10.12</speed>
          <course>286.9</course>
        </extensions>
      </trkpt>
      <trkpt lat="48.5360178" lon="36.0527410">
        <ele>117.9</ele>
        <time>2026-04-18T13:47:52Z</time>
        <extensions>
          <speed>10.41</speed>
          <course>287.1</course>
        </extensions>
      </trkpt>
      <trkpt lat="48.5360212" lon="36.0527265">
        <ele>117.8</ele>
        <time>2026-04-18T13:47:52Z</time>
        <extensions>
          <speed>10.69</speed>
          <course>287.6</course>
        </extensions>
      </trkpt>
      <trkpt lat="48.5360257" lon="36.0527100">
        <ele>117.5</ele>
        <time>2026-04-18T13:47:52Z</time>
        <extensions>
          <speed>11.37</speed>
          <course>289.1</course>
        </extensions>
      </trkpt>
      <trkpt lat="48.5360303" lon="36.0526932">
        <ele>117.2</ele>
        <time>2026-04-18T13:47:52Z</time>
        <extensions>
          <speed>11.97</speed>
          <course>290.2</course>
        </extensions>
      </trkpt>
      <trkpt lat="48.5360347" lon="36.0526768">
        <ele>117.1</ele>
        <time>2026-04-18T13:47:52Z</time>
        <extensions>
          <speed>12.21</speed>
          <course>290.8</course>
        </extensions>
      </trkpt>
      <trkpt lat="48.5360385" lon="36.0526603">
        <ele>116.8</ele>
        <time>2026-04-18T13:47:53Z</time>
        <extensions>
          <speed>12.31</speed>
          <course>290.7</course>
        </extensions>
      </trkpt>
      <trkpt lat="48.5360422" lon="36.0526440">
        <ele>116.7</ele>
        <time>2026-04-18T13:47:53Z</time>
        <extensions>
          <speed>12.34</speed>
          <course>290.6</course>
        </extensions>
      </trkpt>
      <trkpt lat="48.5360452" lon="36.0526283">
        <ele>116.5</ele>
        <time>2026-04-18T13:47:53Z</time>
        <extensions>
          <speed>12.11</speed>
          <course>289.5</course>
        </extensions>
      </trkpt>
      <trkpt lat="48.5360483" lon="36.0526117">
        <ele>116.4</ele>
        <time>2026-04-18T13:47:53Z</time>
        <extensions>
          <speed>12.33</speed>
          <course>288.8</course>
        </extensions>
      </trkpt>
      <trkpt lat="48.5360517" lon="36.0525957">
        <ele>116.3</ele>
        <time>2026-04-18T13:47:53Z</time>
        <extensions>
          <speed>12.31</speed>
          <course>288.4</course>
        </extensions>
      </trkpt>
      <trkpt lat="48.5360547" lon="36.0525802">
        <ele>116.1</ele>
        <time>2026-04-18T13:47:53Z</time>
        <extensions>
          <speed>12.05</speed>
          <course>288.2</course>
        </extensions>
      </trkpt>
      <trkpt lat="48.5360570" lon="36.0525648">
        <ele>116.0</ele>
        <time>2026-04-18T13:47:53Z</time>
        <extensions>
          <speed>11.77</speed>
          <course>287.0</course>
        </extensions>
      </trkpt>
      <trkpt lat="48.5360600" lon="36.0525498">
        <ele>115.9</ele>
        <time>2026-04-18T13:47:53Z</time>
        <extensions>
          <speed>11.61</speed>
          <course>287.0</course>
        </extensions>
      </trkpt>
      <trkpt lat="48.5360625" lon="36.0525350">
        <ele>115.8</ele>
        <time>2026-04-18T13:47:53Z</time>
        <extensions>
          <speed>11.62</speed>
          <course>286.5</course>
        </extensions>
      </trkpt>
      <trkpt lat="48.5360648" lon="36.0525207">
        <ele>115.6</ele>
        <time>2026-04-18T13:47:53Z</time>
        <extensions>
          <speed>11.48</speed>
          <course>286.0</course>
        </extensions>
      </trkpt>
      <trkpt lat="48.5360670" lon="36.0525063">
        <ele>115.7</ele>
        <time>2026-04-18T13:47:54Z</time>
        <extensions>
          <speed>11.25</speed>
          <course>284.8</course>
        </extensions>
      </trkpt>
      <trkpt lat="48.5360697" lon="36.0524918">
        <ele>115.7</ele>
        <time>2026-04-18T13:47:54Z</time>
        <extensions>
          <speed>11.25</speed>
          <course>285.3</course>
        </extensions>
      </trkpt>
      <trkpt lat="48.5360722" lon="36.0524787">
        <ele>115.7</ele>
        <time>2026-04-18T13:47:54Z</time>
        <extensions>
          <speed>10.86</speed>
          <course>286.1</course>
        </extensions>
      </trkpt>
      <trkpt lat="48.5360750" lon="36.0524647">
        <ele>115.7</ele>
        <time>2026-04-18T13:47:54Z</time>
        <extensions>
          <speed>10.91</speed>
          <course>286.5</course>
        </extensions>
      </trkpt>
      <trkpt lat="48.5360770" lon="36.0524508">
        <ele>115.8</ele>
        <time>2026-04-18T13:47:54Z</time>
        <extensions>
          <speed>10.71</speed>
          <course>285.4</course>
        </extensions>
      </trkpt>
      <trkpt lat="48.5360793" lon="36.0524372">
        <ele>115.8</ele>
        <time>2026-04-18T13:47:54Z</time>
        <extensions>
          <speed>10.54</speed>
          <course>285.5</course>
        </extensions>
      </trkpt>
      <trkpt lat="48.5360818" lon="36.0524242">
        <ele>116.0</ele>
        <time>2026-04-18T13:47:54Z</time>
        <extensions>
          <speed>10.31</speed>
          <course>286.3</course>
        </extensions>
      </trkpt>
      <trkpt lat="48.5360847" lon="36.0524113">
        <ele>116.0</ele>
        <time>2026-04-18T13:47:54Z</time>
        <extensions>
          <speed>10.21</speed>
          <course>287.6</course>
        </extensions>
      </trkpt>
      <trkpt lat="48.5360867" lon="36.0523987">
        <ele>116.1</ele>
        <time>2026-04-18T13:47:54Z</time>
        <extensions>
          <speed>10.04</speed>
          <course>285.9</course>
        </extensions>
      </trkpt>
      <trkpt lat="48.5360890" lon="36.0523865">
        <ele>116.0</ele>
        <time>2026-04-18T13:47:54Z</time>
        <extensions>
          <speed>9.77</speed>
          <course>286.7</course>
        </extensions>
      </trkpt>
      <trkpt lat="48.5360915" lon="36.0523740">
        <ele>116.1</ele>
        <time>2026-04-18T13:47:55Z</time>
        <extensions>
          <speed>9.76</speed>
          <course>287.2</course>
        </extensions>
      </trkpt>
      <trkpt lat="48.5360940" lon="36.0523618">
        <ele>116.1</ele>
        <time>2026-04-18T13:47:55Z</time>
        <extensions>
          <speed>9.53</speed>
          <course>287.5</course>
        </extensions>
      </trkpt>
      <trkpt lat="48.5360967" lon="36.0523495">
        <ele>116.1</ele>
        <time>2026-04-18T13:47:55Z</time>
        <extensions>
          <speed>9.49</speed>
          <course>287.9</course>
        </extensions>
      </trkpt>
      <trkpt lat="48.5360992" lon="36.0523377">
        <ele>116.0</ele>
        <time>2026-04-18T13:47:55Z</time>
        <extensions>
          <speed>9.25</speed>
          <course>288.6</course>
        </extensions>
      </trkpt>
      <trkpt lat="48.5361017" lon="36.0523260">
        <ele>115.9</ele>
        <time>2026-04-18T13:47:55Z</time>
        <extensions>
          <speed>9.23</speed>
          <course>288.7</course>
        </extensions>
      </trkpt>
      <trkpt lat="48.5361042" lon="36.0523145">
        <ele>115.9</ele>
        <time>2026-04-18T13:47:55Z</time>
        <extensions>
          <speed>8.97</speed>
          <course>289.0</course>
        </extensions>
      </trkpt>
      <trkpt lat="48.5361067" lon="36.0523030">
        <ele>115.8</ele>
        <time>2026-04-18T13:47:55Z</time>
        <extensions>
          <speed>8.81</speed>
          <course>289.0</course>
        </extensions>
      </trkpt>
      <trkpt lat="48.5361088" lon="36.0522918">
        <ele>115.7</ele>
        <time>2026-04-18T13:47:55Z</time>
        <extensions>
          <speed>8.62</speed>
          <course>288.3</course>
        </extensions>
      </trkpt>
      <trkpt lat="48.5361117" lon="36.0522808">
        <ele>115.7</ele>
        <time>2026-04-18T13:47:55Z</time>
        <extensions>
          <speed>8.68</speed>
          <course>289.7</course>
        </extensions>
      </trkpt>
      <trkpt lat="48.5361138" lon="36.0522702">
        <ele>115.7</ele>
        <time>2026-04-18T13:47:55Z</time>
        <extensions>
          <speed>8.38</speed>
          <course>288.9</course>
        </extensions>
      </trkpt>
      <trkpt lat="48.5361163" lon="36.0522593">
        <ele>115.7</ele>
        <time>2026-04-18T13:47:56Z</time>
        <extensions>
          <speed>8.44</speed>
          <course>289.6</course>
        </extensions>
      </trkpt>
      <trkpt lat="48.5361182" lon="36.0522493">
        <ele>115.6</ele>
        <time>2026-04-18T13:47:56Z</time>
        <extensions>
          <speed>8.09</speed>
          <course>288.3</course>
        </extensions>
      </trkpt>
      <trkpt lat="48.5361205" lon="36.0522388">
        <ele>115.6</ele>
        <time>2026-04-18T13:47:56Z</time>
        <extensions>
          <speed>8.18</speed>
          <course>288.6</course>
        </extensions>
      </trkpt>
      <trkpt lat="48.5361225" lon="36.0522295">
        <ele>115.6</ele>
        <time>2026-04-18T13:47:56Z</time>
        <extensions>
          <speed>7.79</speed>
          <course>288.9</course>
        </extensions>
      </trkpt>
      <trkpt lat="48.5361250" lon="36.0522192">
        <ele>115.6</ele>
        <time>2026-04-18T13:47:56Z</time>
        <extensions>
          <speed>8.04</speed>
          <course>289.4</course>
        </extensions>
      </trkpt>
      <trkpt lat="48.5361265" lon="36.0522100">
        <ele>115.7</ele>
        <time>2026-04-18T13:47:56Z</time>
        <extensions>
          <speed>7.55</speed>
          <course>288.3</course>
        </extensions>
      </trkpt>
      <trkpt lat="48.5361285" lon="36.0522002">
        <ele>115.7</ele>
        <time>2026-04-18T13:47:56Z</time>
        <extensions>
          <speed>7.58</speed>
          <course>287.9</course>
        </extensions>
      </trkpt>
      <trkpt lat="48.5361297" lon="36.0521912">
        <ele>115.5</ele>
        <time>2026-04-18T13:47:56Z</time>
        <extensions>
          <speed>7.36</speed>
          <course>286.2</course>
        </extensions>
      </trkpt>
      <trkpt lat="48.5361313" lon="36.0521817">
        <ele>115.6</ele>
        <time>2026-04-18T13:47:56Z</time>
        <extensions>
          <speed>7.36</speed>
          <course>286.1</course>
        </extensions>
      </trkpt>
      <trkpt lat="48.5361328" lon="36.0521722">
        <ele>115.6</ele>
        <time>2026-04-18T13:47:56Z</time>
        <extensions>
          <speed>7.30</speed>
          <course>285.4</course>
        </extensions>
      </trkpt>
      <trkpt lat="48.5361340" lon="36.0521627">
        <ele>115.6</ele>
        <time>2026-04-18T13:47:57Z</time>
        <extensions>
          <speed>7.23</speed>
          <course>284.3</course>
        </extensions>
      </trkpt>
      <trkpt lat="48.5361348" lon="36.0521532">
        <ele>115.5</ele>
        <time>2026-04-18T13:47:57Z</time>
        <extensions>
          <speed>7.25</speed>
          <course>282.3</course>
        </extensions>
      </trkpt>
      <trkpt lat="48.5361360" lon="36.0521430">
        <ele>115.6</ele>
        <time>2026-04-18T13:47:57Z</time>
        <extensions>
          <speed>7.53</speed>
          <course>281.6</course>
        </extensions>
      </trkpt>
      <trkpt lat="48.5361382" lon="36.0521318">
        <ele>115.7</ele>
        <time>2026-04-18T13:47:57Z</time>
        <extensions>
          <speed>8.03</speed>
          <course>284.1</course>
        </extensions>
      </trkpt>
      <trkpt lat="48.5361395" lon="36.0521205">
        <ele>115.8</ele>
        <time>2026-04-18T13:47:57Z</time>
        <extensions>
          <speed>8.14</speed>
          <course>282.9</course>
        </extensions>
      </trkpt>
      <trkpt lat="48.5361405" lon="36.0521093">
        <ele>115.9</ele>
        <time>2026-04-18T13:47:57Z</time>
        <extensions>
          <speed>8.13</speed>
          <course>280.8</course>
        </extensions>
      </trkpt>
      <trkpt lat="48.5361412" lon="36.0520990">
        <ele>115.8</ele>
        <time>2026-04-18T13:47:57Z</time>
        <extensions>
          <speed>7.85</speed>
          <course>279.4</course>
        </extensions>
      </trkpt>
      <trkpt lat="48.5361415" lon="36.0520878">
        <ele>115.7</ele>
        <time>2026-04-18T13:47:57Z</time>
        <extensions>
          <speed>8.15</speed>
          <course>275.7</course>
        </extensions>
      </trkpt>
      <trkpt lat="48.5361413" lon="36.0520773">
        <ele>115.7</ele>
        <time>2026-04-18T13:47:57Z</time>
        <extensions>
          <speed>7.91</speed>
          <course>272.9</course>
        </extensions>
      </trkpt>
      <trkpt lat="48.5361415" lon="36.0520660">
        <ele>115.7</ele>
        <time>2026-04-18T13:47:57Z</time>
        <extensions>
          <speed>8.13</speed>
          <course>272.1</course>
        </extensions>
      </trkpt>
      <trkpt lat="48.5361410" lon="36.0520550">
        <ele>115.6</ele>
        <time>2026-04-18T13:47:58Z</time>
        <extensions>
          <speed>8.16</speed>
          <course>269.8</course>
        </extensions>
      </trkpt>
      <trkpt lat="48.5361408" lon="36.0520437">
        <ele>115.6</ele>
        <time>2026-04-18T13:47:58Z</time>
        <extensions>
          <speed>8.23</speed>
          <course>269.7</course>
        </extensions>
      </trkpt>
      <trkpt lat="48.5361403" lon="36.0520320">
        <ele>115.6</ele>
        <time>2026-04-18T13:47:58Z</time>
        <extensions>
          <speed>8.41</speed>
          <course>268.3</course>
        </extensions>
      </trkpt>
      <trkpt lat="48.5361392" lon="36.0520203">
        <ele>115.6</ele>
        <time>2026-04-18T13:47:58Z</time>
        <extensions>
          <speed>8.45</speed>
          <course>265.4</course>
        </extensions>
      </trkpt>
      <trkpt lat="48.5361387" lon="36.0520092">
        <ele>115.6</ele>
        <time>2026-04-18T13:47:58Z</time>
        <extensions>
          <speed>8.34</speed>
          <course>266.1</course>
        </extensions>
      </trkpt>
      <trkpt lat="48.5361375" lon="36.0519977">
        <ele>115.5</ele>
        <time>2026-04-18T13:47:58Z</time>
        <extensions>
          <speed>8.39</speed>
          <course>263.7</course>
        </extensions>
      </trkpt>
      <trkpt lat="48.5361367" lon="36.0519867">
        <ele>115.5</ele>
        <time>2026-04-18T13:47:58Z</time>
        <extensions>
          <speed>8.29</speed>
          <course>263.8</course>
        </extensions>
      </trkpt>
      <trkpt lat="48.5361353" lon="36.0519748">
        <ele>115.5</ele>
        <time>2026-04-18T13:47:58Z</time>
        <extensions>
          <speed>8.47</speed>
          <course>262.3</course>
        </extensions>
      </trkpt>
      <trkpt lat="48.5361335" lon="36.0519632">
        <ele>115.5</ele>
        <time>2026-04-18T13:47:58Z</time>
        <extensions>
          <speed>8.46</speed>
          <course>259.6</course>
        </extensions>
      </trkpt>
      <trkpt lat="48.5361322" lon="36.0519517">
        <ele>115.4</ele>
        <time>2026-04-18T13:47:58Z</time>
        <extensions>
          <speed>8.53</speed>
          <course>260.0</course>
        </extensions>
      </trkpt>
      <trkpt lat="48.5361303" lon="36.0519402">
        <ele>115.4</ele>
        <time>2026-04-18T13:47:59Z</time>
        <extensions>
          <speed>8.53</speed>
          <course>258.8</course>
        </extensions>
      </trkpt>
      <trkpt lat="48.5361280" lon="36.0519287">
        <ele>115.4</ele>
        <time>2026-04-18T13:47:59Z</time>
        <extensions>
          <speed>8.60</speed>
          <course>255.8</course>
        </extensions>
      </trkpt>
      <trkpt lat="48.5361258" lon="36.0519175">
        <ele>115.4</ele>
        <time>2026-04-18T13:47:59Z</time>
        <extensions>
          <speed>8.53</speed>
          <course>254.9</course>
        </extensions>
      </trkpt>
      <trkpt lat="48.5361238" lon="36.0519067">
        <ele>115.4</ele>
        <time>2026-04-18T13:47:59Z</time>
        <extensions>
          <speed>8.39</speed>
          <course>254.6</course>
        </extensions>
      </trkpt>
      <trkpt lat="48.5361210" lon="36.0518948">
        <ele>115.4</ele>
        <time>2026-04-18T13:47:59Z</time>
        <extensions>
          <speed>8.66</speed>
          <course>252.3</course>
        </extensions>
      </trkpt>
      <trkpt lat="48.5361183" lon="36.0518840">
        <ele>115.3</ele>
        <time>2026-04-18T13:47:59Z</time>
        <extensions>
          <speed>8.56</speed>
          <course>251.2</course>
        </extensions>
      </trkpt>
      <trkpt lat="48.5361162" lon="36.0518740">
        <ele>115.2</ele>
        <time>2026-04-18T13:47:59Z</time>
        <extensions>
          <speed>8.30</speed>
          <course>251.3</course>
        </extensions>
      </trkpt>
      <trkpt lat="48.5361128" lon="36.0518627">
        <ele>115.2</ele>
        <time>2026-04-18T13:47:59Z</time>
        <extensions>
          <speed>8.53</speed>
          <course>249.2</course>
        </extensions>
      </trkpt>
      <trkpt lat="48.5361097" lon="36.0518522">
        <ele>115.1</ele>
        <time>2026-04-18T13:47:59Z</time>
        <extensions>
          <speed>8.47</speed>
          <course>247.8</course>
        </extensions>
      </trkpt>
      <trkpt lat="48.5361063" lon="36.0518420">
        <ele>115.1</ele>
        <time>2026-04-18T13:47:59Z</time>
        <extensions>
          <speed>8.43</speed>
          <course>245.8</course>
        </extensions>
      </trkpt>
      <trkpt lat="48.5361027" lon="36.0518317">
        <ele>115.0</ele>
        <time>2026-04-18T13:48:00Z</time>
        <extensions>
          <speed>8.51</speed>
          <course>244.4</course>
        </extensions>
      </trkpt>
      <trkpt lat="48.5360988" lon="36.0518217">
        <ele>115.0</ele>
        <time>2026-04-18T13:48:00Z</time>
        <extensions>
          <speed>8.35</speed>
          <course>242.6</course>
        </extensions>
      </trkpt>
      <trkpt lat="48.5360947" lon="36.0518112">
        <ele>115.0</ele>
        <time>2026-04-18T13:48:00Z</time>
        <extensions>
          <speed>8.54</speed>
          <course>241.1</course>
        </extensions>
      </trkpt>
      <trkpt lat="48.5360900" lon="36.0518008">
        <ele>114.9</ele>
        <time>2026-04-18T13:48:00Z</time>
        <extensions>
          <speed>8.61</speed>
          <course>239.3</course>
        </extensions>
      </trkpt>
      <trkpt lat="48.5360855" lon="36.0517908">
        <ele>114.8</ele>
        <time>2026-04-18T13:48:00Z</time>
        <extensions>
          <speed>8.66</speed>
          <course>238.1</course>
        </extensions>
      </trkpt>
      <trkpt lat="48.5360807" lon="36.0517808">
        <ele>114.9</ele>
        <time>2026-04-18T13:48:00Z</time>
        <extensions>
          <speed>8.76</speed>
          <course>236.0</course>
        </extensions>
      </trkpt>
      <trkpt lat="48.5360762" lon="36.0517717">
        <ele>114.8</ele>
        <time>2026-04-18T13:48:00Z</time>
        <extensions>
          <speed>8.65</speed>
          <course>234.6</course>
        </extensions>
      </trkpt>
      <trkpt lat="48.5360717" lon="36.0517625">
        <ele>114.7</ele>
        <time>2026-04-18T13:48:00Z</time>
        <extensions>
          <speed>8.58</speed>
          <course>234.3</course>
        </extensions>
      </trkpt>
      <trkpt lat="48.5360670" lon="36.0517533">
        <ele>114.6</ele>
        <time>2026-04-18T13:48:00Z</time>
        <extensions>
          <speed>8.54</speed>
          <course>233.1</course>
        </extensions>
      </trkpt>
      <trkpt lat="48.5360623" lon="36.0517442">
        <ele>114.6</ele>
        <time>2026-04-18T13:48:00Z</time>
        <extensions>
          <speed>8.42</speed>
          <course>232.3</course>
        </extensions>
      </trkpt>
      <trkpt lat="48.5360578" lon="36.0517355">
        <ele>114.5</ele>
        <time>2026-04-18T13:48:01Z</time>
        <extensions>
          <speed>8.31</speed>
          <course>231.5</course>
        </extensions>
      </trkpt>
      <trkpt lat="48.5360530" lon="36.0517270">
        <ele>114.4</ele>
        <time>2026-04-18T13:48:01Z</time>
        <extensions>
          <speed>8.34</speed>
          <course>230.9</course>
        </extensions>
      </trkpt>
      <trkpt lat="48.5360482" lon="36.0517192">
        <ele>114.3</ele>
        <time>2026-04-18T13:48:01Z</time>
        <extensions>
          <speed>8.21</speed>
          <course>229.5</course>
        </extensions>
      </trkpt>
      <trkpt lat="48.5360432" lon="36.0517112">
        <ele>114.2</ele>
        <time>2026-04-18T13:48:01Z</time>
        <extensions>
          <speed>8.22</speed>
          <course>228.1</course>
        </extensions>
      </trkpt>
      <trkpt lat="48.5360378" lon="36.0517030">
        <ele>114.1</ele>
        <time>2026-04-18T13:48:01Z</time>
        <extensions>
          <speed>8.25</speed>
          <course>227.0</course>
        </extensions>
      </trkpt>
      <trkpt lat="48.5360327" lon="36.0516953">
        <ele>114.1</ele>
        <time>2026-04-18T13:48:01Z</time>
        <extensions>
          <speed>8.11</speed>
          <course>225.5</course>
        </extensions>
      </trkpt>
      <trkpt lat="48.5360275" lon="36.0516877">
        <ele>114.1</ele>
        <time>2026-04-18T13:48:01Z</time>
        <extensions>
          <speed>8.03</speed>
          <course>224.7</course>
        </extensions>
      </trkpt>
      <trkpt lat="48.5360223" lon="36.0516797">
        <ele>114.1</ele>
        <time>2026-04-18T13:48:01Z</time>
        <extensions>
          <speed>8.09</speed>
          <course>225.1</course>
        </extensions>
      </trkpt>
      <trkpt lat="48.5360177" lon="36.0516722">
        <ele>114.1</ele>
        <time>2026-04-18T13:48:01Z</time>
        <extensions>
          <speed>7.90</speed>
          <course>225.1</course>
        </extensions>
      </trkpt>
      <trkpt lat="48.5360128" lon="36.0516652">
        <ele>114.2</ele>
        <time>2026-04-18T13:48:01Z</time>
        <extensions>
          <speed>7.65</speed>
          <course>223.5</course>
        </extensions>
      </trkpt>
      <trkpt lat="48.5360072" lon="36.0516573">
        <ele>114.3</ele>
        <time>2026-04-18T13:48:02Z</time>
        <extensions>
          <speed>7.82</speed>
          <course>222.6</course>
        </extensions>
      </trkpt>
      <trkpt lat="48.5360023" lon="36.0516503">
        <ele>114.3</ele>
        <time>2026-04-18T13:48:02Z</time>
        <extensions>
          <speed>7.70</speed>
          <course>222.1</course>
        </extensions>
      </trkpt>
      <trkpt lat="48.5359975" lon="36.0516437">
        <ele>114.3</ele>
        <time>2026-04-18T13:48:02Z</time>
        <extensions>
          <speed>7.49</speed>
          <course>221.1</course>
        </extensions>
      </trkpt>
      <trkpt lat="48.5359930" lon="36.0516370">
        <ele>114.1</ele>
        <time>2026-04-18T13:48:02Z</time>
        <extensions>
          <speed>7.42</speed>
          <course>221.3</course>
        </extensions>
      </trkpt>
      <trkpt lat="48.5359885" lon="36.0516302">
        <ele>114.1</ele>
        <time>2026-04-18T13:48:02Z</time>
        <extensions>
          <speed>7.36</speed>
          <course>222.1</course>
        </extensions>
      </trkpt>
      <trkpt lat="48.5359845" lon="36.0516240">
        <ele>114.1</ele>
        <time>2026-04-18T13:48:02Z</time>
        <extensions>
          <speed>7.12</speed>
          <course>222.5</course>
        </extensions>
      </trkpt>
      <trkpt lat="48.5359802" lon="36.0516178">
        <ele>114.0</ele>
        <time>2026-04-18T13:48:02Z</time>
        <extensions>
          <speed>6.97</speed>
          <course>222.4</course>
        </extensions>
      </trkpt>
      <trkpt lat="48.5359757" lon="36.0516117">
        <ele>113.9</ele>
        <time>2026-04-18T13:48:02Z</time>
        <extensions>
          <speed>6.93</speed>
          <course>221.7</course>
        </extensions>
      </trkpt>
      <trkpt lat="48.5359712" lon="36.0516057">
        <ele>113.9</ele>
        <time>2026-04-18T13:48:02Z</time>
        <extensions>
          <speed>6.81</speed>
          <course>221.4</course>
        </extensions>
      </trkpt>
      <trkpt lat="48.5359667" lon="36.0516003">
        <ele>113.9</ele>
        <time>2026-04-18T13:48:02Z</time>
        <extensions>
          <speed>6.71</speed>
          <course>219.8</course>
        </extensions>
      </trkpt>
      <trkpt lat="48.5359623" lon="36.0515948">
        <ele>113.9</ele>
        <time>2026-04-18T13:48:03Z</time>
        <extensions>
          <speed>6.55</speed>
          <course>219.2</course>
        </extensions>
      </trkpt>
      <trkpt lat="48.5359583" lon="36.0515893">
        <ele>113.8</ele>
        <time>2026-04-18T13:48:03Z</time>
        <extensions>
          <speed>6.38</speed>
          <course>219.5</course>
        </extensions>
      </trkpt>
      <trkpt lat="48.5359540" lon="36.0515842">
        <ele>113.9</ele>
        <time>2026-04-18T13:48:03Z</time>
        <extensions>
          <speed>6.26</speed>
          <course>218.8</course>
        </extensions>
      </trkpt>
      <trkpt lat="48.5359497" lon="36.0515792">
        <ele>113.9</ele>
        <time>2026-04-18T13:48:03Z</time>
        <extensions>
          <speed>6.09</speed>
          <course>218.0</course>
        </extensions>
      </trkpt>
      <trkpt lat="48.5359455" lon="36.0515747">
        <ele>113.8</ele>
        <time>2026-04-18T13:48:03Z</time>
        <extensions>
          <speed>6.00</speed>
          <course>217.0</course>
        </extensions>
      </trkpt>
      <trkpt lat="48.5359412" lon="36.0515697">
        <ele>113.9</ele>
        <time>2026-04-18T13:48:03Z</time>
        <extensions>
          <speed>5.85</speed>
          <course>216.5</course>
        </extensions>
      </trkpt>
      <trkpt lat="48.5359368" lon="36.0515657">
        <ele>113.9</ele>
        <time>2026-04-18T13:48:03Z</time>
        <extensions>
          <speed>5.75</speed>
          <course>214.7</course>
        </extensions>
      </trkpt>
      <trkpt lat="48.5359328" lon="36.0515613">
        <ele>113.9</ele>
        <time>2026-04-18T13:48:03Z</time>
        <extensions>
          <speed>5.69</speed>
          <course>214.6</course>
        </extensions>
      </trkpt>
      <trkpt lat="48.5359287" lon="36.0515565">
        <ele>114.0</ele>
        <time>2026-04-18T13:48:03Z</time>
        <extensions>
          <speed>5.76</speed>
          <course>215.1</course>
        </extensions>
      </trkpt>
      <trkpt lat="48.5359243" lon="36.0515520">
        <ele>113.9</ele>
        <time>2026-04-18T13:48:03Z</time>
        <extensions>
          <speed>5.78</speed>
          <course>214.6</course>
        </extensions>
      </trkpt>
      <trkpt lat="48.5359200" lon="36.0515472">
        <ele>114.0</ele>
        <time>2026-04-18T13:48:04Z</time>
        <extensions>
          <speed>5.79</speed>
          <course>214.9</course>
        </extensions>
      </trkpt>
      <trkpt lat="48.5359108" lon="36.0515370">
        <ele>113.8</ele>
        <time>2026-04-18T13:48:04Z</time>
        <extensions>
          <speed>6.27</speed>
          <course>216.2</course>
        </extensions>
      </trkpt>
      <trkpt lat="48.5359067" lon="36.0515323">
        <ele>113.7</ele>
        <time>2026-04-18T13:48:04Z</time>
        <extensions>
          <speed>6.27</speed>
          <course>215.6</course>
        </extensions>
      </trkpt>
      <trkpt lat="48.5359023" lon="36.0515285">
        <ele>113.5</ele>
        <time>2026-04-18T13:48:04Z</time>
        <extensions>
          <speed>6.17</speed>
          <course>213.2</course>
        </extensions>
      </trkpt>
      <trkpt lat="48.5358985" lon="36.0515237">
        <ele>113.2</ele>
        <time>2026-04-18T13:48:04Z</time>
        <extensions>
          <speed>6.41</speed>
          <course>214.7</course>
        </extensions>
      </trkpt>
      <trkpt lat="48.5358938" lon="36.0515180">
        <ele>113.0</ele>
        <time>2026-04-18T13:48:04Z</time>
        <extensions>
          <speed>6.75</speed>
          <course>215.9</course>
        </extensions>
      </trkpt>
      <trkpt lat="48.5358898" lon="36.0515135">
        <ele>112.8</ele>
        <time>2026-04-18T13:48:04Z</time>
        <extensions>
          <speed>6.72</speed>
          <course>215.2</course>
        </extensions>
      </trkpt>
      <trkpt lat="48.5358857" lon="36.0515095">
        <ele>112.5</ele>
        <time>2026-04-18T13:48:04Z</time>
        <extensions>
          <speed>6.68</speed>
          <course>212.8</course>
        </extensions>
      </trkpt>
      <trkpt lat="48.5358828" lon="36.0515062">
        <ele>112.0</ele>
        <time>2026-04-18T13:48:04Z</time>
        <extensions>
          <speed>6.40</speed>
          <course>213.2</course>
        </extensions>
      </trkpt>
      <trkpt lat="48.5358788" lon="36.0515013">
        <ele>111.9</ele>
        <time>2026-04-18T13:48:05Z</time>
        <extensions>
          <speed>6.40</speed>
          <course>214.4</course>
        </extensions>
      </trkpt>
      <trkpt lat="48.5358693" lon="36.0514913">
        <ele>111.8</ele>
        <time>2026-04-18T13:48:05Z</time>
        <extensions>
          <speed>6.47</speed>
          <course>213.6</course>
        </extensions>
      </trkpt>
      <trkpt lat="48.5358648" lon="36.0514860">
        <ele>111.6</ele>
        <time>2026-04-18T13:48:05Z</time>
        <extensions>
          <speed>6.63</speed>
          <course>214.7</course>
        </extensions>
      </trkpt>
      <trkpt lat="48.5358607" lon="36.0514823">
        <ele>111.6</ele>
        <time>2026-04-18T13:48:05Z</time>
        <extensions>
          <speed>6.22</speed>
          <course>212.5</course>
        </extensions>
      </trkpt>
      <trkpt lat="48.5358557" lon="36.0514767">
        <ele>111.4</ele>
        <time>2026-04-18T13:48:05Z</time>
        <extensions>
          <speed>6.68</speed>
          <course>213.0</course>
        </extensions>
      </trkpt>
      <trkpt lat="48.5358510" lon="36.0514720">
        <ele>111.3</ele>
        <time>2026-04-18T13:48:05Z</time>
        <extensions>
          <speed>6.60</speed>
          <course>212.6</course>
        </extensions>
      </trkpt>
      <trkpt lat="48.5358458" lon="36.0514672">
        <ele>111.2</ele>
        <time>2026-04-18T13:48:05Z</time>
        <extensions>
          <speed>6.76</speed>
          <course>211.8</course>
        </extensions>
      </trkpt>
      <trkpt lat="48.5358402" lon="36.0514618">
        <ele>111.1</ele>
        <time>2026-04-18T13:48:05Z</time>
        <extensions>
          <speed>6.89</speed>
          <course>211.8</course>
        </extensions>
      </trkpt>
      <trkpt lat="48.5358355" lon="36.0514573">
        <ele>110.9</ele>
        <time>2026-04-18T13:48:05Z</time>
        <extensions>
          <speed>6.65</speed>
          <course>212.0</course>
        </extensions>
      </trkpt>
      <trkpt lat="48.5358298" lon="36.0514522">
        <ele>110.8</ele>
        <time>2026-04-18T13:48:06Z</time>
        <extensions>
          <speed>6.84</speed>
          <course>211.7</course>
        </extensions>
      </trkpt>
      <trkpt lat="48.5358190" lon="36.0514422">
        <ele>110.7</ele>
        <time>2026-04-18T13:48:06Z</time>
        <extensions>
          <speed>6.90</speed>
          <course>211.3</course>
        </extensions>
      </trkpt>
      <trkpt lat="48.5358135" lon="36.0514372">
        <ele>110.5</ele>
        <time>2026-04-18T13:48:06Z</time>
        <extensions>
          <speed>6.95</speed>
          <course>211.5</course>
        </extensions>
      </trkpt>
      <trkpt lat="48.5358078" lon="36.0514317">
        <ele>110.4</ele>
        <time>2026-04-18T13:48:06Z</time>
        <extensions>
          <speed>6.99</speed>
          <course>211.8</course>
        </extensions>
      </trkpt>
      <trkpt lat="48.5358023" lon="36.0514265">
        <ele>110.6</ele>
        <time>2026-04-18T13:48:06Z</time>
        <extensions>
          <speed>6.85</speed>
          <course>211.8</course>
        </extensions>
      </trkpt>
      <trkpt lat="48.5357968" lon="36.0514212">
        <ele>110.5</ele>
        <time>2026-04-18T13:48:06Z</time>
        <extensions>
          <speed>6.87</speed>
          <course>212.3</course>
        </extensions>
      </trkpt>
      <trkpt lat="48.5357913" lon="36.0514158">
        <ele>110.3</ele>
        <time>2026-04-18T13:48:06Z</time>
        <extensions>
          <speed>6.98</speed>
          <course>212.4</course>
        </extensions>
      </trkpt>
      <trkpt lat="48.5357855" lon="36.0514105">
        <ele>110.3</ele>
        <time>2026-04-18T13:48:06Z</time>
        <extensions>
          <speed>7.08</speed>
          <course>211.1</course>
        </extensions>
      </trkpt>
      <trkpt lat="48.5357803" lon="36.0514052">
        <ele>110.4</ele>
        <time>2026-04-18T13:48:06Z</time>
        <extensions>
          <speed>6.82</speed>
          <course>212.9</course>
        </extensions>
      </trkpt>
      <trkpt lat="48.5357747" lon="36.0513995">
        <ele>110.4</ele>
        <time>2026-04-18T13:48:07Z</time>
        <extensions>
          <speed>6.98</speed>
          <course>212.8</course>
        </extensions>
      </trkpt>
      <trkpt lat="48.5357635" lon="36.0513893">
        <ele>110.3</ele>
        <time>2026-04-18T13:48:07Z</time>
        <extensions>
          <speed>6.92</speed>
          <course>211.0</course>
        </extensions>
      </trkpt>
      <trkpt lat="48.5357577" lon="36.0513843">
        <ele>110.2</ele>
        <time>2026-04-18T13:48:07Z</time>
        <extensions>
          <speed>6.94</speed>
          <course>210.3</course>
        </extensions>
      </trkpt>
      <trkpt lat="48.5357523" lon="36.0513788">
        <ele>110.2</ele>
        <time>2026-04-18T13:48:07Z</time>
        <extensions>
          <speed>6.80</speed>
          <course>211.9</course>
        </extensions>
      </trkpt>
      <trkpt lat="48.5357467" lon="36.0513737">
        <ele>110.1</ele>
        <time>2026-04-18T13:48:07Z</time>
        <extensions>
          <speed>6.91</speed>
          <course>211.1</course>
        </extensions>
      </trkpt>
      <trkpt lat="48.5357408" lon="36.0513688">
        <ele>110.1</ele>
        <time>2026-04-18T13:48:07Z</time>
        <extensions>
          <speed>6.95</speed>
          <course>209.0</course>
        </extensions>
      </trkpt>
      <trkpt lat="48.5357355" lon="36.0513642">
        <ele>110.0</ele>
        <time>2026-04-18T13:48:07Z</time>
        <extensions>
          <speed>6.76</speed>
          <course>209.6</course>
        </extensions>
      </trkpt>
      <trkpt lat="48.5357295" lon="36.0513592">
        <ele>110.0</ele>
        <time>2026-04-18T13:48:07Z</time>
        <extensions>
          <speed>6.99</speed>
          <course>208.6</course>
        </extensions>
      </trkpt>
      <trkpt lat="48.5357245" lon="36.0513550">
        <ele>109.8</ele>
        <time>2026-04-18T13:48:07Z</time>
        <extensions>
          <speed>6.59</speed>
          <course>208.7</course>
        </extensions>
      </trkpt>
      <trkpt lat="48.5357185" lon="36.0513505">
        <ele>109.9</ele>
        <time>2026-04-18T13:48:08Z</time>
        <extensions>
          <speed>6.70</speed>
          <course>206.8</course>
        </extensions>
      </trkpt>
      <trkpt lat="48.5357137" lon="36.0513467">
        <ele>109.6</ele>
        <time>2026-04-18T13:48:08Z</time>
        <extensions>
          <speed>6.45</speed>
          <course>207.3</course>
        </extensions>
      </trkpt>
      <trkpt lat="48.5357077" lon="36.0513418">
        <ele>109.6</ele>
        <time>2026-04-18T13:48:08Z</time>
        <extensions>
          <speed>6.75</speed>
          <course>207.1</course>
        </extensions>
      </trkpt>
      <trkpt lat="48.5357020" lon="36.0513378">
        <ele>109.6</ele>
        <time>2026-04-18T13:48:08Z</time>
        <extensions>
          <speed>6.62</speed>
          <course>206.6</course>
        </extensions>
      </trkpt>
      <trkpt lat="48.5356968" lon="36.0513335">
        <ele>109.7</ele>
        <time>2026-04-18T13:48:08Z</time>
        <extensions>
          <speed>6.37</speed>
          <course>209.2</course>
        </extensions>
      </trkpt>
      <trkpt lat="48.5356918" lon="36.0513297">
        <ele>109.5</ele>
        <time>2026-04-18T13:48:08Z</time>
        <extensions>
          <speed>6.25</speed>
          <course>208.5</course>
        </extensions>
      </trkpt>
      <trkpt lat="48.5356862" lon="36.0513255">
        <ele>109.5</ele>
        <time>2026-04-18T13:48:08Z</time>
        <extensions>
          <speed>6.47</speed>
          <course>207.2</course>
        </extensions>
      </trkpt>
      <trkpt lat="48.5356810" lon="36.0513213">
        <ele>109.4</ele>
        <time>2026-04-18T13:48:08Z</time>
        <extensions>
          <speed>6.49</speed>
          <course>208.6</course>
        </extensions>
      </trkpt>
      <trkpt lat="48.5356757" lon="36.0513168">
        <ele>109.4</ele>
        <time>2026-04-18T13:48:08Z</time>
        <extensions>
          <speed>6.47</speed>
          <course>209.5</course>
        </extensions>
      </trkpt>
      <trkpt lat="48.5356703" lon="36.0513127">
        <ele>109.4</ele>
        <time>2026-04-18T13:48:08Z</time>
        <extensions>
          <speed>6.37</speed>
          <course>208.5</course>
        </extensions>
      </trkpt>
      <trkpt lat="48.5356650" lon="36.0513078">
        <ele>109.3</ele>
        <time>2026-04-18T13:48:09Z</time>
        <extensions>
          <speed>6.57</speed>
          <course>210.2</course>
        </extensions>
      </trkpt>
      <trkpt lat="48.5356605" lon="36.0513035">
        <ele>109.2</ele>
        <time>2026-04-18T13:48:09Z</time>
        <extensions>
          <speed>6.28</speed>
          <course>211.7</course>
        </extensions>
      </trkpt>
      <trkpt lat="48.5356552" lon="36.0512988">
        <ele>109.2</ele>
        <time>2026-04-18T13:48:09Z</time>
        <extensions>
          <speed>6.35</speed>
          <course>210.9</course>
        </extensions>
      </trkpt>
      <trkpt lat="48.5356503" lon="36.0512945">
        <ele>109.2</ele>
        <time>2026-04-18T13:48:09Z</time>
        <extensions>
          <speed>6.20</speed>
          <course>211.3</course>
        </extensions>
      </trkpt>
      <trkpt lat="48.5356455" lon="36.0512898">
        <ele>109.1</ele>
        <time>2026-04-18T13:48:09Z</time>
        <extensions>
          <speed>6.23</speed>
          <course>211.4</course>
        </extensions>
      </trkpt>
      <trkpt lat="48.5356405" lon="36.0512850">
        <ele>109.1</ele>
        <time>2026-04-18T13:48:09Z</time>
        <extensions>
          <speed>6.29</speed>
          <course>212.7</course>
        </extensions>
      </trkpt>
      <trkpt lat="48.5356357" lon="36.0512800">
        <ele>109.0</ele>
        <time>2026-04-18T13:48:09Z</time>
        <extensions>
          <speed>6.33</speed>
          <course>213.5</course>
        </extensions>
      </trkpt>
      <trkpt lat="48.5356307" lon="36.0512752">
        <ele>109.0</ele>
        <time>2026-04-18T13:48:09Z</time>
        <extensions>
          <speed>6.33</speed>
          <course>212.8</course>
        </extensions>
      </trkpt>
      <trkpt lat="48.5356260" lon="36.0512705">
        <ele>108.9</ele>
        <time>2026-04-18T13:48:09Z</time>
        <extensions>
          <speed>6.18</speed>
          <course>212.6</course>
        </extensions>
      </trkpt>
      <trkpt lat="48.5356215" lon="36.0512655">
        <ele>108.9</ele>
        <time>2026-04-18T13:48:09Z</time>
        <extensions>
          <speed>6.13</speed>
          <course>213.5</course>
        </extensions>
      </trkpt>
      <trkpt lat="48.5356167" lon="36.0512602">
        <ele>108.8</ele>
        <time>2026-04-18T13:48:10Z</time>
        <extensions>
          <speed>6.26</speed>
          <course>214.6</course>
        </extensions>
      </trkpt>
      <trkpt lat="48.5356120" lon="36.0512553">
        <ele>108.8</ele>
        <time>2026-04-18T13:48:10Z</time>
        <extensions>
          <speed>6.22</speed>
          <course>213.8</course>
        </extensions>
      </trkpt>
      <trkpt lat="48.5356072" lon="36.0512507">
        <ele>108.7</ele>
        <time>2026-04-18T13:48:10Z</time>
        <extensions>
          <speed>6.17</speed>
          <course>213.3</course>
        </extensions>
      </trkpt>
      <trkpt lat="48.5356023" lon="36.0512453">
        <ele>108.7</ele>
        <time>2026-04-18T13:48:10Z</time>
        <extensions>
          <speed>6.42</speed>
          <course>214.1</course>
        </extensions>
      </trkpt>
      <trkpt lat="48.5355973" lon="36.0512400">
        <ele>108.7</ele>
        <time>2026-04-18T13:48:10Z</time>
        <extensions>
          <speed>6.54</speed>
          <course>214.4</course>
        </extensions>
      </trkpt>
      <trkpt lat="48.5355920" lon="36.0512347">
        <ele>108.7</ele>
        <time>2026-04-18T13:48:10Z</time>
        <extensions>
          <speed>6.74</speed>
          <course>213.5</course>
        </extensions>
      </trkpt>
      <trkpt lat="48.5355867" lon="36.0512297">
        <ele>108.6</ele>
        <time>2026-04-18T13:48:10Z</time>
        <extensions>
          <speed>6.89</speed>
          <course>212.2</course>
        </extensions>
      </trkpt>
      <trkpt lat="48.5355813" lon="36.0512242">
        <ele>108.7</ele>
        <time>2026-04-18T13:48:10Z</time>
        <extensions>
          <speed>6.92</speed>
          <course>213.2</course>
        </extensions>
      </trkpt>
      <trkpt lat="48.5355758" lon="36.0512190">
        <ele>108.6</ele>
        <time>2026-04-18T13:48:10Z</time>
        <extensions>
          <speed>7.14</speed>
          <course>212.7</course>
        </extensions>
      </trkpt>
      <trkpt lat="48.5355705" lon="36.0512137">
        <ele>108.6</ele>
        <time>2026-04-18T13:48:10Z</time>
        <extensions>
          <speed>7.10</speed>
          <course>212.3</course>
        </extensions>
      </trkpt>
      <trkpt lat="48.5355653" lon="36.0512087">
        <ele>108.5</ele>
        <time>2026-04-18T13:48:11Z</time>
        <extensions>
          <speed>6.92</speed>
          <course>212.5</course>
        </extensions>
      </trkpt>
      <trkpt lat="48.5355593" lon="36.0512032">
        <ele>108.5</ele>
        <time>2026-04-18T13:48:11Z</time>
        <extensions>
          <speed>7.32</speed>
          <course>212.3</course>
        </extensions>
      </trkpt>
      <trkpt lat="48.5355533" lon="36.0511978">
        <ele>108.5</ele>
        <time>2026-04-18T13:48:11Z</time>
        <extensions>
          <speed>7.47</speed>
          <course>210.9</course>
        </extensions>
      </trkpt>
      <trkpt lat="48.5355475" lon="36.0511927">
        <ele>108.5</ele>
        <time>2026-04-18T13:48:11Z</time>
        <extensions>
          <speed>7.49</speed>
          <course>210.2</course>
        </extensions>
      </trkpt>
      <trkpt lat="48.5355415" lon="36.0511875">
        <ele>108.4</ele>
        <time>2026-04-18T13:48:11Z</time>
        <extensions>
          <speed>7.45</speed>
          <course>210.1</course>
        </extensions>
      </trkpt>
      <trkpt lat="48.5355360" lon="36.0511827">
        <ele>108.4</ele>
        <time>2026-04-18T13:48:11Z</time>
        <extensions>
          <speed>7.23</speed>
          <course>209.5</course>
        </extensions>
      </trkpt>
      <trkpt lat="48.5355298" lon="36.0511777">
        <ele>108.4</ele>
        <time>2026-04-18T13:48:11Z</time>
        <extensions>
          <speed>7.50</speed>
          <course>209.1</course>
        </extensions>
      </trkpt>
      <trkpt lat="48.5355240" lon="36.0511732">
        <ele>108.4</ele>
        <time>2026-04-18T13:48:11Z</time>
        <extensions>
          <speed>7.37</speed>
          <course>208.3</course>
        </extensions>
      </trkpt>
      <trkpt lat="48.5355185" lon="36.0511687">
        <ele>108.5</ele>
        <time>2026-04-18T13:48:11Z</time>
        <extensions>
          <speed>7.11</speed>
          <course>208.2</course>
        </extensions>
      </trkpt>
      <trkpt lat="48.5355127" lon="36.0511643">
        <ele>108.5</ele>
        <time>2026-04-18T13:48:11Z</time>
        <extensions>
          <speed>7.20</speed>
          <course>207.0</course>
        </extensions>
      </trkpt>
      <trkpt lat="48.5355070" lon="36.0511598">
        <ele>108.5</ele>
        <time>2026-04-18T13:48:12Z</time>
        <extensions>
          <speed>7.15</speed>
          <course>207.3</course>
        </extensions>
      </trkpt>
      <trkpt lat="48.5355012" lon="36.0511553">
        <ele>108.5</ele>
        <time>2026-04-18T13:48:12Z</time>
        <extensions>
          <speed>7.17</speed>
          <course>207.1</course>
        </extensions>
      </trkpt>
      <trkpt lat="48.5354950" lon="36.0511507">
        <ele>108.6</ele>
        <time>2026-04-18T13:48:12Z</time>
        <extensions>
          <speed>7.42</speed>
          <course>206.5</course>
        </extensions>
      </trkpt>
      <trkpt lat="48.5354890" lon="36.0511447">
        <ele>108.8</ele>
        <time>2026-04-18T13:48:12Z</time>
        <extensions>
          <speed>7.43</speed>
          <course>210.2</course>
        </extensions>
      </trkpt>
      <trkpt lat="48.5354830" lon="36.0511415">
        <ele>109.0</ele>
        <time>2026-04-18T13:48:12Z</time>
        <extensions>
          <speed>6.94</speed>
          <course>203.6</course>
        </extensions>
      </trkpt>
      <trkpt lat="48.5354772" lon="36.0511363">
        <ele>109.1</ele>
        <time>2026-04-18T13:48:12Z</time>
        <extensions>
          <speed>7.02</speed>
          <course>206.8</course>
        </extensions>
      </trkpt>
      <trkpt lat="48.5354720" lon="36.0511323">
        <ele>109.2</ele>
        <time>2026-04-18T13:48:12Z</time>
        <extensions>
          <speed>6.75</speed>
          <course>207.5</course>
        </extensions>
      </trkpt>
      <trkpt lat="48.5354663" lon="36.0511280">
        <ele>109.2</ele>
        <time>2026-04-18T13:48:12Z</time>
        <extensions>
          <speed>6.81</speed>
          <course>207.9</course>
        </extensions>
      </trkpt>
      <trkpt lat="48.5354605" lon="36.0511232">
        <ele>109.3</ele>
        <time>2026-04-18T13:48:12Z</time>
        <extensions>
          <speed>6.92</speed>
          <course>209.0</course>
        </extensions>
      </trkpt>
      <trkpt lat="48.5354553" lon="36.0511190">
        <ele>109.5</ele>
        <time>2026-04-18T13:48:12Z</time>
        <extensions>
          <speed>6.58</speed>
          <course>208.4</course>
        </extensions>
      </trkpt>
      <trkpt lat="48.5354493" lon="36.0511145">
        <ele>109.6</ele>
        <time>2026-04-18T13:48:13Z</time>
        <extensions>
          <speed>6.75</speed>
          <course>207.3</course>
        </extensions>
      </trkpt>
      <trkpt lat="48.5354378" lon="36.0511050">
        <ele>109.9</ele>
        <time>2026-04-18T13:48:13Z</time>
        <extensions>
          <speed>6.97</speed>
          <course>208.3</course>
        </extensions>
      </trkpt>
      <trkpt lat="48.5354315" lon="36.0511007">
        <ele>110.1</ele>
        <time>2026-04-18T13:48:13Z</time>
        <extensions>
          <speed>7.30</speed>
          <course>206.0</course>
        </extensions>
      </trkpt>
      <trkpt lat="48.5354253" lon="36.0510958">
        <ele>110.1</ele>
        <time>2026-04-18T13:48:13Z</time>
        <extensions>
          <speed>7.33</speed>
          <course>206.6</course>
        </extensions>
      </trkpt>
      <trkpt lat="48.5354192" lon="36.0510922">
        <ele>110.2</ele>
        <time>2026-04-18T13:48:13Z</time>
        <extensions>
          <speed>7.25</speed>
          <course>204.2</course>
        </extensions>
      </trkpt>
      <trkpt lat="48.5354133" lon="36.0510878">
        <ele>110.1</ele>
        <time>2026-04-18T13:48:13Z</time>
        <extensions>
          <speed>7.23</speed>
          <course>205.4</course>
        </extensions>
      </trkpt>
      <trkpt lat="48.5354073" lon="36.0510837">
        <ele>110.2</ele>
        <time>2026-04-18T13:48:13Z</time>
        <extensions>
          <speed>7.23</speed>
          <course>204.5</course>
        </extensions>
      </trkpt>
      <trkpt lat="48.5354010" lon="36.0510798">
        <ele>110.1</ele>
        <time>2026-04-18T13:48:13Z</time>
        <extensions>
          <speed>7.38</speed>
          <course>203.2</course>
        </extensions>
      </trkpt>
      <trkpt lat="48.5353948" lon="36.0510755">
        <ele>110.1</ele>
        <time>2026-04-18T13:48:13Z</time>
        <extensions>
          <speed>7.39</speed>
          <course>204.2</course>
        </extensions>
      </trkpt>
      <trkpt lat="48.5353887" lon="36.0510710">
        <ele>110.2</ele>
        <time>2026-04-18T13:48:14Z</time>
        <extensions>
          <speed>7.46</speed>
          <course>205.0</course>
        </extensions>
      </trkpt>
      <trkpt lat="48.5353823" lon="36.0510665">
        <ele>110.2</ele>
        <time>2026-04-18T13:48:14Z</time>
        <extensions>
          <speed>7.60</speed>
          <course>204.5</course>
        </extensions>
      </trkpt>
      <trkpt lat="48.5353758" lon="36.0510617">
        <ele>110.2</ele>
        <time>2026-04-18T13:48:14Z</time>
        <extensions>
          <speed>7.73</speed>
          <course>205.4</course>
        </extensions>
      </trkpt>
      <trkpt lat="48.5353697" lon="36.0510572">
        <ele>110.3</ele>
        <time>2026-04-18T13:48:14Z</time>
        <extensions>
          <speed>7.64</speed>
          <course>205.8</course>
        </extensions>
      </trkpt>
      <trkpt lat="48.5353632" lon="36.0510520">
        <ele>110.3</ele>
        <time>2026-04-18T13:48:14Z</time>
        <extensions>
          <speed>7.83</speed>
          <course>206.6</course>
        </extensions>
      </trkpt>
      <trkpt lat="48.5353570" lon="36.0510472">
        <ele>110.2</ele>
        <time>2026-04-18T13:48:14Z</time>
        <extensions>
          <speed>7.74</speed>
          <course>207.1</course>
        </extensions>
      </trkpt>
      <trkpt lat="48.5353503" lon="36.0510418">
        <ele>110.4</ele>
        <time>2026-04-18T13:48:14Z</time>
        <extensions>
          <speed>7.96</speed>
          <course>207.7</course>
        </extensions>
      </trkpt>
      <trkpt lat="48.5353437" lon="36.0510363">
        <ele>110.4</ele>
        <time>2026-04-18T13:48:14Z</time>
        <extensions>
          <speed>8.13</speed>
          <course>208.3</course>
        </extensions>
      </trkpt>
      <trkpt lat="48.5353375" lon="36.0510318">
        <ele>110.4</ele>
        <time>2026-04-18T13:48:14Z</time>
        <extensions>
          <speed>7.79</speed>
          <course>207.3</course>
        </extensions>
      </trkpt>
      <trkpt lat="48.5353303" lon="36.0510273">
        <ele>110.5</ele>
        <time>2026-04-18T13:48:14Z</time>
        <extensions>
          <speed>8.14</speed>
          <course>204.5</course>
        </extensions>
      </trkpt>
      <trkpt lat="48.5353237" lon="36.0510243">
        <ele>110.6</ele>
        <time>2026-04-18T13:48:15Z</time>
        <extensions>
          <speed>7.93</speed>
          <course>201.5</course>
        </extensions>
      </trkpt>
      <trkpt lat="48.5353168" lon="36.0510198">
        <ele>110.7</ele>
        <time>2026-04-18T13:48:15Z</time>
        <extensions>
          <speed>8.15</speed>
          <course>202.0</course>
        </extensions>
      </trkpt>
      <trkpt lat="48.5353100" lon="36.0510157">
        <ele>110.8</ele>
        <time>2026-04-18T13:48:15Z</time>
        <extensions>
          <speed>8.24</speed>
          <course>202.4</course>
        </extensions>
      </trkpt>
      <trkpt lat="48.5353033" lon="36.0510120">
        <ele>111.1</ele>
        <time>2026-04-18T13:48:15Z</time>
        <extensions>
          <speed>8.02</speed>
          <course>201.7</course>
        </extensions>
      </trkpt>
      <trkpt lat="48.5352953" lon="36.0510077">
        <ele>111.3</ele>
        <time>2026-04-18T13:48:15Z</time>
        <extensions>
          <speed>8.76</speed>
          <course>201.1</course>
        </extensions>
      </trkpt>
      <trkpt lat="48.5352877" lon="36.0510037">
        <ele>111.5</ele>
        <time>2026-04-18T13:48:15Z</time>
        <extensions>
          <speed>8.84</speed>
          <course>200.3</course>
        </extensions>
      </trkpt>
      <trkpt lat="48.5352813" lon="36.0510013">
        <ele>111.5</ele>
        <time>2026-04-18T13:48:15Z</time>
        <extensions>
          <speed>8.00</speed>
          <course>196.9</course>
        </extensions>
      </trkpt>
      <trkpt lat="48.5352752" lon="36.0509998">
        <ele>111.5</ele>
        <time>2026-04-18T13:48:15Z</time>
        <extensions>
          <speed>7.46</speed>
          <course>193.6</course>
        </extensions>
      </trkpt>
      <trkpt lat="48.5352682" lon="36.0509982">
        <ele>111.5</ele>
        <time>2026-04-18T13:48:15Z</time>
        <extensions>
          <speed>7.62</speed>
          <course>190.0</course>
        </extensions>
      </trkpt>
      <trkpt lat="48.5352618" lon="36.0509968">
        <ele>111.5</ele>
        <time>2026-04-18T13:48:15Z</time>
        <extensions>
          <speed>7.27</speed>
          <course>188.7</course>
        </extensions>
      </trkpt>
      <trkpt lat="48.5352558" lon="36.0509992">
        <ele>111.6</ele>
        <time>2026-04-18T13:48:16Z</time>
        <extensions>
          <speed>7.15</speed>
          <course>180.1</course>
        </extensions>
      </trkpt>
      <trkpt lat="48.5352493" lon="36.0510005">
        <ele>111.9</ele>
        <time>2026-04-18T13:48:16Z</time>
        <extensions>
          <speed>6.93</speed>
          <course>175.8</course>
        </extensions>
      </trkpt>
      <trkpt lat="48.5352433" lon="36.0510018">
        <ele>112.0</ele>
        <time>2026-04-18T13:48:16Z</time>
        <extensions>
          <speed>6.69</speed>
          <course>172.7</course>
        </extensions>
      </trkpt>
      <trkpt lat="48.5352373" lon="36.0510033">
        <ele>112.0</ele>
        <time>2026-04-18T13:48:16Z</time>
        <extensions>
          <speed>6.60</speed>
          <course>170.5</course>
        </extensions>
      </trkpt>
      <trkpt lat="48.5352310" lon="36.0510045">
        <ele>112.1</ele>
        <time>2026-04-18T13:48:16Z</time>
        <extensions>
          <speed>6.65</speed>
          <course>170.3</course>
        </extensions>
      </trkpt>
      <trkpt lat="48.5352257" lon="36.0510073">
        <ele>112.1</ele>
        <time>2026-04-18T13:48:16Z</time>
        <extensions>
          <speed>6.40</speed>
          <course>165.0</course>
        </extensions>
      </trkpt>
      <trkpt lat="48.5352202" lon="36.0510105">
        <ele>112.1</ele>
        <time>2026-04-18T13:48:16Z</time>
        <extensions>
          <speed>6.38</speed>
          <course>159.9</course>
        </extensions>
      </trkpt>
      <trkpt lat="48.5352153" lon="36.0510135">
        <ele>111.9</ele>
        <time>2026-04-18T13:48:16Z</time>
        <extensions>
          <speed>6.21</speed>
          <course>156.7</course>
        </extensions>
      </trkpt>
      <trkpt lat="48.5352107" lon="36.0510178">
        <ele>111.8</ele>
        <time>2026-04-18T13:48:16Z</time>
        <extensions>
          <speed>6.08</speed>
          <course>150.7</course>
        </extensions>
      </trkpt>
      <trkpt lat="48.5352062" lon="36.0510228">
        <ele>111.9</ele>
        <time>2026-04-18T13:48:16Z</time>
        <extensions>
          <speed>6.09</speed>
          <course>146.2</course>
        </extensions>
      </trkpt>
      <trkpt lat="48.5352015" lon="36.0510282">
        <ele>111.9</ele>
        <time>2026-04-18T13:48:17Z</time>
        <extensions>
          <speed>6.45</speed>
          <course>143.3</course>
        </extensions>
      </trkpt>
      <trkpt lat="48.5351978" lon="36.0510340">
        <ele>111.8</ele>
        <time>2026-04-18T13:48:17Z</time>
        <extensions>
          <speed>6.28</speed>
          <course>138.5</course>
        </extensions>
      </trkpt>
      <trkpt lat="48.5351942" lon="36.0510402">
        <ele>111.7</ele>
        <time>2026-04-18T13:48:17Z</time>
        <extensions>
          <speed>6.22</speed>
          <course>133.7</course>
        </extensions>
      </trkpt>
      <trkpt lat="48.5351912" lon="36.0510462">
        <ele>111.5</ele>
        <time>2026-04-18T13:48:17Z</time>
        <extensions>
          <speed>6.02</speed>
          <course>129.9</course>
        </extensions>
      </trkpt>
      <trkpt lat="48.5351885" lon="36.0510535">
        <ele>111.8</ele>
        <time>2026-04-18T13:48:17Z</time>
        <extensions>
          <speed>5.86</speed>
          <course>126.5</course>
        </extensions>
      </trkpt>
      <trkpt lat="48.5351858" lon="36.0510615">
        <ele>111.8</ele>
        <time>2026-04-18T13:48:17Z</time>
        <extensions>
          <speed>6.28</speed>
          <course>120.6</course>
        </extensions>
      </trkpt>
      <trkpt lat="48.5351832" lon="36.0510697">
        <ele>111.8</ele>
        <time>2026-04-18T13:48:17Z</time>
        <extensions>
          <speed>6.57</speed>
          <course>117.2</course>
        </extensions>
      </trkpt>
      <trkpt lat="48.5351808" lon="36.0510778">
        <ele>111.9</ele>
        <time>2026-04-18T13:48:17Z</time>
        <extensions>
          <speed>6.63</speed>
          <course>114.9</course>
        </extensions>
      </trkpt>
      <trkpt lat="48.5351795" lon="36.0510872">
        <ele>111.9</ele>
        <time>2026-04-18T13:48:17Z</time>
        <extensions>
          <speed>6.83</speed>
          <course>108.7</course>
        </extensions>
      </trkpt>
      <trkpt lat="48.5351787" lon="36.0510955">
        <ele>111.8</ele>
        <time>2026-04-18T13:48:17Z</time>
        <extensions>
          <speed>6.80</speed>
          <course>102.6</course>
        </extensions>
      </trkpt>
      <trkpt lat="48.5351782" lon="36.0511043">
        <ele>111.7</ele>
        <time>2026-04-18T13:48:18Z</time>
        <extensions>
          <speed>6.77</speed>
          <course>97.8</course>
        </extensions>
      </trkpt>
      <trkpt lat="48.5351792" lon="36.0511222">
        <ele>111.6</ele>
        <time>2026-04-18T13:48:18Z</time>
        <extensions>
          <speed>6.90</speed>
          <course>85.0</course>
        </extensions>
      </trkpt>
      <trkpt lat="48.5351802" lon="36.0511312">
        <ele>111.7</ele>
        <time>2026-04-18T13:48:18Z</time>
        <extensions>
          <speed>6.77</speed>
          <course>81.5</course>
        </extensions>
      </trkpt>
      <trkpt lat="48.5351820" lon="36.0511402">
        <ele>111.7</ele>
        <time>2026-04-18T13:48:18Z</time>
        <extensions>
          <speed>6.94</speed>
          <course>76.0</course>
        </extensions>
      </trkpt>
      <trkpt lat="48.5351840" lon="36.0511483">
        <ele>111.6</ele>
        <time>2026-04-18T13:48:18Z</time>
        <extensions>
          <speed>7.02</speed>
          <course>72.7</course>
        </extensions>
      </trkpt>
      <trkpt lat="48.5351862" lon="36.0511557">
        <ele>111.4</ele>
        <time>2026-04-18T13:48:18Z</time>
        <extensions>
          <speed>6.82</speed>
          <course>70.0</course>
        </extensions>
      </trkpt>
      <trkpt lat="48.5351882" lon="36.0511638">
        <ele>111.4</ele>
        <time>2026-04-18T13:48:18Z</time>
        <extensions>
          <speed>6.60</speed>
          <course>69.3</course>
        </extensions>
      </trkpt>
      <trkpt lat="48.5351918" lon="36.0511733">
        <ele>111.5</ele>
        <time>2026-04-18T13:48:18Z</time>
        <extensions>
          <speed>7.18</speed>
          <course>63.6</course>
        </extensions>
      </trkpt>
      <trkpt lat="48.5351948" lon="36.0511805">
        <ele>111.4</ele>
        <time>2026-04-18T13:48:18Z</time>
        <extensions>
          <speed>6.80</speed>
          <course>61.3</course>
        </extensions>
      </trkpt>
      <trkpt lat="48.5351987" lon="36.0511897">
        <ele>111.4</ele>
        <time>2026-04-18T13:48:19Z</time>
        <extensions>
          <speed>7.31</speed>
          <course>59.1</course>
        </extensions>
      </trkpt>
      <trkpt lat="48.5352020" lon="36.0511973">
        <ele>111.3</ele>
        <time>2026-04-18T13:48:19Z</time>
        <extensions>
          <speed>7.11</speed>
          <course>57.5</course>
        </extensions>
      </trkpt>
      <trkpt lat="48.5352063" lon="36.0512060">
        <ele>111.3</ele>
        <time>2026-04-18T13:48:19Z</time>
        <extensions>
          <speed>7.69</speed>
          <course>55.6</course>
        </extensions>
      </trkpt>
      <trkpt lat="48.5352102" lon="36.0512140">
        <ele>111.2</ele>
        <time>2026-04-18T13:48:19Z</time>
        <extensions>
          <speed>7.50</speed>
          <course>54.9</course>
        </extensions>
      </trkpt>
      <trkpt lat="48.5352142" lon="36.0512220">
        <ele>111.2</ele>
        <time>2026-04-18T13:48:19Z</time>
        <extensions>
          <speed>7.61</speed>
          <course>54.2</course>
        </extensions>
      </trkpt>
      <trkpt lat="48.5352180" lon="36.0512295">
        <ele>111.1</ele>
        <time>2026-04-18T13:48:19Z</time>
        <extensions>
          <speed>7.50</speed>
          <course>53.1</course>
        </extensions>
      </trkpt>
      <trkpt lat="48.5352230" lon="36.0512373">
        <ele>111.3</ele>
        <time>2026-04-18T13:48:19Z</time>
        <extensions>
          <speed>7.68</speed>
          <course>50.1</course>
        </extensions>
      </trkpt>
      <trkpt lat="48.5352275" lon="36.0512437">
        <ele>111.2</ele>
        <time>2026-04-18T13:48:19Z</time>
        <extensions>
          <speed>7.38</speed>
          <course>47.4</course>
        </extensions>
      </trkpt>
      <trkpt lat="48.5352323" lon="36.0512505">
        <ele>111.2</ele>
        <time>2026-04-18T13:48:19Z</time>
        <extensions>
          <speed>7.47</speed>
          <course>45.0</course>
        </extensions>
      </trkpt>
      <trkpt lat="48.5352372" lon="36.0512575">
        <ele>111.2</ele>
        <time>2026-04-18T13:48:19Z</time>
        <extensions>
          <speed>7.61</speed>
          <course>44.3</course>
        </extensions>
      </trkpt>
      <trkpt lat="48.5352422" lon="36.0512642">
        <ele>111.1</ele>
        <time>2026-04-18T13:48:20Z</time>
        <extensions>
          <speed>7.60</speed>
          <course>43.5</course>
        </extensions>
      </trkpt>
      <trkpt lat="48.5352475" lon="36.0512710">
        <ele>111.0</ele>
        <time>2026-04-18T13:48:20Z</time>
        <extensions>
          <speed>7.88</speed>
          <course>42.3</course>
        </extensions>
      </trkpt>
      <trkpt lat="48.5352533" lon="36.0512785">
        <ele>110.9</ele>
        <time>2026-04-18T13:48:20Z</time>
        <extensions>
          <speed>8.43</speed>
          <course>41.4</course>
        </extensions>
      </trkpt>
      <trkpt lat="48.5352602" lon="36.0512865">
        <ele>110.9</ele>
        <time>2026-04-18T13:48:20Z</time>
        <extensions>
          <speed>8.97</speed>
          <course>39.3</course>
        </extensions>
      </trkpt>
      <trkpt lat="48.5352658" lon="36.0512935">
        <ele>110.9</ele>
        <time>2026-04-18T13:48:20Z</time>
        <extensions>
          <speed>8.64</speed>
          <course>39.4</course>
        </extensions>
      </trkpt>
      <trkpt lat="48.5352710" lon="36.0513008">
        <ele>110.8</ele>
        <time>2026-04-18T13:48:20Z</time>
        <extensions>
          <speed>8.48</speed>
          <course>41.8</course>
        </extensions>
      </trkpt>
      <trkpt lat="48.5352772" lon="36.0513085">
        <ele>110.8</ele>
        <time>2026-04-18T13:48:20Z</time>
        <extensions>
          <speed>8.80</speed>
          <course>40.7</course>
        </extensions>
      </trkpt>
      <trkpt lat="48.5352832" lon="36.0513160">
        <ele>110.6</ele>
        <time>2026-04-18T13:48:20Z</time>
        <extensions>
          <speed>8.93</speed>
          <course>40.0</course>
        </extensions>
      </trkpt>
      <trkpt lat="48.5352892" lon="36.0513232">
        <ele>110.6</ele>
        <time>2026-04-18T13:48:20Z</time>
        <extensions>
          <speed>8.66</speed>
          <course>37.9</course>
        </extensions>
      </trkpt>
      <trkpt lat="48.5352955" lon="36.0513300">
        <ele>110.4</ele>
        <time>2026-04-18T13:48:20Z</time>
        <extensions>
          <speed>8.94</speed>
          <course>37.2</course>
        </extensions>
      </trkpt>
      <trkpt lat="48.5353025" lon="36.0513375">
        <ele>110.4</ele>
        <time>2026-04-18T13:48:21Z</time>
        <extensions>
          <speed>9.31</speed>
          <course>36.0</course>
        </extensions>
      </trkpt>
      <trkpt lat="48.5353088" lon="36.0513452">
        <ele>110.4</ele>
        <time>2026-04-18T13:48:21Z</time>
        <extensions>
          <speed>9.32</speed>
          <course>37.4</course>
        </extensions>
      </trkpt>
      <trkpt lat="48.5353147" lon="36.0513523">
        <ele>110.3</ele>
        <time>2026-04-18T13:48:21Z</time>
        <extensions>
          <speed>8.91</speed>
          <course>38.3</course>
        </extensions>
      </trkpt>
      <trkpt lat="48.5353207" lon="36.0513582">
        <ele>110.1</ele>
        <time>2026-04-18T13:48:21Z</time>
        <extensions>
          <speed>8.58</speed>
          <course>35.1</course>
        </extensions>
      </trkpt>
      <trkpt lat="48.5353265" lon="36.0513647">
        <ele>109.9</ele>
        <time>2026-04-18T13:48:21Z</time>
        <extensions>
          <speed>8.67</speed>
          <course>36.1</course>
        </extensions>
      </trkpt>
      <trkpt lat="48.5353325" lon="36.0513713">
        <ele>109.9</ele>
        <time>2026-04-18T13:48:21Z</time>
        <extensions>
          <speed>8.40</speed>
          <course>35.7</course>
        </extensions>
      </trkpt>
      <trkpt lat="48.5353378" lon="36.0513775">
        <ele>109.8</ele>
        <time>2026-04-18T13:48:21Z</time>
        <extensions>
          <speed>8.03</speed>
          <course>36.4</course>
        </extensions>
      </trkpt>
      <trkpt lat="48.5353435" lon="36.0513843">
        <ele>109.8</ele>
        <time>2026-04-18T13:48:21Z</time>
        <extensions>
          <speed>8.12</speed>
          <course>37.0</course>
        </extensions>
      </trkpt>
      <trkpt lat="48.5353490" lon="36.0513907">
        <ele>109.9</ele>
        <time>2026-04-18T13:48:21Z</time>
        <extensions>
          <speed>7.75</speed>
          <course>36.9</course>
        </extensions>
      </trkpt>
      <trkpt lat="48.5353540" lon="36.0513965">
        <ele>109.7</ele>
        <time>2026-04-18T13:48:21Z</time>
        <extensions>
          <speed>7.63</speed>
          <course>38.1</course>
        </extensions>
      </trkpt>
      <trkpt lat="48.5353598" lon="36.0514025">
        <ele>109.7</ele>
        <time>2026-04-18T13:48:22Z</time>
        <extensions>
          <speed>7.64</speed>
          <course>35.4</course>
        </extensions>
      </trkpt>
      <trkpt lat="48.5353710" lon="36.0514143">
        <ele>109.6</ele>
        <time>2026-04-18T13:48:22Z</time>
        <extensions>
          <speed>7.59</speed>
          <course>35.4</course>
        </extensions>
      </trkpt>
      <trkpt lat="48.5353760" lon="36.0514200">
        <ele>109.5</ele>
        <time>2026-04-18T13:48:22Z</time>
        <extensions>
          <speed>7.40</speed>
          <course>35.9</course>
        </extensions>
      </trkpt>
      <trkpt lat="48.5353810" lon="36.0514250">
        <ele>109.4</ele>
        <time>2026-04-18T13:48:22Z</time>
        <extensions>
          <speed>7.11</speed>
          <course>35.3</course>
        </extensions>
      </trkpt>
      <trkpt lat="48.5353863" lon="36.0514310">
        <ele>109.4</ele>
        <time>2026-04-18T13:48:22Z</time>
        <extensions>
          <speed>7.33</speed>
          <course>36.8</course>
        </extensions>
      </trkpt>
      <trkpt lat="48.5353912" lon="36.0514373">
        <ele>109.4</ele>
        <time>2026-04-18T13:48:22Z</time>
        <extensions>
          <speed>7.14</speed>
          <course>38.8</course>
        </extensions>
      </trkpt>
      <trkpt lat="48.5353962" lon="36.0514423">
        <ele>109.3</ele>
        <time>2026-04-18T13:48:22Z</time>
        <extensions>
          <speed>6.79</speed>
          <course>36.8</course>
        </extensions>
      </trkpt>
      <trkpt lat="48.5354015" lon="36.0514482">
        <ele>109.4</ele>
        <time>2026-04-18T13:48:22Z</time>
        <extensions>
          <speed>7.07</speed>
          <course>35.9</course>
        </extensions>
      </trkpt>
      <trkpt lat="48.5354062" lon="36.0514535">
        <ele>109.3</ele>
        <time>2026-04-18T13:48:22Z</time>
        <extensions>
          <speed>6.72</speed>
          <course>36.8</course>
        </extensions>
      </trkpt>
      <trkpt lat="48.5354103" lon="36.0514587">
        <ele>109.3</ele>
        <time>2026-04-18T13:48:23Z</time>
        <extensions>
          <speed>6.36</speed>
          <course>38.1</course>
        </extensions>
      </trkpt>
      <trkpt lat="48.5354155" lon="36.0514642">
        <ele>109.4</ele>
        <time>2026-04-18T13:48:23Z</time>
        <extensions>
          <speed>6.63</speed>
          <course>37.1</course>
        </extensions>
      </trkpt>
      <trkpt lat="48.5354200" lon="36.0514692">
        <ele>109.3</ele>
        <time>2026-04-18T13:48:23Z</time>
        <extensions>
          <speed>6.58</speed>
          <course>37.6</course>
        </extensions>
      </trkpt>
      <trkpt lat="48.5354245" lon="36.0514745">
        <ele>109.4</ele>
        <time>2026-04-18T13:48:23Z</time>
        <extensions>
          <speed>6.36</speed>
          <course>37.9</course>
        </extensions>
      </trkpt>
      <trkpt lat="48.5354293" lon="36.0514797">
        <ele>109.4</ele>
        <time>2026-04-18T13:48:23Z</time>
        <extensions>
          <speed>6.71</speed>
          <course>38.1</course>
        </extensions>
      </trkpt>
      <trkpt lat="48.5354338" lon="36.0514848">
        <ele>109.4</ele>
        <time>2026-04-18T13:48:23Z</time>
        <extensions>
          <speed>6.36</speed>
          <course>38.6</course>
        </extensions>
      </trkpt>
      <trkpt lat="48.5354383" lon="36.0514897">
        <ele>109.3</ele>
        <time>2026-04-18T13:48:23Z</time>
        <extensions>
          <speed>6.34</speed>
          <course>37.7</course>
        </extensions>
      </trkpt>
      <trkpt lat="48.5354433" lon="36.0514953">
        <ele>109.4</ele>
        <time>2026-04-18T13:48:23Z</time>
        <extensions>
          <speed>6.67</speed>
          <course>37.6</course>
        </extensions>
      </trkpt>
      <trkpt lat="48.5354480" lon="36.0515008">
        <ele>109.4</ele>
        <time>2026-04-18T13:48:23Z</time>
        <extensions>
          <speed>6.56</speed>
          <course>38.7</course>
        </extensions>
      </trkpt>
      <trkpt lat="48.5354528" lon="36.0515065">
        <ele>109.4</ele>
        <time>2026-04-18T13:48:23Z</time>
        <extensions>
          <speed>6.71</speed>
          <course>38.9</course>
        </extensions>
      </trkpt>
      <trkpt lat="48.5354578" lon="36.0515122">
        <ele>109.4</ele>
        <time>2026-04-18T13:48:24Z</time>
        <extensions>
          <speed>6.91</speed>
          <course>37.9</course>
        </extensions>
      </trkpt>
      <trkpt lat="48.5354628" lon="36.0515180">
        <ele>109.4</ele>
        <time>2026-04-18T13:48:24Z</time>
        <extensions>
          <speed>6.80</speed>
          <course>39.2</course>
        </extensions>
      </trkpt>
      <trkpt lat="48.5354682" lon="36.0515240">
        <ele>109.4</ele>
        <time>2026-04-18T13:48:24Z</time>
        <extensions>
          <speed>7.25</speed>
          <course>38.4</course>
        </extensions>
      </trkpt>
      <trkpt lat="48.5354733" lon="36.0515300">
        <ele>109.5</ele>
        <time>2026-04-18T13:48:24Z</time>
        <extensions>
          <speed>7.14</speed>
          <course>38.9</course>
        </extensions>
      </trkpt>
      <trkpt lat="48.5354785" lon="36.0515360">
        <ele>109.5</ele>
        <time>2026-04-18T13:48:24Z</time>
        <extensions>
          <speed>7.20</speed>
          <course>39.3</course>
        </extensions>
      </trkpt>
      <trkpt lat="48.5354838" lon="36.0515422">
        <ele>109.5</ele>
        <time>2026-04-18T13:48:24Z</time>
        <extensions>
          <speed>7.28</speed>
          <course>38.8</course>
        </extensions>
      </trkpt>
      <trkpt lat="48.5354893" lon="36.0515485">
        <ele>109.6</ele>
        <time>2026-04-18T13:48:24Z</time>
        <extensions>
          <speed>7.37</speed>
          <course>38.5</course>
        </extensions>
      </trkpt>
      <trkpt lat="48.5354947" lon="36.0515547">
        <ele>109.6</ele>
        <time>2026-04-18T13:48:24Z</time>
        <extensions>
          <speed>7.43</speed>
          <course>38.5</course>
        </extensions>
      </trkpt>
      <trkpt lat="48.5355000" lon="36.0515610">
        <ele>109.7</ele>
        <time>2026-04-18T13:48:24Z</time>
        <extensions>
          <speed>7.52</speed>
          <course>39.1</course>
        </extensions>
      </trkpt>
      <trkpt lat="48.5355053" lon="36.0515675">
        <ele>109.8</ele>
        <time>2026-04-18T13:48:24Z</time>
        <extensions>
          <speed>7.57</speed>
          <course>40.0</course>
        </extensions>
      </trkpt>
      <trkpt lat="48.5355102" lon="36.0515742">
        <ele>109.8</ele>
        <time>2026-04-18T13:48:25Z</time>
        <extensions>
          <speed>7.36</speed>
          <course>41.4</course>
        </extensions>
      </trkpt>
      <trkpt lat="48.5355153" lon="36.0515807">
        <ele>109.9</ele>
        <time>2026-04-18T13:48:25Z</time>
        <extensions>
          <speed>7.35</speed>
          <course>41.3</course>
        </extensions>
      </trkpt>
      <trkpt lat="48.5355203" lon="36.0515870">
        <ele>110.0</ele>
        <time>2026-04-18T13:48:25Z</time>
        <extensions>
          <speed>7.24</speed>
          <course>40.7</course>
        </extensions>
      </trkpt>
      <trkpt lat="48.5355248" lon="36.0515937">
        <ele>110.2</ele>
        <time>2026-04-18T13:48:25Z</time>
        <extensions>
          <speed>7.04</speed>
          <course>42.6</course>
        </extensions>
      </trkpt>
      <trkpt lat="48.5355293" lon="36.0516002">
        <ele>110.4</ele>
        <time>2026-04-18T13:48:25Z</time>
        <extensions>
          <speed>6.73</speed>
          <course>42.9</course>
        </extensions>
      </trkpt>
      <trkpt lat="48.5355337" lon="36.0516062">
        <ele>110.5</ele>
        <time>2026-04-18T13:48:25Z</time>
        <extensions>
          <speed>6.38</speed>
          <course>43.0</course>
        </extensions>
      </trkpt>
      <trkpt lat="48.5355377" lon="36.0516122">
        <ele>110.7</ele>
        <time>2026-04-18T13:48:25Z</time>
        <extensions>
          <speed>6.17</speed>
          <course>43.9</course>
        </extensions>
      </trkpt>
      <trkpt lat="48.5355418" lon="36.0516188">
        <ele>110.9</ele>
        <time>2026-04-18T13:48:25Z</time>
        <extensions>
          <speed>6.38</speed>
          <course>44.8</course>
        </extensions>
      </trkpt>
      <trkpt lat="48.5355457" lon="36.0516250">
        <ele>111.1</ele>
        <time>2026-04-18T13:48:25Z</time>
        <extensions>
          <speed>6.01</speed>
          <course>45.8</course>
        </extensions>
      </trkpt>
      <trkpt lat="48.5355498" lon="36.0516313">
        <ele>111.2</ele>
        <time>2026-04-18T13:48:25Z</time>
        <extensions>
          <speed>6.28</speed>
          <course>45.3</course>
        </extensions>
      </trkpt>
      <trkpt lat="48.5355538" lon="36.0516383">
        <ele>111.4</ele>
        <time>2026-04-18T13:48:26Z</time>
        <extensions>
          <speed>6.64</speed>
          <course>47.6</course>
        </extensions>
      </trkpt>
      <trkpt lat="48.5355573" lon="36.0516447">
        <ele>111.5</ele>
        <time>2026-04-18T13:48:26Z</time>
        <extensions>
          <speed>6.44</speed>
          <course>50.1</course>
        </extensions>
      </trkpt>
      <trkpt lat="48.5355613" lon="36.0516513">
        <ele>111.5</ele>
        <time>2026-04-18T13:48:26Z</time>
        <extensions>
          <speed>6.85</speed>
          <course>49.1</course>
        </extensions>
      </trkpt>
      <trkpt lat="48.5355655" lon="36.0516585">
        <ele>111.6</ele>
        <time>2026-04-18T13:48:26Z</time>
        <extensions>
          <speed>7.14</speed>
          <course>49.1</course>
        </extensions>
      </trkpt>
      <trkpt lat="48.5355693" lon="36.0516653">
        <ele>111.5</ele>
        <time>2026-04-18T13:48:26Z</time>
        <extensions>
          <speed>7.23</speed>
          <course>51.7</course>
        </extensions>
      </trkpt>
      <trkpt lat="48.5355733" lon="36.0516725">
        <ele>111.5</ele>
        <time>2026-04-18T13:48:26Z</time>
        <extensions>
          <speed>7.37</speed>
          <course>51.7</course>
        </extensions>
      </trkpt>
      <trkpt lat="48.5355773" lon="36.0516803">
        <ele>111.5</ele>
        <time>2026-04-18T13:48:26Z</time>
        <extensions>
          <speed>7.39</speed>
          <course>52.0</course>
        </extensions>
      </trkpt>
      <trkpt lat="48.5355815" lon="36.0516877">
        <ele>111.5</ele>
        <time>2026-04-18T13:48:26Z</time>
        <extensions>
          <speed>7.47</speed>
          <course>51.0</course>
        </extensions>
      </trkpt>
      <trkpt lat="48.5355857" lon="36.0516952">
        <ele>111.6</ele>
        <time>2026-04-18T13:48:26Z</time>
        <extensions>
          <speed>7.50</speed>
          <course>50.0</course>
        </extensions>
      </trkpt>
      <trkpt lat="48.5355900" lon="36.0517028">
        <ele>111.6</ele>
        <time>2026-04-18T13:48:26Z</time>
        <extensions>
          <speed>7.53</speed>
          <course>49.9</course>
        </extensions>
      </trkpt>
      <trkpt lat="48.5355945" lon="36.0517103">
        <ele>111.7</ele>
        <time>2026-04-18T13:48:27Z</time>
        <extensions>
          <speed>7.57</speed>
          <course>48.4</course>
        </extensions>
      </trkpt>
      <trkpt lat="48.5355992" lon="36.0517180">
        <ele>111.7</ele>
        <time>2026-04-18T13:48:27Z</time>
        <extensions>
          <speed>7.82</speed>
          <course>48.3</course>
        </extensions>
      </trkpt>
      <trkpt lat="48.5356040" lon="36.0517258">
        <ele>111.8</ele>
        <time>2026-04-18T13:48:27Z</time>
        <extensions>
          <speed>7.90</speed>
          <course>47.5</course>
        </extensions>
      </trkpt>
      <trkpt lat="48.5356087" lon="36.0517328">
        <ele>111.8</ele>
        <time>2026-04-18T13:48:27Z</time>
        <extensions>
          <speed>7.62</speed>
          <course>46.3</course>
        </extensions>
      </trkpt>
      <trkpt lat="48.5356133" lon="36.0517403">
        <ele>111.9</ele>
        <time>2026-04-18T13:48:27Z</time>
        <extensions>
          <speed>7.50</speed>
          <course>46.2</course>
        </extensions>
      </trkpt>
      <trkpt lat="48.5356177" lon="36.0517472">
        <ele>111.9</ele>
        <time>2026-04-18T13:48:27Z</time>
        <extensions>
          <speed>7.11</speed>
          <course>45.8</course>
        </extensions>
      </trkpt>
      <trkpt lat="48.5356218" lon="36.0517537">
        <ele>111.9</ele>
        <time>2026-04-18T13:48:27Z</time>
        <extensions>
          <speed>6.95</speed>
          <course>46.7</course>
        </extensions>
      </trkpt>
      <trkpt lat="48.5356263" lon="36.0517603">
        <ele>111.9</ele>
        <time>2026-04-18T13:48:27Z</time>
        <extensions>
          <speed>6.99</speed>
          <course>45.5</course>
        </extensions>
      </trkpt>
      <trkpt lat="48.5356305" lon="36.0517668">
        <ele>112.0</ele>
        <time>2026-04-18T13:48:27Z</time>
        <extensions>
          <speed>6.76</speed>
          <course>45.8</course>
        </extensions>
      </trkpt>
      <trkpt lat="48.5356347" lon="36.0517732">
        <ele>112.0</ele>
        <time>2026-04-18T13:48:27Z</time>
        <extensions>
          <speed>6.72</speed>
          <course>46.7</course>
        </extensions>
      </trkpt>
      <trkpt lat="48.5356388" lon="36.0517803">
        <ele>112.0</ele>
        <time>2026-04-18T13:48:28Z</time>
        <extensions>
          <speed>7.15</speed>
          <course>48.2</course>
        </extensions>
      </trkpt>
      <trkpt lat="48.5356432" lon="36.0517873">
        <ele>112.1</ele>
        <time>2026-04-18T13:48:28Z</time>
        <extensions>
          <speed>7.00</speed>
          <course>47.9</course>
        </extensions>
      </trkpt>
      <trkpt lat="48.5356473" lon="36.0517942">
        <ele>112.1</ele>
        <time>2026-04-18T13:48:28Z</time>
        <extensions>
          <speed>7.01</speed>
          <course>48.6</course>
        </extensions>
      </trkpt>
      <trkpt lat="48.5356515" lon="36.0518017">
        <ele>112.1</ele>
        <time>2026-04-18T13:48:28Z</time>
        <extensions>
          <speed>7.17</speed>
          <course>49.8</course>
        </extensions>
      </trkpt>
      <trkpt lat="48.5356558" lon="36.0518090">
        <ele>112.2</ele>
        <time>2026-04-18T13:48:28Z</time>
        <extensions>
          <speed>7.25</speed>
          <course>49.2</course>
        </extensions>
      </trkpt>
      <trkpt lat="48.5356597" lon="36.0518165">
        <ele>112.2</ele>
        <time>2026-04-18T13:48:28Z</time>
        <extensions>
          <speed>7.05</speed>
          <course>51.3</course>
        </extensions>
      </trkpt>
      <trkpt lat="48.5356640" lon="36.0518242">
        <ele>112.3</ele>
        <time>2026-04-18T13:48:28Z</time>
        <extensions>
          <speed>7.26</speed>
          <course>50.5</course>
        </extensions>
      </trkpt>
      <trkpt lat="48.5356683" lon="36.0518318">
        <ele>112.3</ele>
        <time>2026-04-18T13:48:28Z</time>
        <extensions>
          <speed>7.36</speed>
          <course>50.2</course>
        </extensions>
      </trkpt>
      <trkpt lat="48.5356728" lon="36.0518393">
        <ele>112.4</ele>
        <time>2026-04-18T13:48:28Z</time>
        <extensions>
          <speed>7.39</speed>
          <course>49.4</course>
        </extensions>
      </trkpt>
      <trkpt lat="48.5356773" lon="36.0518468">
        <ele>112.4</ele>
        <time>2026-04-18T13:48:28Z</time>
        <extensions>
          <speed>7.40</speed>
          <course>48.9</course>
        </extensions>
      </trkpt>
      <trkpt lat="48.5356818" lon="36.0518545">
        <ele>112.4</ele>
        <time>2026-04-18T13:48:29Z</time>
        <extensions>
          <speed>7.55</speed>
          <course>49.5</course>
        </extensions>
      </trkpt>
      <trkpt lat="48.5356865" lon="36.0518623">
        <ele>112.5</ele>
        <time>2026-04-18T13:48:29Z</time>
        <extensions>
          <speed>7.66</speed>
          <course>49.5</course>
        </extensions>
      </trkpt>
      <trkpt lat="48.5356910" lon="36.0518703">
        <ele>112.5</ele>
        <time>2026-04-18T13:48:29Z</time>
        <extensions>
          <speed>7.67</speed>
          <course>49.9</course>
        </extensions>
      </trkpt>
      <trkpt lat="48.5356957" lon="36.0518782">
        <ele>112.6</ele>
        <time>2026-04-18T13:48:29Z</time>
        <extensions>
          <speed>7.74</speed>
          <course>50.0</course>
        </extensions>
      </trkpt>
      <trkpt lat="48.5357002" lon="36.0518862">
        <ele>112.6</ele>
        <time>2026-04-18T13:48:29Z</time>
        <extensions>
          <speed>7.69</speed>
          <course>50.0</course>
        </extensions>
      </trkpt>
      <trkpt lat="48.5357045" lon="36.0518945">
        <ele>112.6</ele>
        <time>2026-04-18T13:48:29Z</time>
        <extensions>
          <speed>7.93</speed>
          <course>51.7</course>
        </extensions>
      </trkpt>
      <trkpt lat="48.5357090" lon="36.0519028">
        <ele>112.7</ele>
        <time>2026-04-18T13:48:29Z</time>
        <extensions>
          <speed>7.86</speed>
          <course>50.8</course>
        </extensions>
      </trkpt>
      <trkpt lat="48.5357135" lon="36.0519108">
        <ele>112.7</ele>
        <time>2026-04-18T13:48:29Z</time>
        <extensions>
          <speed>7.79</speed>
          <course>51.2</course>
        </extensions>
      </trkpt>
      <trkpt lat="48.5357180" lon="36.0519193">
        <ele>112.8</ele>
        <time>2026-04-18T13:48:29Z</time>
        <extensions>
          <speed>7.94</speed>
          <course>51.4</course>
        </extensions>
      </trkpt>
      <trkpt lat="48.5357223" lon="36.0519273">
        <ele>112.8</ele>
        <time>2026-04-18T13:48:29Z</time>
        <extensions>
          <speed>7.80</speed>
          <course>51.4</course>
        </extensions>
      </trkpt>
      <trkpt lat="48.5357268" lon="36.0519360">
        <ele>112.9</ele>
        <time>2026-04-18T13:48:30Z</time>
        <extensions>
          <speed>7.99</speed>
          <course>51.2</course>
        </extensions>
      </trkpt>
      <trkpt lat="48.5357312" lon="36.0519438">
        <ele>113.0</ele>
        <time>2026-04-18T13:48:30Z</time>
        <extensions>
          <speed>7.67</speed>
          <course>51.2</course>
        </extensions>
      </trkpt>
      <trkpt lat="48.5357358" lon="36.0519522">
        <ele>113.1</ele>
        <time>2026-04-18T13:48:30Z</time>
        <extensions>
          <speed>7.93</speed>
          <course>49.8</course>
        </extensions>
      </trkpt>
      <trkpt lat="48.5357405" lon="36.0519602">
        <ele>113.2</ele>
        <time>2026-04-18T13:48:30Z</time>
        <extensions>
          <speed>7.88</speed>
          <course>49.7</course>
        </extensions>
      </trkpt>
      <trkpt lat="48.5357450" lon="36.0519682">
        <ele>113.3</ele>
        <time>2026-04-18T13:48:30Z</time>
        <extensions>
          <speed>7.84</speed>
          <course>49.6</course>
        </extensions>
      </trkpt>
      <trkpt lat="48.5357495" lon="36.0519763">
        <ele>113.4</ele>
        <time>2026-04-18T13:48:30Z</time>
        <extensions>
          <speed>7.92</speed>
          <course>49.6</course>
        </extensions>
      </trkpt>
      <trkpt lat="48.5357542" lon="36.0519843">
        <ele>113.5</ele>
        <time>2026-04-18T13:48:30Z</time>
        <extensions>
          <speed>7.98</speed>
          <course>49.4</course>
        </extensions>
      </trkpt>
      <trkpt lat="48.5357592" lon="36.0519923">
        <ele>113.6</ele>
        <time>2026-04-18T13:48:30Z</time>
        <extensions>
          <speed>8.01</speed>
          <course>48.0</course>
        </extensions>
      </trkpt>
      <trkpt lat="48.5357637" lon="36.0520003">
        <ele>113.6</ele>
        <time>2026-04-18T13:48:30Z</time>
        <extensions>
          <speed>7.93</speed>
          <course>48.6</course>
        </extensions>
      </trkpt>
      <trkpt lat="48.5357687" lon="36.0520083">
        <ele>113.8</ele>
        <time>2026-04-18T13:48:30Z</time>
        <extensions>
          <speed>8.09</speed>
          <course>47.5</course>
        </extensions>
      </trkpt>
      <trkpt lat="48.5357735" lon="36.0520160">
        <ele>113.8</ele>
        <time>2026-04-18T13:48:31Z</time>
        <extensions>
          <speed>7.98</speed>
          <course>47.8</course>
        </extensions>
      </trkpt>
      <trkpt lat="48.5357788" lon="36.0520235">
        <ele>113.9</ele>
        <time>2026-04-18T13:48:31Z</time>
        <extensions>
          <speed>8.11</speed>
          <course>45.2</course>
        </extensions>
      </trkpt>
      <trkpt lat="48.5357838" lon="36.0520308">
        <ele>114.0</ele>
        <time>2026-04-18T13:48:31Z</time>
        <extensions>
          <speed>7.83</speed>
          <course>44.0</course>
        </extensions>
      </trkpt>
      <trkpt lat="48.5357890" lon="36.0520382">
        <ele>114.1</ele>
        <time>2026-04-18T13:48:31Z</time>
        <extensions>
          <speed>7.87</speed>
          <course>44.3</course>
        </extensions>
      </trkpt>
      <trkpt lat="48.5357943" lon="36.0520452">
        <ele>114.2</ele>
        <time>2026-04-18T13:48:31Z</time>
        <extensions>
          <speed>7.96</speed>
          <course>42.3</course>
        </extensions>
      </trkpt>
      <trkpt lat="48.5357998" lon="36.0520525">
        <ele>114.3</ele>
        <time>2026-04-18T13:48:31Z</time>
        <extensions>
          <speed>8.13</speed>
          <course>41.9</course>
        </extensions>
      </trkpt>
      <trkpt lat="48.5358055" lon="36.0520593">
        <ele>114.4</ele>
        <time>2026-04-18T13:48:31Z</time>
        <extensions>
          <speed>8.13</speed>
          <course>40.2</course>
        </extensions>
      </trkpt>
      <trkpt lat="48.5358112" lon="36.0520657">
        <ele>114.4</ele>
        <time>2026-04-18T13:48:31Z</time>
        <extensions>
          <speed>7.85</speed>
          <course>38.7</course>
        </extensions>
      </trkpt>
      <trkpt lat="48.5358168" lon="36.0520722">
        <ele>114.5</ele>
        <time>2026-04-18T13:48:31Z</time>
        <extensions>
          <speed>7.95</speed>
          <course>37.3</course>
        </extensions>
      </trkpt>
      <trkpt lat="48.5358230" lon="36.0520785">
        <ele>114.7</ele>
        <time>2026-04-18T13:48:31Z</time>
        <extensions>
          <speed>8.05</speed>
          <course>35.9</course>
        </extensions>
      </trkpt>
      <trkpt lat="48.5358290" lon="36.0520845">
        <ele>114.8</ele>
        <time>2026-04-18T13:48:32Z</time>
        <extensions>
          <speed>8.04</speed>
          <course>34.0</course>
        </extensions>
      </trkpt>
      <trkpt lat="48.5358422" lon="36.0520963">
        <ele>115.1</ele>
        <time>2026-04-18T13:48:32Z</time>
        <extensions>
          <speed>8.48</speed>
          <course>30.2</course>
        </extensions>
      </trkpt>
      <trkpt lat="48.5358490" lon="36.0521018">
        <ele>115.2</ele>
        <time>2026-04-18T13:48:32Z</time>
        <extensions>
          <speed>8.49</speed>
          <course>28.8</course>
        </extensions>
      </trkpt>
      <trkpt lat="48.5358563" lon="36.0521073">
        <ele>115.4</ele>
        <time>2026-04-18T13:48:32Z</time>
        <extensions>
          <speed>8.80</speed>
          <course>27.7</course>
        </extensions>
      </trkpt>
      <trkpt lat="48.5358637" lon="36.0521123">
        <ele>115.5</ele>
        <time>2026-04-18T13:48:32Z</time>
        <extensions>
          <speed>8.85</speed>
          <course>25.9</course>
        </extensions>
      </trkpt>
      <trkpt lat="48.5358713" lon="36.0521177">
        <ele>115.6</ele>
        <time>2026-04-18T13:48:32Z</time>
        <extensions>
          <speed>9.24</speed>
          <course>25.4</course>
        </extensions>
      </trkpt>
      <trkpt lat="48.5358797" lon="36.0521227">
        <ele>115.8</ele>
        <time>2026-04-18T13:48:32Z</time>
        <extensions>
          <speed>9.57</speed>
          <course>22.8</course>
        </extensions>
      </trkpt>
      <trkpt lat="48.5358882" lon="36.0521277">
        <ele>115.9</ele>
        <time>2026-04-18T13:48:32Z</time>
        <extensions>
          <speed>9.87</speed>
          <course>21.8</course>
        </extensions>
      </trkpt>
      <trkpt lat="48.5358967" lon="36.0521327">
        <ele>116.1</ele>
        <time>2026-04-18T13:48:32Z</time>
        <extensions>
          <speed>10.01</speed>
          <course>21.4</course>
        </extensions>
      </trkpt>
      <trkpt lat="48.5359050" lon="36.0521373">
        <ele>116.2</ele>
        <time>2026-04-18T13:48:33Z</time>
        <extensions>
          <speed>9.98</speed>
          <course>20.8</course>
        </extensions>
      </trkpt>
      <trkpt lat="48.5359137" lon="36.0521420">
        <ele>116.3</ele>
        <time>2026-04-18T13:48:33Z</time>
        <extensions>
          <speed>10.01</speed>
          <course>20.2</course>
        </extensions>
      </trkpt>
      <trkpt lat="48.5359217" lon="36.0521463">
        <ele>116.5</ele>
        <time>2026-04-18T13:48:33Z</time>
        <extensions>
          <speed>9.55</speed>
          <course>19.3</course>
        </extensions>
      </trkpt>
      <trkpt lat="48.5359297" lon="36.0521502">
        <ele>116.7</ele>
        <time>2026-04-18T13:48:33Z</time>
        <extensions>
          <speed>9.26</speed>
          <course>18.3</course>
        </extensions>
      </trkpt>
      <trkpt lat="48.5359373" lon="36.0521540">
        <ele>116.8</ele>
        <time>2026-04-18T13:48:33Z</time>
        <extensions>
          <speed>8.97</speed>
          <course>18.3</course>
        </extensions>
      </trkpt>
      <trkpt lat="48.5359445" lon="36.0521573">
        <ele>116.9</ele>
        <time>2026-04-18T13:48:33Z</time>
        <extensions>
          <speed>8.70</speed>
          <course>18.5</course>
        </extensions>
      </trkpt>
      <trkpt lat="48.5359515" lon="36.0521607">
        <ele>117.0</ele>
        <time>2026-04-18T13:48:33Z</time>
        <extensions>
          <speed>8.36</speed>
          <course>18.4</course>
        </extensions>
      </trkpt>
      <trkpt lat="48.5359585" lon="36.0521638">
        <ele>117.1</ele>
        <time>2026-04-18T13:48:33Z</time>
        <extensions>
          <speed>8.26</speed>
          <course>18.3</course>
        </extensions>
      </trkpt>
      <trkpt lat="48.5359652" lon="36.0521662">
        <ele>117.1</ele>
        <time>2026-04-18T13:48:33Z</time>
        <extensions>
          <speed>7.92</speed>
          <course>16.2</course>
        </extensions>
      </trkpt>
      <trkpt lat="48.5359718" lon="36.0521688">
        <ele>117.3</ele>
        <time>2026-04-18T13:48:33Z</time>
        <extensions>
          <speed>7.77</speed>
          <course>15.8</course>
        </extensions>
      </trkpt>
      <trkpt lat="48.5359780" lon="36.0521707">
        <ele>117.3</ele>
        <time>2026-04-18T13:48:34Z</time>
        <extensions>
          <speed>7.44</speed>
          <course>14.4</course>
        </extensions>
      </trkpt>
      <trkpt lat="48.5359843" lon="36.0521727">
        <ele>117.4</ele>
        <time>2026-04-18T13:48:34Z</time>
        <extensions>
          <speed>7.28</speed>
          <course>13.0</course>
        </extensions>
      </trkpt>
      <trkpt lat="48.5359905" lon="36.0521743">
        <ele>117.4</ele>
        <time>2026-04-18T13:48:34Z</time>
        <extensions>
          <speed>7.19</speed>
          <course>12.4</course>
        </extensions>
      </trkpt>
      <trkpt lat="48.5359968" lon="36.0521757">
        <ele>117.5</ele>
        <time>2026-04-18T13:48:34Z</time>
        <extensions>
          <speed>7.13</speed>
          <course>10.5</course>
        </extensions>
      </trkpt>
      <trkpt lat="48.5360030" lon="36.0521770">
        <ele>117.6</ele>
        <time>2026-04-18T13:48:34Z</time>
        <extensions>
          <speed>7.04</speed>
          <course>9.5</course>
        </extensions>
      </trkpt>
      <trkpt lat="48.5360093" lon="36.0521783">
        <ele>117.6</ele>
        <time>2026-04-18T13:48:34Z</time>
        <extensions>
          <speed>7.10</speed>
          <course>9.7</course>
        </extensions>
      </trkpt>
      <trkpt lat="48.5360155" lon="36.0521790">
        <ele>117.7</ele>
        <time>2026-04-18T13:48:34Z</time>
        <extensions>
          <speed>7.01</speed>
          <course>6.3</course>
        </extensions>
      </trkpt>
      <trkpt lat="48.5360217" lon="36.0521797">
        <ele>117.7</ele>
        <time>2026-04-18T13:48:34Z</time>
        <extensions>
          <speed>6.92</speed>
          <course>5.4</course>
        </extensions>
      </trkpt>
      <trkpt lat="48.5360280" lon="36.0521803">
        <ele>117.8</ele>
        <time>2026-04-18T13:48:34Z</time>
        <extensions>
          <speed>7.07</speed>
          <course>5.2</course>
        </extensions>
      </trkpt>
      <trkpt lat="48.5360348" lon="36.0521805">
        <ele>117.8</ele>
        <time>2026-04-18T13:48:34Z</time>
        <extensions>
          <speed>7.32</speed>
          <course>3.6</course>
        </extensions>
      </trkpt>
      <trkpt lat="48.5360412" lon="36.0521803">
        <ele>117.8</ele>
        <time>2026-04-18T13:48:35Z</time>
        <extensions>
          <speed>7.22</speed>
          <course>2.0</course>
        </extensions>
      </trkpt>
      <trkpt lat="48.5360478" lon="36.0521802">
        <ele>117.8</ele>
        <time>2026-04-18T13:48:35Z</time>
        <extensions>
          <speed>7.29</speed>
          <course>1.3</course>
        </extensions>
      </trkpt>
      <trkpt lat="48.5360545" lon="36.0521795">
        <ele>117.8</ele>
        <time>2026-04-18T13:48:35Z</time>
        <extensions>
          <speed>7.36</speed>
          <course>359.0</course>
        </extensions>
      </trkpt>
      <trkpt lat="48.5360613" lon="36.0521783">
        <ele>117.8</ele>
        <time>2026-04-18T13:48:35Z</time>
        <extensions>
          <speed>7.64</speed>
          <course>357.1</course>
        </extensions>
      </trkpt>
      <trkpt lat="48.5360682" lon="36.0521768">
        <ele>117.8</ele>
        <time>2026-04-18T13:48:35Z</time>
        <extensions>
          <speed>7.61</speed>
          <course>353.2</course>
        </extensions>
      </trkpt>
      <trkpt lat="48.5360745" lon="36.0521752">
        <ele>117.8</ele>
        <time>2026-04-18T13:48:35Z</time>
        <extensions>
          <speed>7.41</speed>
          <course>351.7</course>
        </extensions>
      </trkpt>
      <trkpt lat="48.5360800" lon="36.0521730">
        <ele>117.8</ele>
        <time>2026-04-18T13:48:35Z</time>
        <extensions>
          <speed>7.03</speed>
          <course>348.7</course>
        </extensions>
      </trkpt>
      <trkpt lat="48.5360862" lon="36.0521705">
        <ele>117.8</ele>
        <time>2026-04-18T13:48:35Z</time>
        <extensions>
          <speed>7.10</speed>
          <course>347.0</course>
        </extensions>
      </trkpt>
      <trkpt lat="48.5360917" lon="36.0521677">
        <ele>117.8</ele>
        <time>2026-04-18T13:48:35Z</time>
        <extensions>
          <speed>6.93</speed>
          <course>343.8</course>
        </extensions>
      </trkpt>
      <trkpt lat="48.5360967" lon="36.0521640">
        <ele>117.7</ele>
        <time>2026-04-18T13:48:35Z</time>
        <extensions>
          <speed>6.69</speed>
          <course>339.2</course>
        </extensions>
      </trkpt>
      <trkpt lat="48.5361017" lon="36.0521602">
        <ele>117.8</ele>
        <time>2026-04-18T13:48:36Z</time>
        <extensions>
          <speed>6.53</speed>
          <course>336.0</course>
        </extensions>
      </trkpt>
      <trkpt lat="48.5361062" lon="36.0521563">
        <ele>117.8</ele>
        <time>2026-04-18T13:48:36Z</time>
        <extensions>
          <speed>6.30</speed>
          <course>333.0</course>
        </extensions>
      </trkpt>
      <trkpt lat="48.5361108" lon="36.0521517">
        <ele>117.8</ele>
        <time>2026-04-18T13:48:36Z</time>
        <extensions>
          <speed>6.33</speed>
          <course>330.1</course>
        </extensions>
      </trkpt>
      <trkpt lat="48.5361147" lon="36.0521465">
        <ele>117.8</ele>
        <time>2026-04-18T13:48:36Z</time>
        <extensions>
          <speed>6.18</speed>
          <course>326.0</course>
        </extensions>
      </trkpt>
      <trkpt lat="48.5361188" lon="36.0521410">
        <ele>117.8</ele>
        <time>2026-04-18T13:48:36Z</time>
        <extensions>
          <speed>6.31</speed>
          <course>322.9</course>
        </extensions>
      </trkpt>
      <trkpt lat="48.5361230" lon="36.0521352">
        <ele>117.8</ele>
        <time>2026-04-18T13:48:36Z</time>
        <extensions>
          <speed>6.29</speed>
          <course>320.1</course>
        </extensions>
      </trkpt>
      <trkpt lat="48.5361267" lon="36.0521288">
        <ele>117.8</ele>
        <time>2026-04-18T13:48:36Z</time>
        <extensions>
          <speed>6.27</speed>
          <course>316.1</course>
        </extensions>
      </trkpt>
      <trkpt lat="48.5361300" lon="36.0521220">
        <ele>117.8</ele>
        <time>2026-04-18T13:48:36Z</time>
        <extensions>
          <speed>6.37</speed>
          <course>312.6</course>
        </extensions>
      </trkpt>
      <trkpt lat="48.5361330" lon="36.0521147">
        <ele>117.7</ele>
        <time>2026-04-18T13:48:36Z</time>
        <extensions>
          <speed>6.40</speed>
          <course>308.9</course>
        </extensions>
      </trkpt>
      <trkpt lat="48.5361360" lon="36.0521072">
        <ele>117.7</ele>
        <time>2026-04-18T13:48:36Z</time>
        <extensions>
          <speed>6.59</speed>
          <course>305.1</course>
        </extensions>
      </trkpt>
      <trkpt lat="48.5361392" lon="36.0520995">
        <ele>117.7</ele>
        <time>2026-04-18T13:48:37Z</time>
        <extensions>
          <speed>6.63</speed>
          <course>303.5</course>
        </extensions>
      </trkpt>
      <trkpt lat="48.5361443" lon="36.0520840">
        <ele>117.7</ele>
        <time>2026-04-18T13:48:37Z</time>
        <extensions>
          <speed>6.51</speed>
          <course>298.3</course>
        </extensions>
      </trkpt>
      <trkpt lat="48.5361462" lon="36.0520753">
        <ele>117.7</ele>
        <time>2026-04-18T13:48:37Z</time>
        <extensions>
          <speed>6.67</speed>
          <course>293.8</course>
        </extensions>
      </trkpt>
      <trkpt lat="48.5361482" lon="36.0520670">
        <ele>117.7</ele>
        <time>2026-04-18T13:48:37Z</time>
        <extensions>
          <speed>6.60</speed>
          <course>292.0</course>
        </extensions>
      </trkpt>
      <trkpt lat="48.5361495" lon="36.0520583">
        <ele>117.7</ele>
        <time>2026-04-18T13:48:37Z</time>
        <extensions>
          <speed>6.71</speed>
          <course>288.9</course>
        </extensions>
      </trkpt>
      <trkpt lat="48.5361507" lon="36.0520492">
        <ele>117.8</ele>
        <time>2026-04-18T13:48:37Z</time>
        <extensions>
          <speed>6.83</speed>
          <course>285.4</course>
        </extensions>
      </trkpt>
      <trkpt lat="48.5361515" lon="36.0520405">
        <ele>117.8</ele>
        <time>2026-04-18T13:48:37Z</time>
        <extensions>
          <speed>6.68</speed>
          <course>282.7</course>
        </extensions>
      </trkpt>
      <trkpt lat="48.5361517" lon="36.0520302">
        <ele>117.7</ele>
        <time>2026-04-18T13:48:37Z</time>
        <extensions>
          <speed>7.23</speed>
          <course>278.8</course>
        </extensions>
      </trkpt>
      <trkpt lat="48.5361525" lon="36.0520207">
        <ele>117.7</ele>
        <time>2026-04-18T13:48:37Z</time>
        <extensions>
          <speed>7.12</speed>
          <course>277.6</course>
        </extensions>
      </trkpt>
      <trkpt lat="48.5361525" lon="36.0520113">
        <ele>117.7</ele>
        <time>2026-04-18T13:48:38Z</time>
        <extensions>
          <speed>6.98</speed>
          <course>275.4</course>
        </extensions>
      </trkpt>
      <trkpt lat="48.5361523" lon="36.0520018">
        <ele>117.6</ele>
        <time>2026-04-18T13:48:38Z</time>
        <extensions>
          <speed>7.01</speed>
          <course>273.1</course>
        </extensions>
      </trkpt>
      <trkpt lat="48.5361518" lon="36.0519918">
        <ele>117.5</ele>
        <time>2026-04-18T13:48:38Z</time>
        <extensions>
          <speed>7.25</speed>
          <course>270.0</course>
        </extensions>
      </trkpt>
      <trkpt lat="48.5361510" lon="36.0519822">
        <ele>117.6</ele>
        <time>2026-04-18T13:48:38Z</time>
        <extensions>
          <speed>7.17</speed>
          <course>267.1</course>
        </extensions>
      </trkpt>
      <trkpt lat="48.5361502" lon="36.0519720">
        <ele>117.6</ele>
        <time>2026-04-18T13:48:38Z</time>
        <extensions>
          <speed>7.38</speed>
          <course>265.0</course>
        </extensions>
      </trkpt>
      <trkpt lat="48.5361488" lon="36.0519618">
        <ele>117.5</ele>
        <time>2026-04-18T13:48:38Z</time>
        <extensions>
          <speed>7.53</speed>
          <course>262.9</course>
        </extensions>
      </trkpt>
      <trkpt lat="48.5361475" lon="36.0519512">
        <ele>117.5</ele>
        <time>2026-04-18T13:48:38Z</time>
        <extensions>
          <speed>7.76</speed>
          <course>261.1</course>
        </extensions>
      </trkpt>
      <trkpt lat="48.5361458" lon="36.0519410">
        <ele>117.5</ele>
        <time>2026-04-18T13:48:38Z</time>
        <extensions>
          <speed>7.75</speed>
          <course>258.4</course>
        </extensions>
      </trkpt>
      <trkpt lat="48.5361438" lon="36.0519307">
        <ele>117.5</ele>
        <time>2026-04-18T13:48:38Z</time>
        <extensions>
          <speed>7.84</speed>
          <course>256.9</course>
        </extensions>
      </trkpt>
      <trkpt lat="48.5361418" lon="36.0519202">
        <ele>117.5</ele>
        <time>2026-04-18T13:48:38Z</time>
        <extensions>
          <speed>7.94</speed>
          <course>255.5</course>
        </extensions>
      </trkpt>
      <trkpt lat="48.5361395" lon="36.0519100">
        <ele>117.5</ele>
        <time>2026-04-18T13:48:39Z</time>
        <extensions>
          <speed>7.96</speed>
          <course>253.5</course>
        </extensions>
      </trkpt>
      <trkpt lat="48.5361372" lon="36.0519003">
        <ele>117.5</ele>
        <time>2026-04-18T13:48:39Z</time>
        <extensions>
          <speed>7.79</speed>
          <course>252.0</course>
        </extensions>
      </trkpt>
      <trkpt lat="48.5361345" lon="36.0518898">
        <ele>117.4</ele>
        <time>2026-04-18T13:48:39Z</time>
        <extensions>
          <speed>8.01</speed>
          <course>250.5</course>
        </extensions>
      </trkpt>
      <trkpt lat="48.5361318" lon="36.0518795">
        <ele>117.4</ele>
        <time>2026-04-18T13:48:39Z</time>
        <extensions>
          <speed>7.98</speed>
          <course>250.1</course>
        </extensions>
      </trkpt>
      <trkpt lat="48.5361288" lon="36.0518677">
        <ele>117.5</ele>
        <time>2026-04-18T13:48:39Z</time>
        <extensions>
          <speed>8.52</speed>
          <course>249.4</course>
        </extensions>
      </trkpt>
      <trkpt lat="48.5361257" lon="36.0518570">
        <ele>117.5</ele>
        <time>2026-04-18T13:48:39Z</time>
        <extensions>
          <speed>8.49</speed>
          <course>248.1</course>
        </extensions>
      </trkpt>
      <trkpt lat="48.5361227" lon="36.0518465">
        <ele>117.4</ele>
        <time>2026-04-18T13:48:39Z</time>
        <extensions>
          <speed>8.51</speed>
          <course>247.4</course>
        </extensions>
      </trkpt>
      <trkpt lat="48.5361195" lon="36.0518353">
        <ele>117.4</ele>
        <time>2026-04-18T13:48:39Z</time>
        <extensions>
          <speed>8.70</speed>
          <course>247.6</course>
        </extensions>
      </trkpt>
      <trkpt lat="48.5361155" lon="36.0518243">
        <ele>117.3</ele>
        <time>2026-04-18T13:48:39Z</time>
        <extensions>
          <speed>8.87</speed>
          <course>245.0</course>
        </extensions>
      </trkpt>
      <trkpt lat="48.5361108" lon="36.0518120">
        <ele>117.4</ele>
        <time>2026-04-18T13:48:39Z</time>
        <extensions>
          <speed>9.30</speed>
          <course>243.1</course>
        </extensions>
      </trkpt>
      <trkpt lat="48.5361063" lon="36.0518005">
        <ele>117.5</ele>
        <time>2026-04-18T13:48:40Z</time>
        <extensions>
          <speed>9.47</speed>
          <course>241.1</course>
        </extensions>
      </trkpt>
      <trkpt lat="48.5361010" lon="36.0517888">
        <ele>117.5</ele>
        <time>2026-04-18T13:48:40Z</time>
        <extensions>
          <speed>9.78</speed>
          <course>238.5</course>
        </extensions>
      </trkpt>
      <trkpt lat="48.5360958" lon="36.0517773">
        <ele>117.5</ele>
        <time>2026-04-18T13:48:40Z</time>
        <extensions>
          <speed>9.85</speed>
          <course>237.7</course>
        </extensions>
      </trkpt>
      <trkpt lat="48.5360908" lon="36.0517657">
        <ele>117.5</ele>
        <time>2026-04-18T13:48:40Z</time>
        <extensions>
          <speed>10.00</speed>
          <course>237.3</course>
        </extensions>
      </trkpt>
      <trkpt lat="48.5360855" lon="36.0517545">
        <ele>117.6</ele>
        <time>2026-04-18T13:48:40Z</time>
        <extensions>
          <speed>9.98</speed>
          <course>235.9</course>
        </extensions>
      </trkpt>
      <trkpt lat="48.5360800" lon="36.0517428">
        <ele>117.6</ele>
        <time>2026-04-18T13:48:40Z</time>
        <extensions>
          <speed>10.20</speed>
          <course>235.3</course>
        </extensions>
      </trkpt>
      <trkpt lat="48.5360742" lon="36.0517312">
        <ele>117.6</ele>
        <time>2026-04-18T13:48:40Z</time>
        <extensions>
          <speed>10.38</speed>
          <course>234.8</course>
        </extensions>
      </trkpt>
      <trkpt lat="48.5360683" lon="36.0517205">
        <ele>117.6</ele>
        <time>2026-04-18T13:48:40Z</time>
        <extensions>
          <speed>10.22</speed>
          <course>232.5</course>
        </extensions>
      </trkpt>
      <trkpt lat="48.5360623" lon="36.0517102">
        <ele>117.5</ele>
        <time>2026-04-18T13:48:40Z</time>
        <extensions>
          <speed>10.11</speed>
          <course>231.5</course>
        </extensions>
      </trkpt>
      <trkpt lat="48.5360560" lon="36.0516998">
        <ele>117.5</ele>
        <time>2026-04-18T13:48:40Z</time>
        <extensions>
          <speed>10.27</speed>
          <course>229.1</course>
        </extensions>
      </trkpt>
      <trkpt lat="48.5360503" lon="36.0516910">
        <ele>117.3</ele>
        <time>2026-04-18T13:48:41Z</time>
        <extensions>
          <speed>9.87</speed>
          <course>228.2</course>
        </extensions>
      </trkpt>
      <trkpt lat="48.5360382" lon="36.0516717">
        <ele>117.3</ele>
        <time>2026-04-18T13:48:41Z</time>
        <extensions>
          <speed>9.79</speed>
          <course>226.2</course>
        </extensions>
      </trkpt>
      <trkpt lat="48.5360327" lon="36.0516630">
        <ele>117.3</ele>
        <time>2026-04-18T13:48:41Z</time>
        <extensions>
          <speed>9.55</speed>
          <course>226.4</course>
        </extensions>
      </trkpt>
      <trkpt lat="48.5360268" lon="36.0516545">
        <ele>117.2</ele>
        <time>2026-04-18T13:48:41Z</time>
        <extensions>
          <speed>9.46</speed>
          <course>224.8</course>
        </extensions>
      </trkpt>
      <trkpt lat="48.5360213" lon="36.0516468">
        <ele>117.2</ele>
        <time>2026-04-18T13:48:41Z</time>
        <extensions>
          <speed>9.03</speed>
          <course>224.0</course>
        </extensions>
      </trkpt>
      <trkpt lat="48.5360155" lon="36.0516385">
        <ele>117.1</ele>
        <time>2026-04-18T13:48:41Z</time>
        <extensions>
          <speed>9.05</speed>
          <course>224.0</course>
        </extensions>
      </trkpt>
      <trkpt lat="48.5360093" lon="36.0516300">
        <ele>117.2</ele>
        <time>2026-04-18T13:48:41Z</time>
        <extensions>
          <speed>9.15</speed>
          <course>223.1</course>
        </extensions>
      </trkpt>
      <trkpt lat="48.5360040" lon="36.0516225">
        <ele>117.1</ele>
        <time>2026-04-18T13:48:41Z</time>
        <extensions>
          <speed>8.73</speed>
          <course>222.7</course>
        </extensions>
      </trkpt>
      <trkpt lat="48.5359972" lon="36.0516133">
        <ele>117.2</ele>
        <time>2026-04-18T13:48:41Z</time>
        <extensions>
          <speed>9.09</speed>
          <course>222.1</course>
        </extensions>
      </trkpt>
      <trkpt lat="48.5359915" lon="36.0516055">
        <ele>117.2</ele>
        <time>2026-04-18T13:48:42Z</time>
        <extensions>
          <speed>8.96</speed>
          <course>222.1</course>
        </extensions>
      </trkpt>
      <trkpt lat="48.5359802" lon="36.0515902">
        <ele>117.1</ele>
        <time>2026-04-18T13:48:42Z</time>
        <extensions>
          <speed>8.62</speed>
          <course>222.0</course>
        </extensions>
      </trkpt>
      <trkpt lat="48.5359748" lon="36.0515825">
        <ele>117.1</ele>
        <time>2026-04-18T13:48:42Z</time>
        <extensions>
          <speed>8.50</speed>
          <course>222.3</course>
        </extensions>
      </trkpt>
      <trkpt lat="48.5359695" lon="36.0515752">
        <ele>117.1</ele>
        <time>2026-04-18T13:48:42Z</time>
        <extensions>
          <speed>8.33</speed>
          <course>222.2</course>
        </extensions>
      </trkpt>
      <trkpt lat="48.5359642" lon="36.0515678">
        <ele>117.0</ele>
        <time>2026-04-18T13:48:42Z</time>
        <extensions>
          <speed>8.28</speed>
          <course>222.5</course>
        </extensions>
      </trkpt>
      <trkpt lat="48.5359593" lon="36.0515607">
        <ele>117.2</ele>
        <time>2026-04-18T13:48:42Z</time>
        <extensions>
          <speed>7.97</speed>
          <course>222.8</course>
        </extensions>
      </trkpt>
      <trkpt lat="48.5359545" lon="36.0515535">
        <ele>117.2</ele>
        <time>2026-04-18T13:48:42Z</time>
        <extensions>
          <speed>7.78</speed>
          <course>223.4</course>
        </extensions>
      </trkpt>
      <trkpt lat="48.5359495" lon="36.0515463">
        <ele>117.2</ele>
        <time>2026-04-18T13:48:42Z</time>
        <extensions>
          <speed>7.67</speed>
          <course>223.3</course>
        </extensions>
      </trkpt>
      <trkpt lat="48.5359450" lon="36.0515398">
        <ele>117.2</ele>
        <time>2026-04-18T13:48:42Z</time>
        <extensions>
          <speed>7.35</speed>
          <course>223.3</course>
        </extensions>
      </trkpt>
      <trkpt lat="48.5359402" lon="36.0515333">
        <ele>117.3</ele>
        <time>2026-04-18T13:48:43Z</time>
        <extensions>
          <speed>7.25</speed>
          <course>222.3</course>
        </extensions>
      </trkpt>
      <trkpt lat="48.5359308" lon="36.0515213">
        <ele>117.3</ele>
        <time>2026-04-18T13:48:43Z</time>
        <extensions>
          <speed>6.76</speed>
          <course>220.4</course>
        </extensions>
      </trkpt>
      <trkpt lat="48.5359252" lon="36.0515148">
        <ele>117.3</ele>
        <time>2026-04-18T13:48:43Z</time>
        <extensions>
          <speed>7.20</speed>
          <course>219.5</course>
        </extensions>
      </trkpt>
      <trkpt lat="48.5359208" lon="36.0515097">
        <ele>117.3</ele>
        <time>2026-04-18T13:48:43Z</time>
        <extensions>
          <speed>6.85</speed>
          <course>218.1</course>
        </extensions>
      </trkpt>
      <trkpt lat="48.5359162" lon="36.0515047">
        <ele>117.3</ele>
        <time>2026-04-18T13:48:43Z</time>
        <extensions>
          <speed>6.67</speed>
          <course>217.2</course>
        </extensions>
      </trkpt>
      <trkpt lat="48.5359115" lon="36.0514997">
        <ele>117.2</ele>
        <time>2026-04-18T13:48:43Z</time>
        <extensions>
          <speed>6.52</speed>
          <course>216.1</course>
        </extensions>
      </trkpt>
      <trkpt lat="48.5359065" lon="36.0514948">
        <ele>117.2</ele>
        <time>2026-04-18T13:48:43Z</time>
        <extensions>
          <speed>6.58</speed>
          <course>214.3</course>
        </extensions>
      </trkpt>
      <trkpt lat="48.5359013" lon="36.0514900">
        <ele>117.2</ele>
        <time>2026-04-18T13:48:43Z</time>
        <extensions>
          <speed>6.55</speed>
          <course>213.2</course>
        </extensions>
      </trkpt>
      <trkpt lat="48.5358970" lon="36.0514855">
        <ele>117.1</ele>
        <time>2026-04-18T13:48:43Z</time>
        <extensions>
          <speed>6.16</speed>
          <course>213.9</course>
        </extensions>
      </trkpt>
      <trkpt lat="48.5358917" lon="36.0514807">
        <ele>116.7</ele>
        <time>2026-04-18T13:48:44Z</time>
        <extensions>
          <speed>6.66</speed>
          <course>213.9</course>
        </extensions>
      </trkpt>
      <trkpt lat="48.5358817" lon="36.0514713">
        <ele>116.3</ele>
        <time>2026-04-18T13:48:44Z</time>
        <extensions>
          <speed>6.72</speed>
          <course>212.8</course>
        </extensions>
      </trkpt>
      <trkpt lat="48.5358770" lon="36.0514678">
        <ele>116.0</ele>
        <time>2026-04-18T13:48:44Z</time>
        <extensions>
          <speed>6.48</speed>
          <course>211.1</course>
        </extensions>
      </trkpt>
      <trkpt lat="48.5358717" lon="36.0514630">
        <ele>115.5</ele>
        <time>2026-04-18T13:48:44Z</time>
        <extensions>
          <speed>7.10</speed>
          <course>211.8</course>
        </extensions>
      </trkpt>
      <trkpt lat="48.5358662" lon="36.0514585">
        <ele>115.3</ele>
        <time>2026-04-18T13:48:44Z</time>
        <extensions>
          <speed>7.09</speed>
          <course>210.2</course>
        </extensions>
      </trkpt>
      <trkpt lat="48.5358600" lon="36.0514537">
        <ele>115.2</ele>
        <time>2026-04-18T13:48:44Z</time>
        <extensions>
          <speed>7.48</speed>
          <course>208.8</course>
        </extensions>
      </trkpt>
      <trkpt lat="48.5358535" lon="36.0514485">
        <ele>115.0</ele>
        <time>2026-04-18T13:48:44Z</time>
        <extensions>
          <speed>7.93</speed>
          <course>208.3</course>
        </extensions>
      </trkpt>
      <trkpt lat="48.5358470" lon="36.0514433">
        <ele>114.8</ele>
        <time>2026-04-18T13:48:44Z</time>
        <extensions>
          <speed>8.17</speed>
          <course>208.4</course>
        </extensions>
      </trkpt>
      <trkpt lat="48.5358400" lon="36.0514378">
        <ele>114.6</ele>
        <time>2026-04-18T13:48:44Z</time>
        <extensions>
          <speed>8.53</speed>
          <course>208.6</course>
        </extensions>
      </trkpt>
      <trkpt lat="48.5358330" lon="36.0514317">
        <ele>114.4</ele>
        <time>2026-04-18T13:48:45Z</time>
        <extensions>
          <speed>8.96</speed>
          <course>209.6</course>
        </extensions>
      </trkpt>
      <trkpt lat="48.5358257" lon="36.0514257">
        <ele>114.1</ele>
        <time>2026-04-18T13:48:45Z</time>
        <extensions>
          <speed>9.24</speed>
          <course>209.1</course>
        </extensions>
      </trkpt>
      <trkpt lat="48.5358183" lon="36.0514193">
        <ele>114.0</ele>
        <time>2026-04-18T13:48:45Z</time>
        <extensions>
          <speed>9.41</speed>
          <course>209.3</course>
        </extensions>
      </trkpt>
      <trkpt lat="48.5358105" lon="36.0514127">
        <ele>114.0</ele>
        <time>2026-04-18T13:48:45Z</time>
        <extensions>
          <speed>9.76</speed>
          <course>209.6</course>
        </extensions>
      </trkpt>
      <trkpt lat="48.5358028" lon="36.0514062">
        <ele>113.7</ele>
        <time>2026-04-18T13:48:45Z</time>
        <extensions>
          <speed>9.95</speed>
          <course>209.5</course>
        </extensions>
      </trkpt>
      <trkpt lat="48.5357948" lon="36.0514000">
        <ele>113.4</ele>
        <time>2026-04-18T13:48:45Z</time>
        <extensions>
          <speed>10.05</speed>
          <course>208.4</course>
        </extensions>
      </trkpt>
      <trkpt lat="48.5357868" lon="36.0513932">
        <ele>113.3</ele>
        <time>2026-04-18T13:48:45Z</time>
        <extensions>
          <speed>10.25</speed>
          <course>209.1</course>
        </extensions>
      </trkpt>
      <trkpt lat="48.5357787" lon="36.0513863">
        <ele>113.0</ele>
        <time>2026-04-18T13:48:45Z</time>
        <extensions>
          <speed>10.42</speed>
          <course>209.4</course>
        </extensions>
      </trkpt>
      <trkpt lat="48.5357703" lon="36.0513793">
        <ele>112.9</ele>
        <time>2026-04-18T13:48:45Z</time>
        <extensions>
          <speed>10.56</speed>
          <course>209.2</course>
        </extensions>
      </trkpt>
      <trkpt lat="48.5357618" lon="36.0513720">
        <ele>112.8</ele>
        <time>2026-04-18T13:48:45Z</time>
        <extensions>
          <speed>10.80</speed>
          <course>209.6</course>
        </extensions>
      </trkpt>
      <trkpt lat="48.5357533" lon="36.0513645">
        <ele>112.5</ele>
        <time>2026-04-18T13:48:46Z</time>
        <extensions>
          <speed>10.96</speed>
          <course>210.5</course>
        </extensions>
      </trkpt>
      <trkpt lat="48.5357448" lon="36.0513572">
        <ele>112.5</ele>
        <time>2026-04-18T13:48:46Z</time>
        <extensions>
          <speed>10.81</speed>
          <course>211.0</course>
        </extensions>
      </trkpt>
      <trkpt lat="48.5357367" lon="36.0513500">
        <ele>112.2</ele>
        <time>2026-04-18T13:48:46Z</time>
        <extensions>
          <speed>10.57</speed>
          <course>210.8</course>
        </extensions>
      </trkpt>
      <trkpt lat="48.5357282" lon="36.0513427">
        <ele>112.2</ele>
        <time>2026-04-18T13:48:46Z</time>
        <extensions>
          <speed>10.78</speed>
          <course>210.7</course>
        </extensions>
      </trkpt>
      <trkpt lat="48.5357200" lon="36.0513352">
        <ele>112.0</ele>
        <time>2026-04-18T13:48:46Z</time>
        <extensions>
          <speed>10.65</speed>
          <course>211.3</course>
        </extensions>
      </trkpt>
      <trkpt lat="48.5357115" lon="36.0513272">
        <ele>111.9</ele>
        <time>2026-04-18T13:48:46Z</time>
        <extensions>
          <speed>10.94</speed>
          <course>211.9</course>
        </extensions>
      </trkpt>
      <trkpt lat="48.5357035" lon="36.0513190">
        <ele>111.8</ele>
        <time>2026-04-18T13:48:46Z</time>
        <extensions>
          <speed>10.80</speed>
          <course>213.8</course>
        </extensions>
      </trkpt>
      <trkpt lat="48.5356952" lon="36.0513117">
        <ele>111.6</ele>
        <time>2026-04-18T13:48:46Z</time>
        <extensions>
          <speed>10.80</speed>
          <course>211.4</course>
        </extensions>
      </trkpt>
      <trkpt lat="48.5356872" lon="36.0513042">
        <ele>111.4</ele>
        <time>2026-04-18T13:48:46Z</time>
        <extensions>
          <speed>10.54</speed>
          <course>211.8</course>
        </extensions>
      </trkpt>
      <trkpt lat="48.5356793" lon="36.0512967">
        <ele>111.3</ele>
        <time>2026-04-18T13:48:46Z</time>
        <extensions>
          <speed>10.47</speed>
          <course>212.3</course>
        </extensions>
      </trkpt>
      <trkpt lat="48.5356713" lon="36.0512887">
        <ele>111.2</ele>
        <time>2026-04-18T13:48:47Z</time>
        <extensions>
          <speed>10.64</speed>
          <course>213.2</course>
        </extensions>
      </trkpt>
      <trkpt lat="48.5356633" lon="36.0512810">
        <ele>111.1</ele>
        <time>2026-04-18T13:48:47Z</time>
        <extensions>
          <speed>10.56</speed>
          <course>212.9</course>
        </extensions>
      </trkpt>
      <trkpt lat="48.5356553" lon="36.0512733">
        <ele>110.9</ele>
        <time>2026-04-18T13:48:47Z</time>
        <extensions>
          <speed>10.58</speed>
          <course>212.6</course>
        </extensions>
      </trkpt>
      <trkpt lat="48.5356475" lon="36.0512658">
        <ele>110.8</ele>
        <time>2026-04-18T13:48:47Z</time>
        <extensions>
          <speed>10.50</speed>
          <course>212.3</course>
        </extensions>
      </trkpt>
      <trkpt lat="48.5356397" lon="36.0512582">
        <ele>110.7</ele>
        <time>2026-04-18T13:48:47Z</time>
        <extensions>
          <speed>10.40</speed>
          <course>212.5</course>
        </extensions>
      </trkpt>
      <trkpt lat="48.5356318" lon="36.0512507">
        <ele>110.5</ele>
        <time>2026-04-18T13:48:47Z</time>
        <extensions>
          <speed>10.40</speed>
          <course>212.4</course>
        </extensions>
      </trkpt>
      <trkpt lat="48.5356238" lon="36.0512433">
        <ele>110.4</ele>
        <time>2026-04-18T13:48:47Z</time>
        <extensions>
          <speed>10.41</speed>
          <course>212.2</course>
        </extensions>
      </trkpt>
      <trkpt lat="48.5356162" lon="36.0512358">
        <ele>110.4</ele>
        <time>2026-04-18T13:48:47Z</time>
        <extensions>
          <speed>10.26</speed>
          <course>212.9</course>
        </extensions>
      </trkpt>
      <trkpt lat="48.5356082" lon="36.0512285">
        <ele>110.3</ele>
        <time>2026-04-18T13:48:47Z</time>
        <extensions>
          <speed>10.30</speed>
          <course>212.0</course>
        </extensions>
      </trkpt>
      <trkpt lat="48.5356003" lon="36.0512210">
        <ele>110.3</ele>
        <time>2026-04-18T13:48:47Z</time>
        <extensions>
          <speed>10.28</speed>
          <course>212.7</course>
        </extensions>
      </trkpt>
      <trkpt lat="48.5355928" lon="36.0512142">
        <ele>110.2</ele>
        <time>2026-04-18T13:48:48Z</time>
        <extensions>
          <speed>10.00</speed>
          <course>211.8</course>
        </extensions>
      </trkpt>
      <trkpt lat="48.5355778" lon="36.0511997">
        <ele>110.0</ele>
        <time>2026-04-18T13:48:48Z</time>
        <extensions>
          <speed>9.84</speed>
          <course>212.8</course>
        </extensions>
      </trkpt>
      <trkpt lat="48.5355705" lon="36.0511928">
        <ele>110.0</ele>
        <time>2026-04-18T13:48:48Z</time>
        <extensions>
          <speed>9.80</speed>
          <course>211.7</course>
        </extensions>
      </trkpt>
      <trkpt lat="48.5355632" lon="36.0511862">
        <ele>109.9</ele>
        <time>2026-04-18T13:48:48Z</time>
        <extensions>
          <speed>9.65</speed>
          <course>211.4</course>
        </extensions>
      </trkpt>
      <trkpt lat="48.5355557" lon="36.0511792">
        <ele>110.0</ele>
        <time>2026-04-18T13:48:48Z</time>
        <extensions>
          <speed>9.71</speed>
          <course>211.8</course>
        </extensions>
      </trkpt>
      <trkpt lat="48.5355487" lon="36.0511732">
        <ele>110.0</ele>
        <time>2026-04-18T13:48:48Z</time>
        <extensions>
          <speed>9.41</speed>
          <course>209.6</course>
        </extensions>
      </trkpt>
      <trkpt lat="48.5355415" lon="36.0511670">
        <ele>110.0</ele>
        <time>2026-04-18T13:48:48Z</time>
        <extensions>
          <speed>9.28</speed>
          <course>209.9</course>
        </extensions>
      </trkpt>
      <trkpt lat="48.5355347" lon="36.0511608">
        <ele>110.0</ele>
        <time>2026-04-18T13:48:48Z</time>
        <extensions>
          <speed>9.05</speed>
          <course>210.0</course>
        </extensions>
      </trkpt>
      <trkpt lat="48.5355268" lon="36.0511548">
        <ele>110.1</ele>
        <time>2026-04-18T13:48:48Z</time>
        <extensions>
          <speed>9.42</speed>
          <course>207.4</course>
        </extensions>
      </trkpt>
      <trkpt lat="48.5355197" lon="36.0511492">
        <ele>110.1</ele>
        <time>2026-04-18T13:48:49Z</time>
        <extensions>
          <speed>9.18</speed>
          <course>207.0</course>
        </extensions>
      </trkpt>
      <trkpt lat="48.5355050" lon="36.0511385">
        <ele>110.2</ele>
        <time>2026-04-18T13:48:49Z</time>
        <extensions>
          <speed>9.00</speed>
          <course>205.6</course>
        </extensions>
      </trkpt>
      <trkpt lat="48.5354978" lon="36.0511330">
        <ele>110.4</ele>
        <time>2026-04-18T13:48:49Z</time>
        <extensions>
          <speed>8.93</speed>
          <course>206.0</course>
        </extensions>
      </trkpt>
      <trkpt lat="48.5354907" lon="36.0511277">
        <ele>110.5</ele>
        <time>2026-04-18T13:48:49Z</time>
        <extensions>
          <speed>8.84</speed>
          <course>205.9</course>
        </extensions>
      </trkpt>
      <trkpt lat="48.5354838" lon="36.0511230">
        <ele>110.6</ele>
        <time>2026-04-18T13:48:49Z</time>
        <extensions>
          <speed>8.60</speed>
          <course>204.8</course>
        </extensions>
      </trkpt>
      <trkpt lat="48.5354763" lon="36.0511177">
        <ele>110.8</ele>
        <time>2026-04-18T13:48:49Z</time>
        <extensions>
          <speed>8.86</speed>
          <course>204.7</course>
        </extensions>
      </trkpt>
      <trkpt lat="48.5354697" lon="36.0511128">
        <ele>110.9</ele>
        <time>2026-04-18T13:48:49Z</time>
        <extensions>
          <speed>8.54</speed>
          <course>205.3</course>
        </extensions>
      </trkpt>
      <trkpt lat="48.5354625" lon="36.0511082">
        <ele>111.1</ele>
        <time>2026-04-18T13:48:49Z</time>
        <extensions>
          <speed>8.53</speed>
          <course>203.6</course>
        </extensions>
      </trkpt>
      <trkpt lat="48.5354557" lon="36.0511033">
        <ele>111.2</ele>
        <time>2026-04-18T13:48:49Z</time>
        <extensions>
          <speed>8.44</speed>
          <course>204.5</course>
        </extensions>
      </trkpt>
      <trkpt lat="48.5354487" lon="36.0510987">
        <ele>111.3</ele>
        <time>2026-04-18T13:48:50Z</time>
        <extensions>
          <speed>8.59</speed>
          <course>204.1</course>
        </extensions>
      </trkpt>
      <trkpt lat="48.5354418" lon="36.0510942">
        <ele>111.4</ele>
        <time>2026-04-18T13:48:50Z</time>
        <extensions>
          <speed>8.55</speed>
          <course>203.7</course>
        </extensions>
      </trkpt>
      <trkpt lat="48.5354350" lon="36.0510900">
        <ele>111.4</ele>
        <time>2026-04-18T13:48:50Z</time>
        <extensions>
          <speed>8.35</speed>
          <course>202.6</course>
        </extensions>
      </trkpt>
      <trkpt lat="48.5354280" lon="36.0510858">
        <ele>111.5</ele>
        <time>2026-04-18T13:48:50Z</time>
        <extensions>
          <speed>8.43</speed>
          <course>201.6</course>
        </extensions>
      </trkpt>
      <trkpt lat="48.5354217" lon="36.0510820">
        <ele>111.5</ele>
        <time>2026-04-18T13:48:50Z</time>
        <extensions>
          <speed>8.01</speed>
          <course>201.4</course>
        </extensions>
      </trkpt>
      <trkpt lat="48.5354145" lon="36.0510780">
        <ele>111.6</ele>
        <time>2026-04-18T13:48:50Z</time>
        <extensions>
          <speed>8.27</speed>
          <course>200.3</course>
        </extensions>
      </trkpt>
      <trkpt lat="48.5354082" lon="36.0510745">
        <ele>111.5</ele>
        <time>2026-04-18T13:48:50Z</time>
        <extensions>
          <speed>7.89</speed>
          <course>200.1</course>
        </extensions>
      </trkpt>
      <trkpt lat="48.5354017" lon="36.0510710">
        <ele>111.5</ele>
        <time>2026-04-18T13:48:50Z</time>
        <extensions>
          <speed>7.81</speed>
          <course>199.7</course>
        </extensions>
      </trkpt>
      <trkpt lat="48.5353958" lon="36.0510682">
        <ele>111.5</ele>
        <time>2026-04-18T13:48:50Z</time>
        <extensions>
          <speed>7.28</speed>
          <course>198.5</course>
        </extensions>
      </trkpt>
      <trkpt lat="48.5353897" lon="36.0510655">
        <ele>111.5</ele>
        <time>2026-04-18T13:48:50Z</time>
        <extensions>
          <speed>7.28</speed>
          <course>196.3</course>
        </extensions>
      </trkpt>
      <trkpt lat="48.5353837" lon="36.0510628">
        <ele>111.5</ele>
        <time>2026-04-18T13:48:51Z</time>
        <extensions>
          <speed>7.12</speed>
          <course>196.7</course>
        </extensions>
      </trkpt>
      <trkpt lat="48.5353778" lon="36.0510602">
        <ele>111.5</ele>
        <time>2026-04-18T13:48:51Z</time>
        <extensions>
          <speed>6.97</speed>
          <course>196.4</course>
        </extensions>
      </trkpt>
      <trkpt lat="48.5353722" lon="36.0510580">
        <ele>111.5</ele>
        <time>2026-04-18T13:48:51Z</time>
        <extensions>
          <speed>6.71</speed>
          <course>194.4</course>
        </extensions>
      </trkpt>
      <trkpt lat="48.5353667" lon="36.0510563">
        <ele>111.5</ele>
        <time>2026-04-18T13:48:51Z</time>
        <extensions>
          <speed>6.39</speed>
          <course>193.5</course>
        </extensions>
      </trkpt>
      <trkpt lat="48.5353612" lon="36.0510547">
        <ele>111.5</ele>
        <time>2026-04-18T13:48:51Z</time>
        <extensions>
          <speed>6.35</speed>
          <course>192.0</course>
        </extensions>
      </trkpt>
      <trkpt lat="48.5353560" lon="36.0510532">
        <ele>111.5</ele>
        <time>2026-04-18T13:48:51Z</time>
        <extensions>
          <speed>6.13</speed>
          <course>191.7</course>
        </extensions>
      </trkpt>
      <trkpt lat="48.5353513" lon="36.0510520">
        <ele>111.5</ele>
        <time>2026-04-18T13:48:51Z</time>
        <extensions>
          <speed>5.71</speed>
          <course>190.6</course>
        </extensions>
      </trkpt>
      <trkpt lat="48.5353460" lon="36.0510508">
        <ele>111.4</ele>
        <time>2026-04-18T13:48:51Z</time>
        <extensions>
          <speed>5.90</speed>
          <course>189.4</course>
        </extensions>
      </trkpt>
      <trkpt lat="48.5353412" lon="36.0510500">
        <ele>111.4</ele>
        <time>2026-04-18T13:48:51Z</time>
        <extensions>
          <speed>5.67</speed>
          <course>187.5</course>
        </extensions>
      </trkpt>
      <trkpt lat="48.5353363" lon="36.0510495">
        <ele>111.3</ele>
        <time>2026-04-18T13:48:51Z</time>
        <extensions>
          <speed>5.56</speed>
          <course>185.6</course>
        </extensions>
      </trkpt>
      <trkpt lat="48.5353267" lon="36.0510492">
        <ele>111.3</ele>
        <time>2026-04-18T13:48:52Z</time>
        <extensions>
          <speed>5.45</speed>
          <course>181.2</course>
        </extensions>
      </trkpt>
      <trkpt lat="48.5353223" lon="36.0510497">
        <ele>111.3</ele>
        <time>2026-04-18T13:48:52Z</time>
        <extensions>
          <speed>5.14</speed>
          <course>179.1</course>
        </extensions>
      </trkpt>
      <trkpt lat="48.5353182" lon="36.0510502">
        <ele>111.3</ele>
        <time>2026-04-18T13:48:52Z</time>
        <extensions>
          <speed>4.94</speed>
          <course>177.2</course>
        </extensions>
      </trkpt>
      <trkpt lat="48.5353135" lon="36.0510512">
        <ele>111.3</ele>
        <time>2026-04-18T13:48:52Z</time>
        <extensions>
          <speed>5.13</speed>
          <course>174.6</course>
        </extensions>
      </trkpt>
      <trkpt lat="48.5353090" lon="36.0510520">
        <ele>111.3</ele>
        <time>2026-04-18T13:48:52Z</time>
        <extensions>
          <speed>5.20</speed>
          <course>174.1</course>
        </extensions>
      </trkpt>
      <trkpt lat="48.5353053" lon="36.0510538">
        <ele>111.3</ele>
        <time>2026-04-18T13:48:52Z</time>
        <extensions>
          <speed>4.78</speed>
          <course>169.6</course>
        </extensions>
      </trkpt>
      <trkpt lat="48.5353013" lon="36.0510558">
        <ele>111.3</ele>
        <time>2026-04-18T13:48:52Z</time>
        <extensions>
          <speed>4.73</speed>
          <course>165.2</course>
        </extensions>
      </trkpt>
      <trkpt lat="48.5352968" lon="36.0510583">
        <ele>111.3</ele>
        <time>2026-04-18T13:48:52Z</time>
        <extensions>
          <speed>5.06</speed>
          <course>161.2</course>
        </extensions>
      </trkpt>
      <trkpt lat="48.5352932" lon="36.0510608">
        <ele>111.2</ele>
        <time>2026-04-18T13:48:52Z</time>
        <extensions>
          <speed>4.64</speed>
          <course>158.2</course>
        </extensions>
      </trkpt>
      <trkpt lat="48.5352890" lon="36.0510638">
        <ele>111.1</ele>
        <time>2026-04-18T13:48:53Z</time>
        <extensions>
          <speed>4.84</speed>
          <course>155.2</course>
        </extensions>
      </trkpt>
      <trkpt lat="48.5352853" lon="36.0510677">
        <ele>111.1</ele>
        <time>2026-04-18T13:48:53Z</time>
        <extensions>
          <speed>4.87</speed>
          <course>148.0</course>
        </extensions>
      </trkpt>
      <trkpt lat="48.5352822" lon="36.0510713">
        <ele>110.9</ele>
        <time>2026-04-18T13:48:53Z</time>
        <extensions>
          <speed>4.58</speed>
          <course>142.9</course>
        </extensions>
      </trkpt>
      <trkpt lat="48.5352783" lon="36.0510752">
        <ele>110.9</ele>
        <time>2026-04-18T13:48:53Z</time>
        <extensions>
          <speed>4.82</speed>
          <course>143.5</course>
        </extensions>
      </trkpt>
      <trkpt lat="48.5352752" lon="36.0510798">
        <ele>110.8</ele>
        <time>2026-04-18T13:48:53Z</time>
        <extensions>
          <speed>4.78</speed>
          <course>138.9</course>
        </extensions>
      </trkpt>
      <trkpt lat="48.5352723" lon="36.0510843">
        <ele>110.8</ele>
        <time>2026-04-18T13:48:53Z</time>
        <extensions>
          <speed>4.68</speed>
          <course>133.8</course>
        </extensions>
      </trkpt>
      <trkpt lat="48.5352698" lon="36.0510892">
        <ele>110.7</ele>
        <time>2026-04-18T13:48:53Z</time>
        <extensions>
          <speed>4.58</speed>
          <course>129.5</course>
        </extensions>
      </trkpt>
      <trkpt lat="48.5352675" lon="36.0510943">
        <ele>110.5</ele>
        <time>2026-04-18T13:48:53Z</time>
        <extensions>
          <speed>4.79</speed>
          <course>125.9</course>
        </extensions>
      </trkpt>
      <trkpt lat="48.5352652" lon="36.0510995">
        <ele>110.5</ele>
        <time>2026-04-18T13:48:53Z</time>
        <extensions>
          <speed>4.53</speed>
          <course>123.6</course>
        </extensions>
      </trkpt>
      <trkpt lat="48.5352633" lon="36.0511048">
        <ele>110.5</ele>
        <time>2026-04-18T13:48:53Z</time>
        <extensions>
          <speed>4.30</speed>
          <course>119.5</course>
        </extensions>
      </trkpt>
      <trkpt lat="48.5352615" lon="36.0511100">
        <ele>110.5</ele>
        <time>2026-04-18T13:48:54Z</time>
        <extensions>
          <speed>4.30</speed>
          <course>116.2</course>
        </extensions>
      </trkpt>
      <trkpt lat="48.5352598" lon="36.0511152">
        <ele>110.4</ele>
        <time>2026-04-18T13:48:54Z</time>
        <extensions>
          <speed>4.28</speed>
          <course>114.0</course>
        </extensions>
      </trkpt>
      <trkpt lat="48.5352585" lon="36.0511208">
        <ele>110.3</ele>
        <time>2026-04-18T13:48:54Z</time>
        <extensions>
          <speed>4.53</speed>
          <course>110.0</course>
        </extensions>
      </trkpt>
      <trkpt lat="48.5352578" lon="36.0511263">
        <ele>110.2</ele>
        <time>2026-04-18T13:48:54Z</time>
        <extensions>
          <speed>4.33</speed>
          <course>102.7</course>
        </extensions>
      </trkpt>
      <trkpt lat="48.5352572" lon="36.0511325">
        <ele>110.2</ele>
        <time>2026-04-18T13:48:54Z</time>
        <extensions>
          <speed>4.39</speed>
          <course>98.0</course>
        </extensions>
      </trkpt>
      <trkpt lat="48.5352568" lon="36.0511382">
        <ele>110.1</ele>
        <time>2026-04-18T13:48:54Z</time>
        <extensions>
          <speed>4.26</speed>
          <course>95.4</course>
        </extensions>
      </trkpt>
      <trkpt lat="48.5352567" lon="36.0511448">
        <ele>110.1</ele>
        <time>2026-04-18T13:48:54Z</time>
        <extensions>
          <speed>4.46</speed>
          <course>91.5</course>
        </extensions>
      </trkpt>
      <trkpt lat="48.5352570" lon="36.0511500">
        <ele>110.0</ele>
        <time>2026-04-18T13:48:54Z</time>
        <extensions>
          <speed>4.20</speed>
          <course>87.5</course>
        </extensions>
      </trkpt>
      <trkpt lat="48.5352575" lon="36.0511560">
        <ele>110.0</ele>
        <time>2026-04-18T13:48:54Z</time>
        <extensions>
          <speed>4.27</speed>
          <course>83.3</course>
        </extensions>
      </trkpt>
      <trkpt lat="48.5352585" lon="36.0511615">
        <ele>109.9</ele>
        <time>2026-04-18T13:48:54Z</time>
        <extensions>
          <speed>4.26</speed>
          <course>79.3</course>
        </extensions>
      </trkpt>
      <trkpt lat="48.5352597" lon="36.0511673">
        <ele>109.8</ele>
        <time>2026-04-18T13:48:55Z</time>
        <extensions>
          <speed>4.49</speed>
          <course>74.5</course>
        </extensions>
      </trkpt>
      <trkpt lat="48.5352612" lon="36.0511728">
        <ele>109.8</ele>
        <time>2026-04-18T13:48:55Z</time>
        <extensions>
          <speed>4.52</speed>
          <course>70.5</course>
        </extensions>
      </trkpt>
      <trkpt lat="48.5352632" lon="36.0511790">
        <ele>109.7</ele>
        <time>2026-04-18T13:48:55Z</time>
        <extensions>
          <speed>4.86</speed>
          <course>66.9</course>
        </extensions>
      </trkpt>
      <trkpt lat="48.5352653" lon="36.0511852">
        <ele>109.7</ele>
        <time>2026-04-18T13:48:55Z</time>
        <extensions>
          <speed>5.09</speed>
          <course>63.2</course>
        </extensions>
      </trkpt>
      <trkpt lat="48.5352678" lon="36.0511917">
        <ele>109.6</ele>
        <time>2026-04-18T13:48:55Z</time>
        <extensions>
          <speed>5.37</speed>
          <course>59.9</course>
        </extensions>
      </trkpt>
      <trkpt lat="48.5352705" lon="36.0511978">
        <ele>109.6</ele>
        <time>2026-04-18T13:48:55Z</time>
        <extensions>
          <speed>5.37</speed>
          <course>56.9</course>
        </extensions>
      </trkpt>
      <trkpt lat="48.5352737" lon="36.0512038">
        <ele>109.6</ele>
        <time>2026-04-18T13:48:55Z</time>
        <extensions>
          <speed>5.60</speed>
          <course>53.6</course>
        </extensions>
      </trkpt>
      <trkpt lat="48.5352775" lon="36.0512105">
        <ele>109.6</ele>
        <time>2026-04-18T13:48:55Z</time>
        <extensions>
          <speed>6.30</speed>
          <course>50.9</course>
        </extensions>
      </trkpt>
      <trkpt lat="48.5352815" lon="36.0512175">
        <ele>109.5</ele>
        <time>2026-04-18T13:48:55Z</time>
        <extensions>
          <speed>6.68</speed>
          <course>49.0</course>
        </extensions>
      </trkpt>
      <trkpt lat="48.5352858" lon="36.0512238">
        <ele>109.5</ele>
        <time>2026-04-18T13:48:55Z</time>
        <extensions>
          <speed>6.80</speed>
          <course>47.5</course>
        </extensions>
      </trkpt>
      <trkpt lat="48.5352908" lon="36.0512307">
        <ele>109.4</ele>
        <time>2026-04-18T13:48:56Z</time>
        <extensions>
          <speed>7.44</speed>
          <course>44.5</course>
        </extensions>
      </trkpt>
      <trkpt lat="48.5352962" lon="36.0512378">
        <ele>109.4</ele>
        <time>2026-04-18T13:48:56Z</time>
        <extensions>
          <speed>7.68</speed>
          <course>43.0</course>
        </extensions>
      </trkpt>
      <trkpt lat="48.5353018" lon="36.0512448">
        <ele>109.3</ele>
        <time>2026-04-18T13:48:56Z</time>
        <extensions>
          <speed>8.20</speed>
          <course>41.1</course>
        </extensions>
      </trkpt>
      <trkpt lat="48.5353080" lon="36.0512530">
        <ele>109.3</ele>
        <time>2026-04-18T13:48:56Z</time>
        <extensions>
          <speed>8.74</speed>
          <course>40.9</course>
        </extensions>
      </trkpt>
      <trkpt lat="48.5353140" lon="36.0512607">
        <ele>109.2</ele>
        <time>2026-04-18T13:48:56Z</time>
        <extensions>
          <speed>8.87</speed>
          <course>41.1</course>
        </extensions>
      </trkpt>
      <trkpt lat="48.5353202" lon="36.0512675">
        <ele>109.2</ele>
        <time>2026-04-18T13:48:56Z</time>
        <extensions>
          <speed>8.74</speed>
          <course>37.5</course>
        </extensions>
      </trkpt>
      <trkpt lat="48.5353275" lon="36.0512763">
        <ele>109.1</ele>
        <time>2026-04-18T13:48:56Z</time>
        <extensions>
          <speed>9.96</speed>
          <course>38.7</course>
        </extensions>
      </trkpt>
      <trkpt lat="48.5353342" lon="36.0512848">
        <ele>109.1</ele>
        <time>2026-04-18T13:48:56Z</time>
        <extensions>
          <speed>9.94</speed>
          <course>40.1</course>
        </extensions>
      </trkpt>
      <trkpt lat="48.5353417" lon="36.0512930">
        <ele>109.0</ele>
        <time>2026-04-18T13:48:56Z</time>
        <extensions>
          <speed>10.21</speed>
          <course>37.7</course>
        </extensions>
      </trkpt>
      <trkpt lat="48.5353490" lon="36.0513018">
        <ele>108.9</ele>
        <time>2026-04-18T13:48:56Z</time>
        <extensions>
          <speed>10.67</speed>
          <course>39.0</course>
        </extensions>
      </trkpt>
      <trkpt lat="48.5353568" lon="36.0513112">
        <ele>108.8</ele>
        <time>2026-04-18T13:48:57Z</time>
        <extensions>
          <speed>11.08</speed>
          <course>39.4</course>
        </extensions>
      </trkpt>
      <trkpt lat="48.5353645" lon="36.0513203">
        <ele>108.7</ele>
        <time>2026-04-18T13:48:57Z</time>
        <extensions>
          <speed>11.11</speed>
          <course>39.8</course>
        </extensions>
      </trkpt>
      <trkpt lat="48.5353720" lon="36.0513298">
        <ele>108.5</ele>
        <time>2026-04-18T13:48:57Z</time>
        <extensions>
          <speed>11.30</speed>
          <course>41.2</course>
        </extensions>
      </trkpt>
      <trkpt lat="48.5353802" lon="36.0513402">
        <ele>108.4</ele>
        <time>2026-04-18T13:48:57Z</time>
        <extensions>
          <speed>11.72</speed>
          <course>40.5</course>
        </extensions>
      </trkpt>
      <trkpt lat="48.5353878" lon="36.0513500">
        <ele>108.3</ele>
        <time>2026-04-18T13:48:57Z</time>
        <extensions>
          <speed>11.49</speed>
          <course>41.8</course>
        </extensions>
      </trkpt>
      <trkpt lat="48.5353957" lon="36.0513605">
        <ele>108.2</ele>
        <time>2026-04-18T13:48:57Z</time>
        <extensions>
          <speed>11.76</speed>
          <course>42.1</course>
        </extensions>
      </trkpt>
      <trkpt lat="48.5354035" lon="36.0513715">
        <ele>108.1</ele>
        <time>2026-04-18T13:48:57Z</time>
        <extensions>
          <speed>11.84</speed>
          <course>43.0</course>
        </extensions>
      </trkpt>
      <trkpt lat="48.5354112" lon="36.0513825">
        <ele>108.0</ele>
        <time>2026-04-18T13:48:57Z</time>
        <extensions>
          <speed>11.86</speed>
          <course>43.6</course>
        </extensions>
      </trkpt>
      <trkpt lat="48.5354183" lon="36.0513938">
        <ele>108.0</ele>
        <time>2026-04-18T13:48:57Z</time>
        <extensions>
          <speed>11.69</speed>
          <course>45.5</course>
        </extensions>
      </trkpt>
      <trkpt lat="48.5354258" lon="36.0514050">
        <ele>107.9</ele>
        <time>2026-04-18T13:48:57Z</time>
        <extensions>
          <speed>11.57</speed>
          <course>45.4</course>
        </extensions>
      </trkpt>
      <trkpt lat="48.5354328" lon="36.0514160">
        <ele>107.9</ele>
        <time>2026-04-18T13:48:58Z</time>
        <extensions>
          <speed>11.30</speed>
          <course>45.6</course>
        </extensions>
      </trkpt>
      <trkpt lat="48.5354468" lon="36.0514377">
        <ele>107.8</ele>
        <time>2026-04-18T13:48:58Z</time>
        <extensions>
          <speed>10.98</speed>
          <course>45.9</course>
        </extensions>
      </trkpt>
      <trkpt lat="48.5354532" lon="36.0514483">
        <ele>107.7</ele>
        <time>2026-04-18T13:48:58Z</time>
        <extensions>
          <speed>10.83</speed>
          <course>47.0</course>
        </extensions>
      </trkpt>
      <trkpt lat="48.5354593" lon="36.0514593">
        <ele>107.7</ele>
        <time>2026-04-18T13:48:58Z</time>
        <extensions>
          <speed>10.63</speed>
          <course>49.0</course>
        </extensions>
      </trkpt>
      <trkpt lat="48.5354657" lon="36.0514697">
        <ele>107.7</ele>
        <time>2026-04-18T13:48:58Z</time>
        <extensions>
          <speed>10.31</speed>
          <course>47.9</course>
        </extensions>
      </trkpt>
      <trkpt lat="48.5354715" lon="36.0514800">
        <ele>107.7</ele>
        <time>2026-04-18T13:48:58Z</time>
        <extensions>
          <speed>10.14</speed>
          <course>48.5</course>
        </extensions>
      </trkpt>
      <trkpt lat="48.5354777" lon="36.0514900">
        <ele>107.8</ele>
        <time>2026-04-18T13:48:58Z</time>
        <extensions>
          <speed>9.75</speed>
          <course>47.4</course>
        </extensions>
      </trkpt>
      <trkpt lat="48.5354835" lon="36.0515000">
        <ele>107.8</ele>
        <time>2026-04-18T13:48:58Z</time>
        <extensions>
          <speed>9.95</speed>
          <course>48.5</course>
        </extensions>
      </trkpt>
      <trkpt lat="48.5354893" lon="36.0515100">
        <ele>107.9</ele>
        <time>2026-04-18T13:48:58Z</time>
        <extensions>
          <speed>9.71</speed>
          <course>48.3</course>
        </extensions>
      </trkpt>
      <trkpt lat="48.5354948" lon="36.0515200">
        <ele>108.0</ele>
        <time>2026-04-18T13:48:59Z</time>
        <extensions>
          <speed>9.49</speed>
          <course>49.0</course>
        </extensions>
      </trkpt>
      <trkpt lat="48.5355003" lon="36.0515298">
        <ele>108.1</ele>
        <time>2026-04-18T13:48:59Z</time>
        <extensions>
          <speed>9.43</speed>
          <course>49.5</course>
        </extensions>
      </trkpt>
      <trkpt lat="48.5355055" lon="36.0515390">
        <ele>108.2</ele>
        <time>2026-04-18T13:48:59Z</time>
        <extensions>
          <speed>9.04</speed>
          <course>49.0</course>
        </extensions>
      </trkpt>
      <trkpt lat="48.5355108" lon="36.0515482">
        <ele>108.3</ele>
        <time>2026-04-18T13:48:59Z</time>
        <extensions>
          <speed>8.86</speed>
          <course>48.5</course>
        </extensions>
      </trkpt>
      <trkpt lat="48.5355158" lon="36.0515572">
        <ele>108.4</ele>
        <time>2026-04-18T13:48:59Z</time>
        <extensions>
          <speed>8.70</speed>
          <course>49.0</course>
        </extensions>
      </trkpt>
      <trkpt lat="48.5355207" lon="36.0515658">
        <ele>108.5</ele>
        <time>2026-04-18T13:48:59Z</time>
        <extensions>
          <speed>8.26</speed>
          <course>49.1</course>
        </extensions>
      </trkpt>
      <trkpt lat="48.5355253" lon="36.0515742">
        <ele>108.6</ele>
        <time>2026-04-18T13:48:59Z</time>
        <extensions>
          <speed>8.06</speed>
          <course>48.1</course>
        </extensions>
      </trkpt>
      <trkpt lat="48.5355300" lon="36.0515823">
        <ele>108.8</ele>
        <time>2026-04-18T13:48:59Z</time>
        <extensions>
          <speed>7.91</speed>
          <course>48.0</course>
        </extensions>
      </trkpt>
      <trkpt lat="48.5355347" lon="36.0515900">
        <ele>109.0</ele>
        <time>2026-04-18T13:48:59Z</time>
        <extensions>
          <speed>7.55</speed>
          <course>47.1</course>
        </extensions>
      </trkpt>
      <trkpt lat="48.5355390" lon="36.0515975">
        <ele>109.2</ele>
        <time>2026-04-18T13:48:59Z</time>
        <extensions>
          <speed>7.31</speed>
          <course>46.9</course>
        </extensions>
      </trkpt>
      <trkpt lat="48.5355432" lon="36.0516052">
        <ele>109.5</ele>
        <time>2026-04-18T13:49:00Z</time>
        <extensions>
          <speed>7.21</speed>
          <course>48.3</course>
        </extensions>
      </trkpt>
      <trkpt lat="48.5355475" lon="36.0516125">
        <ele>109.7</ele>
        <time>2026-04-18T13:49:00Z</time>
        <extensions>
          <speed>7.20</speed>
          <course>48.5</course>
        </extensions>
      </trkpt>
      <trkpt lat="48.5355520" lon="36.0516205">
        <ele>110.0</ele>
        <time>2026-04-18T13:49:00Z</time>
        <extensions>
          <speed>7.44</speed>
          <course>48.1</course>
        </extensions>
      </trkpt>
      <trkpt lat="48.5355562" lon="36.0516278">
        <ele>110.0</ele>
        <time>2026-04-18T13:49:00Z</time>
        <extensions>
          <speed>7.66</speed>
          <course>50.1</course>
        </extensions>
      </trkpt>
      <trkpt lat="48.5355610" lon="36.0516363">
        <ele>110.2</ele>
        <time>2026-04-18T13:49:00Z</time>
        <extensions>
          <speed>8.18</speed>
          <course>49.9</course>
        </extensions>
      </trkpt>
      <trkpt lat="48.5355657" lon="36.0516443">
        <ele>110.1</ele>
        <time>2026-04-18T13:49:00Z</time>
        <extensions>
          <speed>8.32</speed>
          <course>51.1</course>
        </extensions>
      </trkpt>
      <trkpt lat="48.5355702" lon="36.0516527">
        <ele>110.1</ele>
        <time>2026-04-18T13:49:00Z</time>
        <extensions>
          <speed>8.44</speed>
          <course>51.7</course>
        </extensions>
      </trkpt>
      <trkpt lat="48.5355748" lon="36.0516617">
        <ele>110.1</ele>
        <time>2026-04-18T13:49:00Z</time>
        <extensions>
          <speed>8.70</speed>
          <course>53.0</course>
        </extensions>
      </trkpt>
      <trkpt lat="48.5355798" lon="36.0516705">
        <ele>110.1</ele>
        <time>2026-04-18T13:49:00Z</time>
        <extensions>
          <speed>8.94</speed>
          <course>52.0</course>
        </extensions>
      </trkpt>
      <trkpt lat="48.5355848" lon="36.0516800">
        <ele>110.1</ele>
        <time>2026-04-18T13:49:00Z</time>
        <extensions>
          <speed>9.14</speed>
          <course>52.4</course>
        </extensions>
      </trkpt>
      <trkpt lat="48.5355903" lon="36.0516895">
        <ele>110.2</ele>
        <time>2026-04-18T13:49:01Z</time>
        <extensions>
          <speed>9.24</speed>
          <course>51.0</course>
        </extensions>
      </trkpt>
      <trkpt lat="48.5355955" lon="36.0516988">
        <ele>110.3</ele>
        <time>2026-04-18T13:49:01Z</time>
        <extensions>
          <speed>9.17</speed>
          <course>50.4</course>
        </extensions>
      </trkpt>
      <trkpt lat="48.5356012" lon="36.0517083">
        <ele>110.3</ele>
        <time>2026-04-18T13:49:01Z</time>
        <extensions>
          <speed>9.35</speed>
          <course>49.7</course>
        </extensions>
      </trkpt>
      <trkpt lat="48.5356068" lon="36.0517182">
        <ele>110.3</ele>
        <time>2026-04-18T13:49:01Z</time>
        <extensions>
          <speed>9.60</speed>
          <course>49.2</course>
        </extensions>
      </trkpt>
      <trkpt lat="48.5356128" lon="36.0517280">
        <ele>110.4</ele>
        <time>2026-04-18T13:49:01Z</time>
        <extensions>
          <speed>9.82</speed>
          <course>48.0</course>
        </extensions>
      </trkpt>
      <trkpt lat="48.5356192" lon="36.0517378">
        <ele>110.5</ele>
        <time>2026-04-18T13:49:01Z</time>
        <extensions>
          <speed>9.99</speed>
          <course>46.3</course>
        </extensions>
      </trkpt>
      <trkpt lat="48.5356253" lon="36.0517482">
        <ele>110.5</ele>
        <time>2026-04-18T13:49:01Z</time>
        <extensions>
          <speed>10.23</speed>
          <course>47.7</course>
        </extensions>
      </trkpt>
      <trkpt lat="48.5356318" lon="36.0517587">
        <ele>110.7</ele>
        <time>2026-04-18T13:49:01Z</time>
        <extensions>
          <speed>10.39</speed>
          <course>47.3</course>
        </extensions>
      </trkpt>
      <trkpt lat="48.5356385" lon="36.0517688">
        <ele>110.7</ele>
        <time>2026-04-18T13:49:01Z</time>
        <extensions>
          <speed>10.69</speed>
          <course>46.9</course>
        </extensions>
      </trkpt>
      <trkpt lat="48.5356450" lon="36.0517795">
        <ele>110.7</ele>
        <time>2026-04-18T13:49:01Z</time>
        <extensions>
          <speed>10.83</speed>
          <course>47.2</course>
        </extensions>
      </trkpt>
      <trkpt lat="48.5356518" lon="36.0517905">
        <ele>110.8</ele>
        <time>2026-04-18T13:49:02Z</time>
        <extensions>
          <speed>10.92</speed>
          <course>47.0</course>
        </extensions>
      </trkpt>
      <trkpt lat="48.5356588" lon="36.0518015">
        <ele>110.8</ele>
        <time>2026-04-18T13:49:02Z</time>
        <extensions>
          <speed>11.29</speed>
          <course>47.2</course>
        </extensions>
      </trkpt>
      <trkpt lat="48.5356653" lon="36.0518127">
        <ele>110.9</ele>
        <time>2026-04-18T13:49:02Z</time>
        <extensions>
          <speed>11.12</speed>
          <course>47.8</course>
        </extensions>
      </trkpt>
      <trkpt lat="48.5356722" lon="36.0518237">
        <ele>111.0</ele>
        <time>2026-04-18T13:49:02Z</time>
        <extensions>
          <speed>11.10</speed>
          <course>47.5</course>
        </extensions>
      </trkpt>
      <trkpt lat="48.5356787" lon="36.0518353">
        <ele>111.1</ele>
        <time>2026-04-18T13:49:02Z</time>
        <extensions>
          <speed>11.10</speed>
          <course>48.5</course>
        </extensions>
      </trkpt>
      <trkpt lat="48.5356853" lon="36.0518467">
        <ele>111.1</ele>
        <time>2026-04-18T13:49:02Z</time>
        <extensions>
          <speed>11.31</speed>
          <course>48.9</course>
        </extensions>
      </trkpt>
      <trkpt lat="48.5356920" lon="36.0518587">
        <ele>111.2</ele>
        <time>2026-04-18T13:49:02Z</time>
        <extensions>
          <speed>11.33</speed>
          <course>49.7</course>
        </extensions>
      </trkpt>
      <trkpt lat="48.5356985" lon="36.0518703">
        <ele>111.3</ele>
        <time>2026-04-18T13:49:02Z</time>
        <extensions>
          <speed>11.34</speed>
          <course>49.9</course>
        </extensions>
      </trkpt>
      <trkpt lat="48.5357050" lon="36.0518818">
        <ele>111.4</ele>
        <time>2026-04-18T13:49:02Z</time>
        <extensions>
          <speed>11.28</speed>
          <course>50.0</course>
        </extensions>
      </trkpt>
      <trkpt lat="48.5357112" lon="36.0518935">
        <ele>111.5</ele>
        <time>2026-04-18T13:49:02Z</time>
        <extensions>
          <speed>11.06</speed>
          <course>51.1</course>
        </extensions>
      </trkpt>
      <trkpt lat="48.5357175" lon="36.0519048">
        <ele>111.6</ele>
        <time>2026-04-18T13:49:03Z</time>
        <extensions>
          <speed>10.92</speed>
          <course>50.4</course>
        </extensions>
      </trkpt>
      <trkpt lat="48.5357300" lon="36.0519272">
        <ele>111.8</ele>
        <time>2026-04-18T13:49:03Z</time>
        <extensions>
          <speed>10.72</speed>
          <course>49.8</course>
        </extensions>
      </trkpt>
      <trkpt lat="48.5357358" lon="36.0519378">
        <ele>111.9</ele>
        <time>2026-04-18T13:49:03Z</time>
        <extensions>
          <speed>10.35</speed>
          <course>50.0</course>
        </extensions>
      </trkpt>
      <trkpt lat="48.5357420" lon="36.0519485">
        <ele>112.0</ele>
        <time>2026-04-18T13:49:03Z</time>
        <extensions>
          <speed>10.38</speed>
          <course>48.7</course>
        </extensions>
      </trkpt>
      <trkpt lat="48.5357482" lon="36.0519593">
        <ele>112.2</ele>
        <time>2026-04-18T13:49:03Z</time>
        <extensions>
          <speed>10.49</speed>
          <course>49.6</course>
        </extensions>
      </trkpt>
      <trkpt lat="48.5357543" lon="36.0519695">
        <ele>112.3</ele>
        <time>2026-04-18T13:49:03Z</time>
        <extensions>
          <speed>10.22</speed>
          <course>48.4</course>
        </extensions>
      </trkpt>
      <trkpt lat="48.5357608" lon="36.0519795">
        <ele>112.4</ele>
        <time>2026-04-18T13:49:03Z</time>
        <extensions>
          <speed>10.36</speed>
          <course>47.0</course>
        </extensions>
      </trkpt>
      <trkpt lat="48.5357670" lon="36.0519895">
        <ele>112.5</ele>
        <time>2026-04-18T13:49:03Z</time>
        <extensions>
          <speed>10.12</speed>
          <course>46.8</course>
        </extensions>
      </trkpt>
      <trkpt lat="48.5357735" lon="36.0519990">
        <ele>112.6</ele>
        <time>2026-04-18T13:49:03Z</time>
        <extensions>
          <speed>10.09</speed>
          <course>45.3</course>
        </extensions>
      </trkpt>
      <trkpt lat="48.5357798" lon="36.0520085">
        <ele>112.8</ele>
        <time>2026-04-18T13:49:04Z</time>
        <extensions>
          <speed>10.00</speed>
          <course>44.8</course>
        </extensions>
      </trkpt>
      <trkpt lat="48.5357862" lon="36.0520175">
        <ele>112.9</ele>
        <time>2026-04-18T13:49:04Z</time>
        <extensions>
          <speed>9.79</speed>
          <course>43.6</course>
        </extensions>
      </trkpt>
      <trkpt lat="48.5357930" lon="36.0520258">
        <ele>113.0</ele>
        <time>2026-04-18T13:49:04Z</time>
        <extensions>
          <speed>9.73</speed>
          <course>40.9</course>
        </extensions>
      </trkpt>
      <trkpt lat="48.5357997" lon="36.0520343">
        <ele>113.2</ele>
        <time>2026-04-18T13:49:04Z</time>
        <extensions>
          <speed>9.63</speed>
          <course>40.2</course>
        </extensions>
      </trkpt>
      <trkpt lat="48.5358063" lon="36.0520423">
        <ele>113.3</ele>
        <time>2026-04-18T13:49:04Z</time>
        <extensions>
          <speed>9.65</speed>
          <course>39.1</course>
        </extensions>
      </trkpt>
      <trkpt lat="48.5358132" lon="36.0520502">
        <ele>113.5</ele>
        <time>2026-04-18T13:49:04Z</time>
        <extensions>
          <speed>9.43</speed>
          <course>38.1</course>
        </extensions>
      </trkpt>
      <trkpt lat="48.5358202" lon="36.0520573">
        <ele>113.6</ele>
        <time>2026-04-18T13:49:04Z</time>
        <extensions>
          <speed>9.39</speed>
          <course>34.6</course>
        </extensions>
      </trkpt>
      <trkpt lat="48.5358273" lon="36.0520642">
        <ele>113.9</ele>
        <time>2026-04-18T13:49:04Z</time>
        <extensions>
          <speed>9.26</speed>
          <course>32.5</course>
        </extensions>
      </trkpt>
      <trkpt lat="48.5358345" lon="36.0520710">
        <ele>114.0</ele>
        <time>2026-04-18T13:49:04Z</time>
        <extensions>
          <speed>9.32</speed>
          <course>32.4</course>
        </extensions>
      </trkpt>
      <trkpt lat="48.5358418" lon="36.0520772">
        <ele>114.2</ele>
        <time>2026-04-18T13:49:04Z</time>
        <extensions>
          <speed>9.24</speed>
          <course>29.8</course>
        </extensions>
      </trkpt>
      <trkpt lat="48.5358493" lon="36.0520832">
        <ele>114.4</ele>
        <time>2026-04-18T13:49:05Z</time>
        <extensions>
          <speed>9.36</speed>
          <course>28.5</course>
        </extensions>
      </trkpt>
      <trkpt lat="48.5358645" lon="36.0520945">
        <ele>114.7</ele>
        <time>2026-04-18T13:49:05Z</time>
        <extensions>
          <speed>9.39</speed>
          <course>26.0</course>
        </extensions>
      </trkpt>
      <trkpt lat="48.5358722" lon="36.0521000">
        <ele>114.9</ele>
        <time>2026-04-18T13:49:05Z</time>
        <extensions>
          <speed>9.43</speed>
          <course>25.6</course>
        </extensions>
      </trkpt>
      <trkpt lat="48.5358803" lon="36.0521053">
        <ele>115.0</ele>
        <time>2026-04-18T13:49:05Z</time>
        <extensions>
          <speed>9.63</speed>
          <course>24.2</course>
        </extensions>
      </trkpt>
      <trkpt lat="48.5358883" lon="36.0521107">
        <ele>115.2</ele>
        <time>2026-04-18T13:49:05Z</time>
        <extensions>
          <speed>9.70</speed>
          <course>23.5</course>
        </extensions>
      </trkpt>
      <trkpt lat="48.5358965" lon="36.0521155">
        <ele>115.3</ele>
        <time>2026-04-18T13:49:05Z</time>
        <extensions>
          <speed>9.73</speed>
          <course>22.1</course>
        </extensions>
      </trkpt>
      <trkpt lat="48.5359043" lon="36.0521205">
        <ele>115.5</ele>
        <time>2026-04-18T13:49:05Z</time>
        <extensions>
          <speed>9.57</speed>
          <course>22.3</course>
        </extensions>
      </trkpt>
      <trkpt lat="48.5359127" lon="36.0521255">
        <ele>115.6</ele>
        <time>2026-04-18T13:49:05Z</time>
        <extensions>
          <speed>9.76</speed>
          <course>21.7</course>
        </extensions>
      </trkpt>
      <trkpt lat="48.5359207" lon="36.0521298">
        <ele>115.8</ele>
        <time>2026-04-18T13:49:05Z</time>
        <extensions>
          <speed>9.58</speed>
          <course>20.6</course>
        </extensions>
      </trkpt>
      <trkpt lat="48.5359290" lon="36.0521342">
        <ele>115.9</ele>
        <time>2026-04-18T13:49:06Z</time>
        <extensions>
          <speed>9.74</speed>
          <course>19.6</course>
        </extensions>
      </trkpt>
      <trkpt lat="48.5359452" lon="36.0521430">
        <ele>116.2</ele>
        <time>2026-04-18T13:49:06Z</time>
        <extensions>
          <speed>9.48</speed>
          <course>19.4</course>
        </extensions>
      </trkpt>
      <trkpt lat="48.5359532" lon="36.0521468">
        <ele>116.4</ele>
        <time>2026-04-18T13:49:06Z</time>
        <extensions>
          <speed>9.36</speed>
          <course>17.7</course>
        </extensions>
      </trkpt>
      <trkpt lat="48.5359610" lon="36.0521502">
        <ele>116.5</ele>
        <time>2026-04-18T13:49:06Z</time>
        <extensions>
          <speed>9.07</speed>
          <course>16.9</course>
        </extensions>
      </trkpt>
      <trkpt lat="48.5359685" lon="36.0521532">
        <ele>116.6</ele>
        <time>2026-04-18T13:49:06Z</time>
        <extensions>
          <speed>8.74</speed>
          <course>15.3</course>
        </extensions>
      </trkpt>
      <trkpt lat="48.5359757" lon="36.0521560">
        <ele>116.7</ele>
        <time>2026-04-18T13:49:06Z</time>
        <extensions>
          <speed>8.61</speed>
          <course>15.3</course>
        </extensions>
      </trkpt>
      <trkpt lat="48.5359827" lon="36.0521583">
        <ele>116.7</ele>
        <time>2026-04-18T13:49:06Z</time>
        <extensions>
          <speed>8.26</speed>
          <course>14.1</course>
        </extensions>
      </trkpt>
      <trkpt lat="48.5359895" lon="36.0521605">
        <ele>116.8</ele>
        <time>2026-04-18T13:49:06Z</time>
        <extensions>
          <speed>7.87</speed>
          <course>12.0</course>
        </extensions>
      </trkpt>
      <trkpt lat="48.5359965" lon="36.0521622">
        <ele>116.8</ele>
        <time>2026-04-18T13:49:06Z</time>
        <extensions>
          <speed>7.89</speed>
          <course>10.4</course>
        </extensions>
      </trkpt>
      <trkpt lat="48.5360033" lon="36.0521637">
        <ele>117.0</ele>
        <time>2026-04-18T13:49:07Z</time>
        <extensions>
          <speed>7.67</speed>
          <course>8.4</course>
        </extensions>
      </trkpt>
      <trkpt lat="48.5360097" lon="36.0521647">
        <ele>117.0</ele>
        <time>2026-04-18T13:49:07Z</time>
        <extensions>
          <speed>7.33</speed>
          <course>6.3</course>
        </extensions>
      </trkpt>
      <trkpt lat="48.5360158" lon="36.0521653">
        <ele>117.1</ele>
        <time>2026-04-18T13:49:07Z</time>
        <extensions>
          <speed>7.15</speed>
          <course>5.9</course>
        </extensions>
      </trkpt>
      <trkpt lat="48.5360222" lon="36.0521658">
        <ele>117.2</ele>
        <time>2026-04-18T13:49:07Z</time>
        <extensions>
          <speed>6.97</speed>
          <course>3.2</course>
        </extensions>
      </trkpt>
      <trkpt lat="48.5360340" lon="36.0521660">
        <ele>117.3</ele>
        <time>2026-04-18T13:49:07Z</time>
        <extensions>
          <speed>6.61</speed>
          <course>0.2</course>
        </extensions>
      </trkpt>
      <trkpt lat="48.5360397" lon="36.0521657">
        <ele>117.4</ele>
        <time>2026-04-18T13:49:07Z</time>
        <extensions>
          <speed>6.52</speed>
          <course>359.2</course>
        </extensions>
      </trkpt>
      <trkpt lat="48.5360452" lon="36.0521652">
        <ele>117.4</ele>
        <time>2026-04-18T13:49:07Z</time>
        <extensions>
          <speed>6.34</speed>
          <course>357.9</course>
        </extensions>
      </trkpt>
      <trkpt lat="48.5360503" lon="36.0521645">
        <ele>117.4</ele>
        <time>2026-04-18T13:49:07Z</time>
        <extensions>
          <speed>6.07</speed>
          <course>356.1</course>
        </extensions>
      </trkpt>
      <trkpt lat="48.5360557" lon="36.0521633">
        <ele>117.5</ele>
        <time>2026-04-18T13:49:07Z</time>
        <extensions>
          <speed>6.02</speed>
          <course>354.1</course>
        </extensions>
      </trkpt>
      <trkpt lat="48.5360608" lon="36.0521617">
        <ele>117.5</ele>
        <time>2026-04-18T13:49:08Z</time>
        <extensions>
          <speed>6.01</speed>
          <course>350.3</course>
        </extensions>
      </trkpt>
      <trkpt lat="48.5360657" lon="36.0521598">
        <ele>117.5</ele>
        <time>2026-04-18T13:49:08Z</time>
        <extensions>
          <speed>5.88</speed>
          <course>347.5</course>
        </extensions>
      </trkpt>
      <trkpt lat="48.5360700" lon="36.0521578">
        <ele>117.6</ele>
        <time>2026-04-18T13:49:08Z</time>
        <extensions>
          <speed>5.58</speed>
          <course>344.6</course>
        </extensions>
      </trkpt>
      <trkpt lat="48.5360745" lon="36.0521553">
        <ele>117.6</ele>
        <time>2026-04-18T13:49:08Z</time>
        <extensions>
          <speed>5.57</speed>
          <course>342.6</course>
        </extensions>
      </trkpt>
      <trkpt lat="48.5360795" lon="36.0521522">
        <ele>117.6</ele>
        <time>2026-04-18T13:49:08Z</time>
        <extensions>
          <speed>5.78</speed>
          <course>338.6</course>
        </extensions>
      </trkpt>
      <trkpt lat="48.5360843" lon="36.0521478">
        <ele>117.6</ele>
        <time>2026-04-18T13:49:08Z</time>
        <extensions>
          <speed>5.96</speed>
          <course>333.8</course>
        </extensions>
      </trkpt>
      <trkpt lat="48.5360888" lon="36.0521437">
        <ele>117.6</ele>
        <time>2026-04-18T13:49:08Z</time>
        <extensions>
          <speed>5.95</speed>
          <course>330.8</course>
        </extensions>
      </trkpt>
      <trkpt lat="48.5360935" lon="36.0521387">
        <ele>117.6</ele>
        <time>2026-04-18T13:49:08Z</time>
        <extensions>
          <speed>6.27</speed>
          <course>327.9</course>
        </extensions>
      </trkpt>
      <trkpt lat="48.5360977" lon="36.0521335">
        <ele>117.6</ele>
        <time>2026-04-18T13:49:08Z</time>
        <extensions>
          <speed>6.21</speed>
          <course>325.1</course>
        </extensions>
      </trkpt>
      <trkpt lat="48.5361015" lon="36.0521282">
        <ele>117.5</ele>
        <time>2026-04-18T13:49:08Z</time>
        <extensions>
          <speed>6.08</speed>
          <course>322.3</course>
        </extensions>
      </trkpt>
      <trkpt lat="48.5361060" lon="36.0521217">
        <ele>117.5</ele>
        <time>2026-04-18T13:49:09Z</time>
        <extensions>
          <speed>6.52</speed>
          <course>318.4</course>
        </extensions>
      </trkpt>
      <trkpt lat="48.5361097" lon="36.0521150">
        <ele>117.4</ele>
        <time>2026-04-18T13:49:09Z</time>
        <extensions>
          <speed>6.53</speed>
          <course>314.4</course>
        </extensions>
      </trkpt>
      <trkpt lat="48.5361133" lon="36.0521083">
        <ele>117.4</ele>
        <time>2026-04-18T13:49:09Z</time>
        <extensions>
          <speed>6.48</speed>
          <course>311.8</course>
        </extensions>
      </trkpt>
      <trkpt lat="48.5361170" lon="36.0521008">
        <ele>117.4</ele>
        <time>2026-04-18T13:49:09Z</time>
        <extensions>
          <speed>6.72</speed>
          <course>308.8</course>
        </extensions>
      </trkpt>
      <trkpt lat="48.5361202" lon="36.0520930">
        <ele>117.3</ele>
        <time>2026-04-18T13:49:09Z</time>
        <extensions>
          <speed>6.89</speed>
          <course>305.1</course>
        </extensions>
      </trkpt>
      <trkpt lat="48.5361235" lon="36.0520855">
        <ele>117.4</ele>
        <time>2026-04-18T13:49:09Z</time>
        <extensions>
          <speed>6.73</speed>
          <course>303.9</course>
        </extensions>
      </trkpt>
      <trkpt lat="48.5361262" lon="36.0520768">
        <ele>117.4</ele>
        <time>2026-04-18T13:49:09Z</time>
        <extensions>
          <speed>6.97</speed>
          <course>299.9</course>
        </extensions>
      </trkpt>
      <trkpt lat="48.5361288" lon="36.0520683">
        <ele>117.4</ele>
        <time>2026-04-18T13:49:09Z</time>
        <extensions>
          <speed>7.05</speed>
          <course>296.8</course>
        </extensions>
      </trkpt>
      <trkpt lat="48.5361310" lon="36.0520593">
        <ele>117.3</ele>
        <time>2026-04-18T13:49:09Z</time>
        <extensions>
          <speed>7.17</speed>
          <course>293.7</course>
        </extensions>
      </trkpt>
      <trkpt lat="48.5361330" lon="36.0520502">
        <ele>117.4</ele>
        <time>2026-04-18T13:49:09Z</time>
        <extensions>
          <speed>7.13</speed>
          <course>290.8</course>
        </extensions>
      </trkpt>
      <trkpt lat="48.5361348" lon="36.0520407">
        <ele>117.4</ele>
        <time>2026-04-18T13:49:10Z</time>
        <extensions>
          <speed>7.29</speed>
          <course>288.2</course>
        </extensions>
      </trkpt>
      <trkpt lat="48.5361363" lon="36.0520312">
        <ele>117.4</ele>
        <time>2026-04-18T13:49:10Z</time>
        <extensions>
          <speed>7.38</speed>
          <course>286.1</course>
        </extensions>
      </trkpt>
      <trkpt lat="48.5361377" lon="36.0520212">
        <ele>117.4</ele>
        <time>2026-04-18T13:49:10Z</time>
        <extensions>
          <speed>7.49</speed>
          <course>283.8</course>
        </extensions>
      </trkpt>
      <trkpt lat="48.5361383" lon="36.0520108">
        <ele>117.4</ele>
        <time>2026-04-18T13:49:10Z</time>
        <extensions>
          <speed>7.65</speed>
          <course>279.8</course>
        </extensions>
      </trkpt>
      <trkpt lat="48.5361390" lon="36.0520005">
        <ele>117.4</ele>
        <time>2026-04-18T13:49:10Z</time>
        <extensions>
          <speed>7.66</speed>
          <course>277.9</course>
        </extensions>
      </trkpt>
      <trkpt lat="48.5361395" lon="36.0519903">
        <ele>117.4</ele>
        <time>2026-04-18T13:49:10Z</time>
        <extensions>
          <speed>7.60</speed>
          <course>276.1</course>
        </extensions>
      </trkpt>
      <trkpt lat="48.5361397" lon="36.0519690">
        <ele>117.4</ele>
        <time>2026-04-18T13:49:10Z</time>
        <extensions>
          <speed>7.76</speed>
          <course>272.5</course>
        </extensions>
      </trkpt>
      <trkpt lat="48.5361395" lon="36.0519583">
        <ele>117.4</ele>
        <time>2026-04-18T13:49:10Z</time>
        <extensions>
          <speed>7.80</speed>
          <course>270.9</course>
        </extensions>
      </trkpt>
      <trkpt lat="48.5361390" lon="36.0519475">
        <ele>117.4</ele>
        <time>2026-04-18T13:49:10Z</time>
        <extensions>
          <speed>7.97</speed>
          <course>269.2</course>
        </extensions>
      </trkpt>
      <trkpt lat="48.5361382" lon="36.0519362">
        <ele>117.3</ele>
        <time>2026-04-18T13:49:11Z</time>
        <extensions>
          <speed>8.27</speed>
          <course>266.8</course>
        </extensions>
      </trkpt>
      <trkpt lat="48.5361370" lon="36.0519142">
        <ele>117.3</ele>
        <time>2026-04-18T13:49:11Z</time>
        <extensions>
          <speed>8.10</speed>
          <course>265.1</course>
        </extensions>
      </trkpt>
      <trkpt lat="48.5361362" lon="36.0519027">
        <ele>117.3</ele>
        <time>2026-04-18T13:49:11Z</time>
        <extensions>
          <speed>8.41</speed>
          <course>264.9</course>
        </extensions>
      </trkpt>
      <trkpt lat="48.5361350" lon="36.0518912">
        <ele>117.3</ele>
        <time>2026-04-18T13:49:11Z</time>
        <extensions>
          <speed>8.46</speed>
          <course>263.7</course>
        </extensions>
      </trkpt>
      <trkpt lat="48.5361340" lon="36.0518800">
        <ele>117.2</ele>
        <time>2026-04-18T13:49:11Z</time>
        <extensions>
          <speed>8.45</speed>
          <course>263.2</course>
        </extensions>
      </trkpt>
      <trkpt lat="48.5361327" lon="36.0518685">
        <ele>117.2</ele>
        <time>2026-04-18T13:49:11Z</time>
        <extensions>
          <speed>8.51</speed>
          <course>262.3</course>
        </extensions>
      </trkpt>
      <trkpt lat="48.5361313" lon="36.0518568">
        <ele>117.1</ele>
        <time>2026-04-18T13:49:11Z</time>
        <extensions>
          <speed>8.62</speed>
          <course>261.6</course>
        </extensions>
      </trkpt>
      <trkpt lat="48.5361297" lon="36.0518445">
        <ele>117.1</ele>
        <time>2026-04-18T13:49:11Z</time>
        <extensions>
          <speed>8.91</speed>
          <course>260.6</course>
        </extensions>
      </trkpt>
      <trkpt lat="48.5361283" lon="36.0518328">
        <ele>117.1</ele>
        <time>2026-04-18T13:49:11Z</time>
        <extensions>
          <speed>8.83</speed>
          <course>261.4</course>
        </extensions>
      </trkpt>
      <trkpt lat="48.5361268" lon="36.0518210">
        <ele>117.0</ele>
        <time>2026-04-18T13:49:12Z</time>
        <extensions>
          <speed>8.87</speed>
          <course>260.4</course>
        </extensions>
      </trkpt>
      <trkpt lat="48.5361250" lon="36.0518093">
        <ele>117.0</ele>
        <time>2026-04-18T13:49:12Z</time>
        <extensions>
          <speed>8.81</speed>
          <course>259.4</course>
        </extensions>
      </trkpt>
      <trkpt lat="48.5361228" lon="36.0517980">
        <ele>116.9</ele>
        <time>2026-04-18T13:49:12Z</time>
        <extensions>
          <speed>8.75</speed>
          <course>257.1</course>
        </extensions>
      </trkpt>
      <trkpt lat="48.5361200" lon="36.0517867">
        <ele>116.9</ele>
        <time>2026-04-18T13:49:12Z</time>
        <extensions>
          <speed>8.73</speed>
          <course>254.4</course>
        </extensions>
      </trkpt>
      <trkpt lat="48.5361173" lon="36.0517763">
        <ele>116.9</ele>
        <time>2026-04-18T13:49:12Z</time>
        <extensions>
          <speed>8.42</speed>
          <course>251.8</course>
        </extensions>
      </trkpt>
      <trkpt lat="48.5361143" lon="36.0517655">
        <ele>116.9</ele>
        <time>2026-04-18T13:49:12Z</time>
        <extensions>
          <speed>8.50</speed>
          <course>249.8</course>
        </extensions>
      </trkpt>
      <trkpt lat="48.5361117" lon="36.0517555">
        <ele>116.8</ele>
        <time>2026-04-18T13:49:12Z</time>
        <extensions>
          <speed>8.24</speed>
          <course>249.5</course>
        </extensions>
      </trkpt>
      <trkpt lat="48.5361083" lon="36.0517450">
        <ele>116.7</ele>
        <time>2026-04-18T13:49:12Z</time>
        <extensions>
          <speed>8.31</speed>
          <course>247.9</course>
        </extensions>
      </trkpt>
      <trkpt lat="48.5361050" lon="36.0517352">
        <ele>116.7</ele>
        <time>2026-04-18T13:49:12Z</time>
        <extensions>
          <speed>8.14</speed>
          <course>245.7</course>
        </extensions>
      </trkpt>
      <trkpt lat="48.5361012" lon="36.0517247">
        <ele>116.7</ele>
        <time>2026-04-18T13:49:12Z</time>
        <extensions>
          <speed>8.31</speed>
          <course>244.2</course>
        </extensions>
      </trkpt>
      <trkpt lat="48.5360967" lon="36.0517140">
        <ele>116.7</ele>
        <time>2026-04-18T13:49:13Z</time>
        <extensions>
          <speed>8.50</speed>
          <course>242.1</course>
        </extensions>
      </trkpt>
      <trkpt lat="48.5360877" lon="36.0516930">
        <ele>116.7</ele>
        <time>2026-04-18T13:49:13Z</time>
        <extensions>
          <speed>8.81</speed>
          <course>237.7</course>
        </extensions>
      </trkpt>
      <trkpt lat="48.5360825" lon="36.0516825">
        <ele>116.8</ele>
        <time>2026-04-18T13:49:13Z</time>
        <extensions>
          <speed>8.96</speed>
          <course>235.8</course>
        </extensions>
      </trkpt>
      <trkpt lat="48.5360787" lon="36.0516738">
        <ele>116.8</ele>
        <time>2026-04-18T13:49:13Z</time>
        <extensions>
          <speed>8.59</speed>
          <course>235.6</course>
        </extensions>
      </trkpt>
      <trkpt lat="48.5360742" lon="36.0516650">
        <ele>116.7</ele>
        <time>2026-04-18T13:49:13Z</time>
        <extensions>
          <speed>8.51</speed>
          <course>234.3</course>
        </extensions>
      </trkpt>
      <trkpt lat="48.5360703" lon="36.0516573">
        <ele>116.7</ele>
        <time>2026-04-18T13:49:13Z</time>
        <extensions>
          <speed>8.11</speed>
          <course>233.0</course>
        </extensions>
      </trkpt>
      <trkpt lat="48.5360658" lon="36.0516495">
        <ele>116.6</ele>
        <time>2026-04-18T13:49:13Z</time>
        <extensions>
          <speed>8.02</speed>
          <course>231.9</course>
        </extensions>
      </trkpt>
      <trkpt lat="48.5360613" lon="36.0516418">
        <ele>116.4</ele>
        <time>2026-04-18T13:49:13Z</time>
        <extensions>
          <speed>7.90</speed>
          <course>230.8</course>
        </extensions>
      </trkpt>
      <trkpt lat="48.5360565" lon="36.0516337">
        <ele>116.4</ele>
        <time>2026-04-18T13:49:13Z</time>
        <extensions>
          <speed>7.87</speed>
          <course>230.2</course>
        </extensions>
      </trkpt>
      <trkpt lat="48.5360517" lon="36.0516260">
        <ele>116.4</ele>
        <time>2026-04-18T13:49:14Z</time>
        <extensions>
          <speed>7.76</speed>
          <course>227.6</course>
        </extensions>
      </trkpt>
      <trkpt lat="48.5360472" lon="36.0516187">
        <ele>116.5</ele>
        <time>2026-04-18T13:49:14Z</time>
        <extensions>
          <speed>7.71</speed>
          <course>227.0</course>
        </extensions>
      </trkpt>
      <trkpt lat="48.5360423" lon="36.0516117">
        <ele>116.4</ele>
        <time>2026-04-18T13:49:14Z</time>
        <extensions>
          <speed>7.63</speed>
          <course>225.7</course>
        </extensions>
      </trkpt>
      <trkpt lat="48.5360373" lon="36.0516038">
        <ele>116.4</ele>
        <time>2026-04-18T13:49:14Z</time>
        <extensions>
          <speed>7.80</speed>
          <course>225.8</course>
        </extensions>
      </trkpt>
      <trkpt lat="48.5360318" lon="36.0515963">
        <ele>116.4</ele>
        <time>2026-04-18T13:49:14Z</time>
        <extensions>
          <speed>7.76</speed>
          <course>224.6</course>
        </extensions>
      </trkpt>
      <trkpt lat="48.5360267" lon="36.0515902">
        <ele>116.3</ele>
        <time>2026-04-18T13:49:14Z</time>
        <extensions>
          <speed>7.69</speed>
          <course>221.5</course>
        </extensions>
      </trkpt>
      <trkpt lat="48.5360210" lon="36.0515837">
        <ele>116.3</ele>
        <time>2026-04-18T13:49:14Z</time>
        <extensions>
          <speed>7.82</speed>
          <course>219.6</course>
        </extensions>
      </trkpt>
      <trkpt lat="48.5360145" lon="36.0515762">
        <ele>116.5</ele>
        <time>2026-04-18T13:49:14Z</time>
        <extensions>
          <speed>8.18</speed>
          <course>217.7</course>
        </extensions>
      </trkpt>
      <trkpt lat="48.5360082" lon="36.0515683">
        <ele>116.7</ele>
        <time>2026-04-18T13:49:14Z</time>
        <extensions>
          <speed>8.49</speed>
          <course>217.6</course>
        </extensions>
      </trkpt>
      <trkpt lat="48.5360025" lon="36.0515623">
        <ele>116.5</ele>
        <time>2026-04-18T13:49:14Z</time>
        <extensions>
          <speed>8.27</speed>
          <course>217.5</course>
        </extensions>
      </trkpt>
      <trkpt lat="48.5359962" lon="36.0515553">
        <ele>116.5</ele>
        <time>2026-04-18T13:49:15Z</time>
        <extensions>
          <speed>8.27</speed>
          <course>216.9</course>
        </extensions>
      </trkpt>
      <trkpt lat="48.5359898" lon="36.0515485">
        <ele>116.6</ele>
        <time>2026-04-18T13:49:15Z</time>
        <extensions>
          <speed>8.42</speed>
          <course>216.7</course>
        </extensions>
      </trkpt>
      <trkpt lat="48.5359832" lon="36.0515413">
        <ele>116.5</ele>
        <time>2026-04-18T13:49:15Z</time>
        <extensions>
          <speed>8.73</speed>
          <course>216.2</course>
        </extensions>
      </trkpt>
      <trkpt lat="48.5359768" lon="36.0515347">
        <ele>116.5</ele>
        <time>2026-04-18T13:49:15Z</time>
        <extensions>
          <speed>8.66</speed>
          <course>215.9</course>
        </extensions>
      </trkpt>
      <trkpt lat="48.5359702" lon="36.0515273">
        <ele>116.6</ele>
        <time>2026-04-18T13:49:15Z</time>
        <extensions>
          <speed>8.85</speed>
          <course>215.4</course>
        </extensions>
      </trkpt>
      <trkpt lat="48.5359635" lon="36.0515205">
        <ele>116.6</ele>
        <time>2026-04-18T13:49:15Z</time>
        <extensions>
          <speed>8.84</speed>
          <course>214.7</course>
        </extensions>
      </trkpt>
      <trkpt lat="48.5359572" lon="36.0515133">
        <ele>116.7</ele>
        <time>2026-04-18T13:49:15Z</time>
        <extensions>
          <speed>8.84</speed>
          <course>216.1</course>
        </extensions>
      </trkpt>
      <trkpt lat="48.5359515" lon="36.0515077">
        <ele>116.7</ele>
        <time>2026-04-18T13:49:15Z</time>
        <extensions>
          <speed>8.32</speed>
          <course>214.4</course>
        </extensions>
      </trkpt>
      <trkpt lat="48.5359457" lon="36.0515018">
        <ele>116.7</ele>
        <time>2026-04-18T13:49:15Z</time>
        <extensions>
          <speed>8.11</speed>
          <course>213.8</course>
        </extensions>
      </trkpt>
      <trkpt lat="48.5359395" lon="36.0514957">
        <ele>116.7</ele>
        <time>2026-04-18T13:49:15Z</time>
        <extensions>
          <speed>8.22</speed>
          <course>213.4</course>
        </extensions>
      </trkpt>
      <trkpt lat="48.5359333" lon="36.0514898">
        <ele>116.6</ele>
        <time>2026-04-18T13:49:16Z</time>
        <extensions>
          <speed>8.16</speed>
          <course>213.1</course>
        </extensions>
      </trkpt>
      <trkpt lat="48.5359270" lon="36.0514842">
        <ele>116.6</ele>
        <time>2026-04-18T13:49:16Z</time>
        <extensions>
          <speed>8.07</speed>
          <course>212.1</course>
        </extensions>
      </trkpt>
      <trkpt lat="48.5359210" lon="36.0514787">
        <ele>116.6</ele>
        <time>2026-04-18T13:49:16Z</time>
        <extensions>
          <speed>8.04</speed>
          <course>211.5</course>
        </extensions>
      </trkpt>
      <trkpt lat="48.5359150" lon="36.0514730">
        <ele>116.6</ele>
        <time>2026-04-18T13:49:16Z</time>
        <extensions>
          <speed>8.02</speed>
          <course>211.9</course>
        </extensions>
      </trkpt>
      <trkpt lat="48.5359097" lon="36.0514673">
        <ele>116.6</ele>
        <time>2026-04-18T13:49:16Z</time>
        <extensions>
          <speed>7.71</speed>
          <course>213.0</course>
        </extensions>
      </trkpt>
      <trkpt lat="48.5359043" lon="36.0514620">
        <ele>116.6</ele>
        <time>2026-04-18T13:49:16Z</time>
        <extensions>
          <speed>7.44</speed>
          <course>213.8</course>
        </extensions>
      </trkpt>
      <trkpt lat="48.5358990" lon="36.0514570">
        <ele>116.6</ele>
        <time>2026-04-18T13:49:16Z</time>
        <extensions>
          <speed>7.24</speed>
          <course>213.3</course>
        </extensions>
      </trkpt>
      <trkpt lat="48.5358940" lon="36.0514527">
        <ele>116.6</ele>
        <time>2026-04-18T13:49:16Z</time>
        <extensions>
          <speed>6.92</speed>
          <course>212.6</course>
        </extensions>
      </trkpt>
      <trkpt lat="48.5358882" lon="36.0514478">
        <ele>116.5</ele>
        <time>2026-04-18T13:49:16Z</time>
        <extensions>
          <speed>7.15</speed>
          <course>211.0</course>
        </extensions>
      </trkpt>
      <trkpt lat="48.5358823" lon="36.0514428">
        <ele>116.5</ele>
        <time>2026-04-18T13:49:16Z</time>
        <extensions>
          <speed>7.34</speed>
          <course>210.2</course>
        </extensions>
      </trkpt>
      <trkpt lat="48.5358763" lon="36.0514397">
        <ele>116.4</ele>
        <time>2026-04-18T13:49:17Z</time>
        <extensions>
          <speed>7.28</speed>
          <course>206.6</course>
        </extensions>
      </trkpt>
      <trkpt lat="48.5358707" lon="36.0514352">
        <ele>116.3</ele>
        <time>2026-04-18T13:49:17Z</time>
        <extensions>
          <speed>7.28</speed>
          <course>206.5</course>
        </extensions>
      </trkpt>
      <trkpt lat="48.5358653" lon="36.0514302">
        <ele>116.3</ele>
        <time>2026-04-18T13:49:17Z</time>
        <extensions>
          <speed>7.15</speed>
          <course>208.4</course>
        </extensions>
      </trkpt>
      <trkpt lat="48.5358597" lon="36.0514255">
        <ele>116.1</ele>
        <time>2026-04-18T13:49:17Z</time>
        <extensions>
          <speed>7.19</speed>
          <course>208.6</course>
        </extensions>
      </trkpt>
      <trkpt lat="48.5358537" lon="36.0514213">
        <ele>115.8</ele>
        <time>2026-04-18T13:49:17Z</time>
        <extensions>
          <speed>7.42</speed>
          <course>206.7</course>
        </extensions>
      </trkpt>
      <trkpt lat="48.5358475" lon="36.0514153">
        <ele>115.5</ele>
        <time>2026-04-18T13:49:17Z</time>
        <extensions>
          <speed>7.89</speed>
          <course>208.4</course>
        </extensions>
      </trkpt>
      <trkpt lat="48.5358405" lon="36.0514092">
        <ele>115.1</ele>
        <time>2026-04-18T13:49:17Z</time>
        <extensions>
          <speed>8.47</speed>
          <course>209.2</course>
        </extensions>
      </trkpt>
      <trkpt lat="48.5358337" lon="36.0514030">
        <ele>114.9</ele>
        <time>2026-04-18T13:49:17Z</time>
        <extensions>
          <speed>8.63</speed>
          <course>210.4</course>
        </extensions>
      </trkpt>
      <trkpt lat="48.5358265" lon="36.0513965">
        <ele>114.7</ele>
        <time>2026-04-18T13:49:17Z</time>
        <extensions>
          <speed>9.04</speed>
          <course>210.6</course>
        </extensions>
      </trkpt>
      <trkpt lat="48.5358190" lon="36.0513895">
        <ele>114.4</ele>
        <time>2026-04-18T13:49:17Z</time>
        <extensions>
          <speed>9.49</speed>
          <course>211.0</course>
        </extensions>
      </trkpt>
      <trkpt lat="48.5358115" lon="36.0513828">
        <ele>114.1</ele>
        <time>2026-04-18T13:49:18Z</time>
        <extensions>
          <speed>9.61</speed>
          <course>210.8</course>
        </extensions>
      </trkpt>
      <trkpt lat="48.5357962" lon="36.0513692">
        <ele>113.8</ele>
        <time>2026-04-18T13:49:18Z</time>
        <extensions>
          <speed>9.99</speed>
          <course>210.6</course>
        </extensions>
      </trkpt>
      <trkpt lat="48.5357887" lon="36.0513620">
        <ele>113.6</ele>
        <time>2026-04-18T13:49:18Z</time>
        <extensions>
          <speed>10.05</speed>
          <course>211.1</course>
        </extensions>
      </trkpt>
      <trkpt lat="48.5357807" lon="36.0513550">
        <ele>113.4</ele>
        <time>2026-04-18T13:49:18Z</time>
        <extensions>
          <speed>10.16</speed>
          <course>210.5</course>
        </extensions>
      </trkpt>
      <trkpt lat="48.5357727" lon="36.0513480">
        <ele>113.3</ele>
        <time>2026-04-18T13:49:18Z</time>
        <extensions>
          <speed>10.22</speed>
          <course>210.6</course>
        </extensions>
      </trkpt>
      <trkpt lat="48.5357647" lon="36.0513407">
        <ele>113.0</ele>
        <time>2026-04-18T13:49:18Z</time>
        <extensions>
          <speed>10.32</speed>
          <course>210.8</course>
        </extensions>
      </trkpt>
      <trkpt lat="48.5357567" lon="36.0513337">
        <ele>112.9</ele>
        <time>2026-04-18T13:49:18Z</time>
        <extensions>
          <speed>10.30</speed>
          <course>210.4</course>
        </extensions>
      </trkpt>
      <trkpt lat="48.5357485" lon="36.0513265">
        <ele>112.8</ele>
        <time>2026-04-18T13:49:18Z</time>
        <extensions>
          <speed>10.35</speed>
          <course>210.5</course>
        </extensions>
      </trkpt>
      <trkpt lat="48.5357403" lon="36.0513193">
        <ele>112.6</ele>
        <time>2026-04-18T13:49:18Z</time>
        <extensions>
          <speed>10.46</speed>
          <course>210.1</course>
        </extensions>
      </trkpt>
      <trkpt lat="48.5357322" lon="36.0513125">
        <ele>112.5</ele>
        <time>2026-04-18T13:49:19Z</time>
        <extensions>
          <speed>10.46</speed>
          <course>209.2</course>
        </extensions>
      </trkpt>
      <trkpt lat="48.5357158" lon="36.0512987">
        <ele>112.2</ele>
        <time>2026-04-18T13:49:19Z</time>
        <extensions>
          <speed>10.38</speed>
          <course>210.0</course>
        </extensions>
      </trkpt>
      <trkpt lat="48.5357075" lon="36.0512920">
        <ele>112.0</ele>
        <time>2026-04-18T13:49:19Z</time>
        <extensions>
          <speed>10.40</speed>
          <course>208.5</course>
        </extensions>
      </trkpt>
      <trkpt lat="48.5356992" lon="36.0512852">
        <ele>111.9</ele>
        <time>2026-04-18T13:49:19Z</time>
        <extensions>
          <speed>10.48</speed>
          <course>209.1</course>
        </extensions>
      </trkpt>
      <trkpt lat="48.5356910" lon="36.0512780">
        <ele>111.8</ele>
        <time>2026-04-18T13:49:19Z</time>
        <extensions>
          <speed>10.52</speed>
          <course>209.6</course>
        </extensions>
      </trkpt>
      <trkpt lat="48.5356828" lon="36.0512715">
        <ele>111.6</ele>
        <time>2026-04-18T13:49:19Z</time>
        <extensions>
          <speed>10.45</speed>
          <course>208.1</course>
        </extensions>
      </trkpt>
      <trkpt lat="48.5356745" lon="36.0512647">
        <ele>111.5</ele>
        <time>2026-04-18T13:49:19Z</time>
        <extensions>
          <speed>10.50</speed>
          <course>209.0</course>
        </extensions>
      </trkpt>
      <trkpt lat="48.5356667" lon="36.0512583">
        <ele>111.4</ele>
        <time>2026-04-18T13:49:19Z</time>
        <extensions>
          <speed>10.13</speed>
          <course>208.3</course>
        </extensions>
      </trkpt>
      <trkpt lat="48.5356585" lon="36.0512515">
        <ele>111.3</ele>
        <time>2026-04-18T13:49:19Z</time>
        <extensions>
          <speed>10.31</speed>
          <course>209.1</course>
        </extensions>
      </trkpt>
      <trkpt lat="48.5356502" lon="36.0512450">
        <ele>111.2</ele>
        <time>2026-04-18T13:49:20Z</time>
        <extensions>
          <speed>10.38</speed>
          <course>208.1</course>
        </extensions>
      </trkpt>
      <trkpt lat="48.5356337" lon="36.0512323">
        <ele>110.9</ele>
        <time>2026-04-18T13:49:20Z</time>
        <extensions>
          <speed>10.20</speed>
          <course>207.0</course>
        </extensions>
      </trkpt>
      <trkpt lat="48.5356255" lon="36.0512255">
        <ele>110.8</ele>
        <time>2026-04-18T13:49:20Z</time>
        <extensions>
          <speed>10.28</speed>
          <course>208.2</course>
        </extensions>
      </trkpt>
      <trkpt lat="48.5356175" lon="36.0512192">
        <ele>110.7</ele>
        <time>2026-04-18T13:49:20Z</time>
        <extensions>
          <speed>10.03</speed>
          <course>208.5</course>
        </extensions>
      </trkpt>
      <trkpt lat="48.5356095" lon="36.0512130">
        <ele>110.6</ele>
        <time>2026-04-18T13:49:20Z</time>
        <extensions>
          <speed>9.98</speed>
          <course>207.4</course>
        </extensions>
      </trkpt>
      <trkpt lat="48.5356015" lon="36.0512067">
        <ele>110.5</ele>
        <time>2026-04-18T13:49:20Z</time>
        <extensions>
          <speed>10.00</speed>
          <course>207.9</course>
        </extensions>
      </trkpt>
      <trkpt lat="48.5355937" lon="36.0512007">
        <ele>110.4</ele>
        <time>2026-04-18T13:49:20Z</time>
        <extensions>
          <speed>9.90</speed>
          <course>207.8</course>
        </extensions>
      </trkpt>
      <trkpt lat="48.5355858" lon="36.0511943">
        <ele>110.4</ele>
        <time>2026-04-18T13:49:20Z</time>
        <extensions>
          <speed>9.85</speed>
          <course>208.3</course>
        </extensions>
      </trkpt>
      <trkpt lat="48.5355782" lon="36.0511880">
        <ele>110.3</ele>
        <time>2026-04-18T13:49:20Z</time>
        <extensions>
          <speed>9.68</speed>
          <course>209.3</course>
        </extensions>
      </trkpt>
      <trkpt lat="48.5355702" lon="36.0511822">
        <ele>110.3</ele>
        <time>2026-04-18T13:49:21Z</time>
        <extensions>
          <speed>9.68</speed>
          <course>207.8</course>
        </extensions>
      </trkpt>
      <trkpt lat="48.5355550" lon="36.0511702">
        <ele>110.2</ele>
        <time>2026-04-18T13:49:21Z</time>
        <extensions>
          <speed>9.51</speed>
          <course>208.2</course>
        </extensions>
      </trkpt>
      <trkpt lat="48.5355473" lon="36.0511645">
        <ele>110.2</ele>
        <time>2026-04-18T13:49:21Z</time>
        <extensions>
          <speed>9.47</speed>
          <course>207.6</course>
        </extensions>
      </trkpt>
      <trkpt lat="48.5355402" lon="36.0511590">
        <ele>110.2</ele>
        <time>2026-04-18T13:49:21Z</time>
        <extensions>
          <speed>9.09</speed>
          <course>207.5</course>
        </extensions>
      </trkpt>
      <trkpt lat="48.5355330" lon="36.0511537">
        <ele>110.2</ele>
        <time>2026-04-18T13:49:21Z</time>
        <extensions>
          <speed>8.87</speed>
          <course>207.6</course>
        </extensions>
      </trkpt>
      <trkpt lat="48.5355260" lon="36.0511483">
        <ele>110.2</ele>
        <time>2026-04-18T13:49:21Z</time>
        <extensions>
          <speed>8.74</speed>
          <course>207.4</course>
        </extensions>
      </trkpt>
      <trkpt lat="48.5355192" lon="36.0511430">
        <ele>110.2</ele>
        <time>2026-04-18T13:49:21Z</time>
        <extensions>
          <speed>8.70</speed>
          <course>207.2</course>
        </extensions>
      </trkpt>
      <trkpt lat="48.5355123" lon="36.0511377">
        <ele>110.2</ele>
        <time>2026-04-18T13:49:21Z</time>
        <extensions>
          <speed>8.52</speed>
          <course>207.7</course>
        </extensions>
      </trkpt>
      <trkpt lat="48.5355060" lon="36.0511327">
        <ele>110.3</ele>
        <time>2026-04-18T13:49:21Z</time>
        <extensions>
          <speed>8.18</speed>
          <course>208.5</course>
        </extensions>
      </trkpt>
      <trkpt lat="48.5354993" lon="36.0511275">
        <ele>110.4</ele>
        <time>2026-04-18T13:49:22Z</time>
        <extensions>
          <speed>8.22</speed>
          <course>207.7</course>
        </extensions>
      </trkpt>
      <trkpt lat="48.5354932" lon="36.0511227">
        <ele>110.5</ele>
        <time>2026-04-18T13:49:22Z</time>
        <extensions>
          <speed>7.87</speed>
          <course>208.5</course>
        </extensions>
      </trkpt>
      <trkpt lat="48.5354867" lon="36.0511175">
        <ele>110.7</ele>
        <time>2026-04-18T13:49:22Z</time>
        <extensions>
          <speed>7.98</speed>
          <course>208.6</course>
        </extensions>
      </trkpt>
      <trkpt lat="48.5354800" lon="36.0511123">
        <ele>110.8</ele>
        <time>2026-04-18T13:49:22Z</time>
        <extensions>
          <speed>8.27</speed>
          <course>207.5</course>
        </extensions>
      </trkpt>
      <trkpt lat="48.5354738" lon="36.0511077">
        <ele>110.9</ele>
        <time>2026-04-18T13:49:22Z</time>
        <extensions>
          <speed>7.87</speed>
          <course>207.5</course>
        </extensions>
      </trkpt>
      <trkpt lat="48.5354672" lon="36.0511028">
        <ele>111.1</ele>
        <time>2026-04-18T13:49:22Z</time>
        <extensions>
          <speed>7.90</speed>
          <course>207.0</course>
        </extensions>
      </trkpt>
      <trkpt lat="48.5354605" lon="36.0510980">
        <ele>111.2</ele>
        <time>2026-04-18T13:49:22Z</time>
        <extensions>
          <speed>8.13</speed>
          <course>206.1</course>
        </extensions>
      </trkpt>
      <trkpt lat="48.5354545" lon="36.0510930">
        <ele>111.2</ele>
        <time>2026-04-18T13:49:22Z</time>
        <extensions>
          <speed>7.83</speed>
          <course>207.6</course>
        </extensions>
      </trkpt>
      <trkpt lat="48.5354477" lon="36.0510882">
        <ele>111.3</ele>
        <time>2026-04-18T13:49:22Z</time>
        <extensions>
          <speed>8.14</speed>
          <course>205.7</course>
        </extensions>
      </trkpt>
      <trkpt lat="48.5354410" lon="36.0510835">
        <ele>111.4</ele>
        <time>2026-04-18T13:49:22Z</time>
        <extensions>
          <speed>8.20</speed>
          <course>205.2</course>
        </extensions>
      </trkpt>
      <trkpt lat="48.5354342" lon="36.0510787">
        <ele>111.5</ele>
        <time>2026-04-18T13:49:23Z</time>
        <extensions>
          <speed>8.31</speed>
          <course>205.2</course>
        </extensions>
      </trkpt>
      <trkpt lat="48.5354275" lon="36.0510738">
        <ele>111.5</ele>
        <time>2026-04-18T13:49:23Z</time>
        <extensions>
          <speed>8.31</speed>
          <course>205.4</course>
        </extensions>
      </trkpt>
      <trkpt lat="48.5354207" lon="36.0510690">
        <ele>111.5</ele>
        <time>2026-04-18T13:49:23Z</time>
        <extensions>
          <speed>8.40</speed>
          <course>204.7</course>
        </extensions>
      </trkpt>
      <trkpt lat="48.5354138" lon="36.0510643">
        <ele>111.5</ele>
        <time>2026-04-18T13:49:23Z</time>
        <extensions>
          <speed>8.42</speed>
          <course>204.7</course>
        </extensions>
      </trkpt>
      <trkpt lat="48.5354068" lon="36.0510595">
        <ele>111.5</ele>
        <time>2026-04-18T13:49:23Z</time>
        <extensions>
          <speed>8.61</speed>
          <course>205.0</course>
        </extensions>
      </trkpt>
      <trkpt lat="48.5354000" lon="36.0510545">
        <ele>111.5</ele>
        <time>2026-04-18T13:49:23Z</time>
        <extensions>
          <speed>8.57</speed>
          <course>206.1</course>
        </extensions>
      </trkpt>
      <trkpt lat="48.5353932" lon="36.0510500">
        <ele>111.4</ele>
        <time>2026-04-18T13:49:23Z</time>
        <extensions>
          <speed>8.44</speed>
          <course>204.4</course>
        </extensions>
      </trkpt>
      <trkpt lat="48.5353860" lon="36.0510452">
        <ele>111.4</ele>
        <time>2026-04-18T13:49:23Z</time>
        <extensions>
          <speed>8.75</speed>
          <course>204.8</course>
        </extensions>
      </trkpt>
      <trkpt lat="48.5353793" lon="36.0510403">
        <ele>111.4</ele>
        <time>2026-04-18T13:49:23Z</time>
        <extensions>
          <speed>8.57</speed>
          <course>205.7</course>
        </extensions>
      </trkpt>
      <trkpt lat="48.5353723" lon="36.0510357">
        <ele>111.4</ele>
        <time>2026-04-18T13:49:23Z</time>
        <extensions>
          <speed>8.60</speed>
          <course>204.6</course>
        </extensions>
      </trkpt>
      <trkpt lat="48.5353655" lon="36.0510312">
        <ele>111.3</ele>
        <time>2026-04-18T13:49:24Z</time>
        <extensions>
          <speed>8.38</speed>
          <course>203.5</course>
        </extensions>
      </trkpt>
      <trkpt lat="48.5353590" lon="36.0510265">
        <ele>111.3</ele>
        <time>2026-04-18T13:49:24Z</time>
        <extensions>
          <speed>8.18</speed>
          <course>204.9</course>
        </extensions>
      </trkpt>
      <trkpt lat="48.5353522" lon="36.0510222">
        <ele>111.3</ele>
        <time>2026-04-18T13:49:24Z</time>
        <extensions>
          <speed>8.26</speed>
          <course>203.6</course>
        </extensions>
      </trkpt>
      <trkpt lat="48.5353460" lon="36.0510180">
        <ele>111.3</ele>
        <time>2026-04-18T13:49:24Z</time>
        <extensions>
          <speed>7.80</speed>
          <course>204.2</course>
        </extensions>
      </trkpt>
      <trkpt lat="48.5353397" lon="36.0510142">
        <ele>111.3</ele>
        <time>2026-04-18T13:49:24Z</time>
        <extensions>
          <speed>7.87</speed>
          <course>203.2</course>
        </extensions>
      </trkpt>
      <trkpt lat="48.5353332" lon="36.0510102">
        <ele>111.3</ele>
        <time>2026-04-18T13:49:24Z</time>
        <extensions>
          <speed>7.86</speed>
          <course>203.6</course>
        </extensions>
      </trkpt>
      <trkpt lat="48.5353272" lon="36.0510068">
        <ele>111.2</ele>
        <time>2026-04-18T13:49:24Z</time>
        <extensions>
          <speed>7.35</speed>
          <course>201.9</course>
        </extensions>
      </trkpt>
      <trkpt lat="48.5353213" lon="36.0510035">
        <ele>111.2</ele>
        <time>2026-04-18T13:49:24Z</time>
        <extensions>
          <speed>7.19</speed>
          <course>201.7</course>
        </extensions>
      </trkpt>
      <trkpt lat="48.5353148" lon="36.0510000">
        <ele>111.2</ele>
        <time>2026-04-18T13:49:24Z</time>
        <extensions>
          <speed>7.42</speed>
          <course>200.7</course>
        </extensions>
      </trkpt>
      <trkpt lat="48.5353090" lon="36.0509973">
        <ele>111.2</ele>
        <time>2026-04-18T13:49:24Z</time>
        <extensions>
          <speed>7.08</speed>
          <course>198.2</course>
        </extensions>
      </trkpt>
      <trkpt lat="48.5353032" lon="36.0509945">
        <ele>111.2</ele>
        <time>2026-04-18T13:49:25Z</time>
        <extensions>
          <speed>6.86</speed>
          <course>197.7</course>
        </extensions>
      </trkpt>
      <trkpt lat="48.5352973" lon="36.0509925">
        <ele>111.1</ele>
        <time>2026-04-18T13:49:25Z</time>
        <extensions>
          <speed>6.69</speed>
          <course>195.1</course>
        </extensions>
      </trkpt>
      <trkpt lat="48.5352915" lon="36.0509907">
        <ele>111.1</ele>
        <time>2026-04-18T13:49:25Z</time>
        <extensions>
          <speed>6.66</speed>
          <course>192.1</course>
        </extensions>
      </trkpt>
      <trkpt lat="48.5352865" lon="36.0509898">
        <ele>111.2</ele>
        <time>2026-04-18T13:49:25Z</time>
        <extensions>
          <speed>6.04</speed>
          <course>189.3</course>
        </extensions>
      </trkpt>
      <trkpt lat="48.5352807" lon="36.0509893">
        <ele>111.1</ele>
        <time>2026-04-18T13:49:25Z</time>
        <extensions>
          <speed>6.33</speed>
          <course>185.0</course>
        </extensions>
      </trkpt>
      <trkpt lat="48.5352745" lon="36.0509890">
        <ele>111.1</ele>
        <time>2026-04-18T13:49:25Z</time>
        <extensions>
          <speed>6.59</speed>
          <course>182.6</course>
        </extensions>
      </trkpt>
      <trkpt lat="48.5352692" lon="36.0509893">
        <ele>111.0</ele>
        <time>2026-04-18T13:49:25Z</time>
        <extensions>
          <speed>6.20</speed>
          <course>179.0</course>
        </extensions>
      </trkpt>
      <trkpt lat="48.5352630" lon="36.0509902">
        <ele>110.9</ele>
        <time>2026-04-18T13:49:25Z</time>
        <extensions>
          <speed>6.66</speed>
          <course>176.1</course>
        </extensions>
      </trkpt>
      <trkpt lat="48.5352575" lon="36.0509915">
        <ele>110.9</ele>
        <time>2026-04-18T13:49:25Z</time>
        <extensions>
          <speed>6.37</speed>
          <course>172.5</course>
        </extensions>
      </trkpt>
      <trkpt lat="48.5352527" lon="36.0509938">
        <ele>110.9</ele>
        <time>2026-04-18T13:49:25Z</time>
        <extensions>
          <speed>5.93</speed>
          <course>168.1</course>
        </extensions>
      </trkpt>
      <trkpt lat="48.5352478" lon="36.0509960">
        <ele>110.9</ele>
        <time>2026-04-18T13:49:26Z</time>
        <extensions>
          <speed>5.75</speed>
          <course>164.7</course>
        </extensions>
      </trkpt>
      <trkpt lat="48.5352430" lon="36.0509993">
        <ele>110.9</ele>
        <time>2026-04-18T13:49:26Z</time>
        <extensions>
          <speed>5.80</speed>
          <course>159.4</course>
        </extensions>
      </trkpt>
      <trkpt lat="48.5352383" lon="36.0510028">
        <ele>110.9</ele>
        <time>2026-04-18T13:49:26Z</time>
        <extensions>
          <speed>5.92</speed>
          <course>156.7</course>
        </extensions>
      </trkpt>
      <trkpt lat="48.5352343" lon="36.0510067">
        <ele>110.9</ele>
        <time>2026-04-18T13:49:26Z</time>
        <extensions>
          <speed>5.50</speed>
          <course>152.0</course>
        </extensions>
      </trkpt>
      <trkpt lat="48.5352302" lon="36.0510112">
        <ele>110.9</ele>
        <time>2026-04-18T13:49:26Z</time>
        <extensions>
          <speed>5.60</speed>
          <course>147.3</course>
        </extensions>
      </trkpt>
      <trkpt lat="48.5352263" lon="36.0510155">
        <ele>110.8</ele>
        <time>2026-04-18T13:49:26Z</time>
        <extensions>
          <speed>5.47</speed>
          <course>144.0</course>
        </extensions>
      </trkpt>
      <trkpt lat="48.5352227" lon="36.0510202">
        <ele>110.7</ele>
        <time>2026-04-18T13:49:26Z</time>
        <extensions>
          <speed>5.57</speed>
          <course>141.0</course>
        </extensions>
      </trkpt>
      <trkpt lat="48.5352195" lon="36.0510250">
        <ele>110.6</ele>
        <time>2026-04-18T13:49:26Z</time>
        <extensions>
          <speed>5.37</speed>
          <course>135.9</course>
        </extensions>
      </trkpt>
      <trkpt lat="48.5352163" lon="36.0510302">
        <ele>110.5</ele>
        <time>2026-04-18T13:49:26Z</time>
        <extensions>
          <speed>5.32</speed>
          <course>133.9</course>
        </extensions>
      </trkpt>
      <trkpt lat="48.5352133" lon="36.0510360">
        <ele>110.5</ele>
        <time>2026-04-18T13:49:26Z</time>
        <extensions>
          <speed>5.56</speed>
          <course>129.6</course>
        </extensions>
      </trkpt>
      <trkpt lat="48.5352108" lon="36.0510417">
        <ele>110.4</ele>
        <time>2026-04-18T13:49:27Z</time>
        <extensions>
          <speed>5.09</speed>
          <course>123.4</course>
        </extensions>
      </trkpt>
      <trkpt lat="48.5352083" lon="36.0510475">
        <ele>110.4</ele>
        <time>2026-04-18T13:49:27Z</time>
        <extensions>
          <speed>5.08</speed>
          <course>122.2</course>
        </extensions>
      </trkpt>
      <trkpt lat="48.5352062" lon="36.0510532">
        <ele>110.3</ele>
        <time>2026-04-18T13:49:27Z</time>
        <extensions>
          <speed>4.93</speed>
          <course>120.2</course>
        </extensions>
      </trkpt>
      <trkpt lat="48.5352047" lon="36.0510592">
        <ele>110.3</ele>
        <time>2026-04-18T13:49:27Z</time>
        <extensions>
          <speed>4.79</speed>
          <course>113.7</course>
        </extensions>
      </trkpt>
      <trkpt lat="48.5352035" lon="36.0510660">
        <ele>110.2</ele>
        <time>2026-04-18T13:49:27Z</time>
        <extensions>
          <speed>5.07</speed>
          <course>106.9</course>
        </extensions>
      </trkpt>
      <trkpt lat="48.5352032" lon="36.0510725">
        <ele>110.2</ele>
        <time>2026-04-18T13:49:27Z</time>
        <extensions>
          <speed>4.84</speed>
          <course>99.5</course>
        </extensions>
      </trkpt>
      <trkpt lat="48.5352027" lon="36.0510793">
        <ele>110.2</ele>
        <time>2026-04-18T13:49:27Z</time>
        <extensions>
          <speed>4.87</speed>
          <course>95.3</course>
        </extensions>
      </trkpt>
      <trkpt lat="48.5352025" lon="36.0510862">
        <ele>110.2</ele>
        <time>2026-04-18T13:49:27Z</time>
        <extensions>
          <speed>5.00</speed>
          <course>92.2</course>
        </extensions>
      </trkpt>
      <trkpt lat="48.5352030" lon="36.0510927">
        <ele>110.1</ele>
        <time>2026-04-18T13:49:27Z</time>
        <extensions>
          <speed>5.18</speed>
          <course>86.0</course>
        </extensions>
      </trkpt>
      <trkpt lat="48.5352037" lon="36.0511000">
        <ele>110.0</ele>
        <time>2026-04-18T13:49:27Z</time>
        <extensions>
          <speed>5.31</speed>
          <course>82.7</course>
        </extensions>
      </trkpt>
      <trkpt lat="48.5352047" lon="36.0511072">
        <ele>110.0</ele>
        <time>2026-04-18T13:49:28Z</time>
        <extensions>
          <speed>5.41</speed>
          <course>78.9</course>
        </extensions>
      </trkpt>
      <trkpt lat="48.5352080" lon="36.0511217">
        <ele>109.9</ele>
        <time>2026-04-18T13:49:28Z</time>
        <extensions>
          <speed>5.82</speed>
          <course>71.0</course>
        </extensions>
      </trkpt>
      <trkpt lat="48.5352098" lon="36.0511297">
        <ele>109.9</ele>
        <time>2026-04-18T13:49:28Z</time>
        <extensions>
          <speed>6.15</speed>
          <course>69.4</course>
        </extensions>
      </trkpt>
      <trkpt lat="48.5352118" lon="36.0511373">
        <ele>109.8</ele>
        <time>2026-04-18T13:49:28Z</time>
        <extensions>
          <speed>6.17</speed>
          <course>69.0</course>
        </extensions>
      </trkpt>
      <trkpt lat="48.5352142" lon="36.0511445">
        <ele>109.8</ele>
        <time>2026-04-18T13:49:28Z</time>
        <extensions>
          <speed>6.17</speed>
          <course>65.5</course>
        </extensions>
      </trkpt>
      <trkpt lat="48.5352170" lon="36.0511513">
        <ele>109.7</ele>
        <time>2026-04-18T13:49:28Z</time>
        <extensions>
          <speed>6.20</speed>
          <course>61.2</course>
        </extensions>
      </trkpt>
      <trkpt lat="48.5352200" lon="36.0511583">
        <ele>109.6</ele>
        <time>2026-04-18T13:49:28Z</time>
        <extensions>
          <speed>6.22</speed>
          <course>59.3</course>
        </extensions>
      </trkpt>
      <trkpt lat="48.5352233" lon="36.0511652">
        <ele>109.6</ele>
        <time>2026-04-18T13:49:28Z</time>
        <extensions>
          <speed>6.51</speed>
          <course>56.1</course>
        </extensions>
      </trkpt>
      <trkpt lat="48.5352270" lon="36.0511733">
        <ele>109.5</ele>
        <time>2026-04-18T13:49:28Z</time>
        <extensions>
          <speed>6.99</speed>
          <course>55.1</course>
        </extensions>
      </trkpt>
      <trkpt lat="48.5352310" lon="36.0511805">
        <ele>109.5</ele>
        <time>2026-04-18T13:49:29Z</time>
        <extensions>
          <speed>6.80</speed>
          <course>52.2</course>
        </extensions>
      </trkpt>
      <trkpt lat="48.5352398" lon="36.0511950">
        <ele>109.5</ele>
        <time>2026-04-18T13:49:29Z</time>
        <extensions>
          <speed>7.35</speed>
          <course>47.8</course>
        </extensions>
      </trkpt>
      <trkpt lat="48.5352450" lon="36.0512023">
        <ele>109.5</ele>
        <time>2026-04-18T13:49:29Z</time>
        <extensions>
          <speed>7.64</speed>
          <course>45.4</course>
        </extensions>
      </trkpt>
      <trkpt lat="48.5352502" lon="36.0512093">
        <ele>109.4</ele>
        <time>2026-04-18T13:49:29Z</time>
        <extensions>
          <speed>7.62</speed>
          <course>43.6</course>
        </extensions>
      </trkpt>
      <trkpt lat="48.5352553" lon="36.0512150">
        <ele>109.4</ele>
        <time>2026-04-18T13:49:29Z</time>
        <extensions>
          <speed>7.48</speed>
          <course>40.9</course>
        </extensions>
      </trkpt>
      <trkpt lat="48.5352613" lon="36.0512212">
        <ele>109.4</ele>
        <time>2026-04-18T13:49:29Z</time>
        <extensions>
          <speed>7.86</speed>
          <course>36.9</course>
        </extensions>
      </trkpt>
      <trkpt lat="48.5352672" lon="36.0512267">
        <ele>109.3</ele>
        <time>2026-04-18T13:49:29Z</time>
        <extensions>
          <speed>7.70</speed>
          <course>33.5</course>
        </extensions>
      </trkpt>
      <trkpt lat="48.5352735" lon="36.0512330">
        <ele>109.3</ele>
        <time>2026-04-18T13:49:29Z</time>
        <extensions>
          <speed>8.09</speed>
          <course>33.5</course>
        </extensions>
      </trkpt>
      <trkpt lat="48.5352800" lon="36.0512397">
        <ele>109.3</ele>
        <time>2026-04-18T13:49:29Z</time>
        <extensions>
          <speed>8.41</speed>
          <course>34.0</course>
        </extensions>
      </trkpt>
      <trkpt lat="48.5352862" lon="36.0512455">
        <ele>109.2</ele>
        <time>2026-04-18T13:49:30Z</time>
        <extensions>
          <speed>8.47</speed>
          <course>33.5</course>
        </extensions>
      </trkpt>
      <trkpt lat="48.5352930" lon="36.0512522">
        <ele>109.1</ele>
        <time>2026-04-18T13:49:30Z</time>
        <extensions>
          <speed>8.90</speed>
          <course>33.3</course>
        </extensions>
      </trkpt>
      <trkpt lat="48.5353002" lon="36.0512595">
        <ele>109.1</ele>
        <time>2026-04-18T13:49:30Z</time>
        <extensions>
          <speed>9.35</speed>
          <course>34.5</course>
        </extensions>
      </trkpt>
      <trkpt lat="48.5353067" lon="36.0512665">
        <ele>109.0</ele>
        <time>2026-04-18T13:49:30Z</time>
        <extensions>
          <speed>9.12</speed>
          <course>35.8</course>
        </extensions>
      </trkpt>
      <trkpt lat="48.5353135" lon="36.0512737">
        <ele>108.9</ele>
        <time>2026-04-18T13:49:30Z</time>
        <extensions>
          <speed>9.54</speed>
          <course>35.9</course>
        </extensions>
      </trkpt>
      <trkpt lat="48.5353207" lon="36.0512812">
        <ele>108.8</ele>
        <time>2026-04-18T13:49:30Z</time>
        <extensions>
          <speed>9.94</speed>
          <course>36.7</course>
        </extensions>
      </trkpt>
      <trkpt lat="48.5353280" lon="36.0512895">
        <ele>108.7</ele>
        <time>2026-04-18T13:49:30Z</time>
        <extensions>
          <speed>10.18</speed>
          <course>37.3</course>
        </extensions>
      </trkpt>
      <trkpt lat="48.5353352" lon="36.0512978">
        <ele>108.6</ele>
        <time>2026-04-18T13:49:30Z</time>
        <extensions>
          <speed>10.23</speed>
          <course>37.7</course>
        </extensions>
      </trkpt>
      <trkpt lat="48.5353428" lon="36.0513068">
        <ele>108.5</ele>
        <time>2026-04-18T13:49:30Z</time>
        <extensions>
          <speed>10.73</speed>
          <course>38.3</course>
        </extensions>
      </trkpt>
      <trkpt lat="48.5353507" lon="36.0513162">
        <ele>108.4</ele>
        <time>2026-04-18T13:49:30Z</time>
        <extensions>
          <speed>10.97</speed>
          <course>38.6</course>
        </extensions>
      </trkpt>
      <trkpt lat="48.5353585" lon="36.0513257">
        <ele>108.3</ele>
        <time>2026-04-18T13:49:31Z</time>
        <extensions>
          <speed>11.16</speed>
          <course>39.2</course>
        </extensions>
      </trkpt>
      <trkpt lat="48.5353742" lon="36.0513448">
        <ele>108.2</ele>
        <time>2026-04-18T13:49:31Z</time>
        <extensions>
          <speed>11.21</speed>
          <course>39.3</course>
        </extensions>
      </trkpt>
      <trkpt lat="48.5353815" lon="36.0513542">
        <ele>108.0</ele>
        <time>2026-04-18T13:49:31Z</time>
        <extensions>
          <speed>10.96</speed>
          <course>40.3</course>
        </extensions>
      </trkpt>
      <trkpt lat="48.5353888" lon="36.0513638">
        <ele>108.0</ele>
        <time>2026-04-18T13:49:31Z</time>
        <extensions>
          <speed>10.83</speed>
          <course>41.0</course>
        </extensions>
      </trkpt>
      <trkpt lat="48.5353962" lon="36.0513733">
        <ele>107.8</ele>
        <time>2026-04-18T13:49:31Z</time>
        <extensions>
          <speed>10.87</speed>
          <course>41.4</course>
        </extensions>
      </trkpt>
      <trkpt lat="48.5354035" lon="36.0513835">
        <ele>107.7</ele>
        <time>2026-04-18T13:49:31Z</time>
        <extensions>
          <speed>11.03</speed>
          <course>41.7</course>
        </extensions>
      </trkpt>
      <trkpt lat="48.5354103" lon="36.0513933">
        <ele>107.7</ele>
        <time>2026-04-18T13:49:31Z</time>
        <extensions>
          <speed>10.62</speed>
          <course>43.1</course>
        </extensions>
      </trkpt>
      <trkpt lat="48.5354173" lon="36.0514030">
        <ele>107.6</ele>
        <time>2026-04-18T13:49:31Z</time>
        <extensions>
          <speed>10.50</speed>
          <course>42.7</course>
        </extensions>
      </trkpt>
      <trkpt lat="48.5354243" lon="36.0514132">
        <ele>107.6</ele>
        <time>2026-04-18T13:49:31Z</time>
        <extensions>
          <speed>10.58</speed>
          <course>43.2</course>
        </extensions>
      </trkpt>
      <trkpt lat="48.5354312" lon="36.0514237">
        <ele>107.6</ele>
        <time>2026-04-18T13:49:32Z</time>
        <extensions>
          <speed>10.77</speed>
          <course>44.4</course>
        </extensions>
      </trkpt>
      <trkpt lat="48.5354450" lon="36.0514448">
        <ele>107.5</ele>
        <time>2026-04-18T13:49:32Z</time>
        <extensions>
          <speed>10.96</speed>
          <course>45.8</course>
        </extensions>
      </trkpt>
      <trkpt lat="48.5354520" lon="36.0514557">
        <ele>107.5</ele>
        <time>2026-04-18T13:49:32Z</time>
        <extensions>
          <speed>10.93</speed>
          <course>45.1</course>
        </extensions>
      </trkpt>
      <trkpt lat="48.5354590" lon="36.0514670">
        <ele>107.5</ele>
        <time>2026-04-18T13:49:32Z</time>
        <extensions>
          <speed>11.21</speed>
          <course>46.7</course>
        </extensions>
      </trkpt>
      <trkpt lat="48.5354662" lon="36.0514780">
        <ele>107.5</ele>
        <time>2026-04-18T13:49:32Z</time>
        <extensions>
          <speed>11.17</speed>
          <course>45.6</course>
        </extensions>
      </trkpt>
      <trkpt lat="48.5354730" lon="36.0514897">
        <ele>107.5</ele>
        <time>2026-04-18T13:49:32Z</time>
        <extensions>
          <speed>11.28</speed>
          <course>47.2</course>
        </extensions>
      </trkpt>
      <trkpt lat="48.5354800" lon="36.0515005">
        <ele>107.5</ele>
        <time>2026-04-18T13:49:32Z</time>
        <extensions>
          <speed>10.96</speed>
          <course>46.0</course>
        </extensions>
      </trkpt>
      <trkpt lat="48.5354870" lon="36.0515125">
        <ele>107.6</ele>
        <time>2026-04-18T13:49:32Z</time>
        <extensions>
          <speed>11.46</speed>
          <course>47.4</course>
        </extensions>
      </trkpt>
      <trkpt lat="48.5354937" lon="36.0515235">
        <ele>107.6</ele>
        <time>2026-04-18T13:49:32Z</time>
        <extensions>
          <speed>10.93</speed>
          <course>47.4</course>
        </extensions>
      </trkpt>
      <trkpt lat="48.5355010" lon="36.0515342">
        <ele>107.7</ele>
        <time>2026-04-18T13:49:33Z</time>
        <extensions>
          <speed>11.03</speed>
          <course>44.3</course>
        </extensions>
      </trkpt>
      <trkpt lat="48.5355143" lon="36.0515562">
        <ele>107.8</ele>
        <time>2026-04-18T13:49:33Z</time>
        <extensions>
          <speed>10.89</speed>
          <course>47.2</course>
        </extensions>
      </trkpt>
      <trkpt lat="48.5355210" lon="36.0515668">
        <ele>108.0</ele>
        <time>2026-04-18T13:49:33Z</time>
        <extensions>
          <speed>10.62</speed>
          <course>46.1</course>
        </extensions>
      </trkpt>
      <trkpt lat="48.5355277" lon="36.0515772">
        <ele>108.1</ele>
        <time>2026-04-18T13:49:33Z</time>
        <extensions>
          <speed>10.58</speed>
          <course>45.6</course>
        </extensions>
      </trkpt>
      <trkpt lat="48.5355340" lon="36.0515882">
        <ele>108.3</ele>
        <time>2026-04-18T13:49:33Z</time>
        <extensions>
          <speed>10.52</speed>
          <course>47.4</course>
        </extensions>
      </trkpt>
      <trkpt lat="48.5355402" lon="36.0515960">
        <ele>108.5</ele>
        <time>2026-04-18T13:49:33Z</time>
        <extensions>
          <speed>9.37</speed>
          <course>43.1</course>
        </extensions>
      </trkpt>
      <trkpt lat="48.5355455" lon="36.0516047">
        <ele>108.8</ele>
        <time>2026-04-18T13:49:33Z</time>
        <extensions>
          <speed>8.56</speed>
          <course>44.4</course>
        </extensions>
      </trkpt>
      <trkpt lat="48.5355520" lon="36.0516127">
        <ele>109.2</ele>
        <time>2026-04-18T13:49:33Z</time>
        <extensions>
          <speed>8.33</speed>
          <course>39.2</course>
        </extensions>
      </trkpt>
      <trkpt lat="48.5355577" lon="36.0516233">
        <ele>109.5</ele>
        <time>2026-04-18T13:49:33Z</time>
        <extensions>
          <speed>8.74</speed>
          <course>44.9</course>
        </extensions>
      </trkpt>
      <trkpt lat="48.5355643" lon="36.0516355">
        <ele>109.8</ele>
        <time>2026-04-18T13:49:34Z</time>
        <extensions>
          <speed>9.99</speed>
          <course>46.7</course>
        </extensions>
      </trkpt>
      <trkpt lat="48.5355702" lon="36.0516462">
        <ele>110.1</ele>
        <time>2026-04-18T13:49:34Z</time>
        <extensions>
          <speed>9.98</speed>
          <course>48.7</course>
        </extensions>
      </trkpt>
      <trkpt lat="48.5355757" lon="36.0516567">
        <ele>110.1</ele>
        <time>2026-04-18T13:49:34Z</time>
        <extensions>
          <speed>10.44</speed>
          <course>51.2</course>
        </extensions>
      </trkpt>
      <trkpt lat="48.5355807" lon="36.0516672">
        <ele>110.1</ele>
        <time>2026-04-18T13:49:34Z</time>
        <extensions>
          <speed>10.67</speed>
          <course>54.8</course>
        </extensions>
      </trkpt>
      <trkpt lat="48.5355868" lon="36.0516775">
        <ele>110.1</ele>
        <time>2026-04-18T13:49:34Z</time>
        <extensions>
          <speed>10.82</speed>
          <course>52.0</course>
        </extensions>
      </trkpt>
      <trkpt lat="48.5355930" lon="36.0516883">
        <ele>110.2</ele>
        <time>2026-04-18T13:49:34Z</time>
        <extensions>
          <speed>10.77</speed>
          <course>51.5</course>
        </extensions>
      </trkpt>
      <trkpt lat="48.5355990" lon="36.0516990">
        <ele>110.3</ele>
        <time>2026-04-18T13:49:34Z</time>
        <extensions>
          <speed>10.57</speed>
          <course>50.2</course>
        </extensions>
      </trkpt>
      <trkpt lat="48.5356048" lon="36.0517095">
        <ele>110.4</ele>
        <time>2026-04-18T13:49:34Z</time>
        <extensions>
          <speed>10.31</speed>
          <course>50.9</course>
        </extensions>
      </trkpt>
      <trkpt lat="48.5356112" lon="36.0517192">
        <ele>110.6</ele>
        <time>2026-04-18T13:49:34Z</time>
        <extensions>
          <speed>10.05</speed>
          <course>47.1</course>
        </extensions>
      </trkpt>
      <trkpt lat="48.5356177" lon="36.0517293">
        <ele>110.7</ele>
        <time>2026-04-18T13:49:34Z</time>
        <extensions>
          <speed>10.33</speed>
          <course>46.9</course>
        </extensions>
      </trkpt>
      <trkpt lat="48.5356242" lon="36.0517397">
        <ele>110.7</ele>
        <time>2026-04-18T13:49:35Z</time>
        <extensions>
          <speed>10.62</speed>
          <course>47.5</course>
        </extensions>
      </trkpt>
      <trkpt lat="48.5356377" lon="36.0517615">
        <ele>110.9</ele>
        <time>2026-04-18T13:49:35Z</time>
        <extensions>
          <speed>11.04</speed>
          <course>47.0</course>
        </extensions>
      </trkpt>
      <trkpt lat="48.5356443" lon="36.0517735">
        <ele>111.0</ele>
        <time>2026-04-18T13:49:35Z</time>
        <extensions>
          <speed>11.29</speed>
          <course>49.0</course>
        </extensions>
      </trkpt>
      <trkpt lat="48.5356510" lon="36.0517838">
        <ele>111.1</ele>
        <time>2026-04-18T13:49:35Z</time>
        <extensions>
          <speed>11.07</speed>
          <course>47.3</course>
        </extensions>
      </trkpt>
      <trkpt lat="48.5356578" lon="36.0517947">
        <ele>111.2</ele>
        <time>2026-04-18T13:49:35Z</time>
        <extensions>
          <speed>11.02</speed>
          <course>46.8</course>
        </extensions>
      </trkpt>
      <trkpt lat="48.5356652" lon="36.0518050">
        <ele>111.2</ele>
        <time>2026-04-18T13:49:35Z</time>
        <extensions>
          <speed>11.23</speed>
          <course>45.2</course>
        </extensions>
      </trkpt>
      <trkpt lat="48.5356718" lon="36.0518170">
        <ele>111.3</ele>
        <time>2026-04-18T13:49:35Z</time>
        <extensions>
          <speed>11.24</speed>
          <course>47.6</course>
        </extensions>
      </trkpt>
      <trkpt lat="48.5356787" lon="36.0518288">
        <ele>111.4</ele>
        <time>2026-04-18T13:49:35Z</time>
        <extensions>
          <speed>11.32</speed>
          <course>47.9</course>
        </extensions>
      </trkpt>
      <trkpt lat="48.5356855" lon="36.0518407">
        <ele>111.5</ele>
        <time>2026-04-18T13:49:35Z</time>
        <extensions>
          <speed>11.52</speed>
          <course>48.6</course>
        </extensions>
      </trkpt>
      <trkpt lat="48.5356925" lon="36.0518527">
        <ele>111.6</ele>
        <time>2026-04-18T13:49:36Z</time>
        <extensions>
          <speed>11.52</speed>
          <course>48.4</course>
        </extensions>
      </trkpt>
      <trkpt lat="48.5356995" lon="36.0518650">
        <ele>111.8</ele>
        <time>2026-04-18T13:49:36Z</time>
        <extensions>
          <speed>11.56</speed>
          <course>49.0</course>
        </extensions>
      </trkpt>
      <trkpt lat="48.5357062" lon="36.0518758">
        <ele>111.8</ele>
        <time>2026-04-18T13:49:36Z</time>
        <extensions>
          <speed>11.28</speed>
          <course>47.9</course>
        </extensions>
      </trkpt>
      <trkpt lat="48.5357128" lon="36.0518880">
        <ele>111.9</ele>
        <time>2026-04-18T13:49:36Z</time>
        <extensions>
          <speed>11.34</speed>
          <course>48.9</course>
        </extensions>
      </trkpt>
      <trkpt lat="48.5357198" lon="36.0519000">
        <ele>112.0</ele>
        <time>2026-04-18T13:49:36Z</time>
        <extensions>
          <speed>11.65</speed>
          <course>49.0</course>
        </extensions>
      </trkpt>
      <trkpt lat="48.5357265" lon="36.0519112">
        <ele>112.0</ele>
        <time>2026-04-18T13:49:36Z</time>
        <extensions>
          <speed>11.32</speed>
          <course>48.1</course>
        </extensions>
      </trkpt>
      <trkpt lat="48.5357332" lon="36.0519232">
        <ele>112.2</ele>
        <time>2026-04-18T13:49:36Z</time>
        <extensions>
          <speed>11.00</speed>
          <course>48.5</course>
        </extensions>
      </trkpt>
      <trkpt lat="48.5357400" lon="36.0519343">
        <ele>112.3</ele>
        <time>2026-04-18T13:49:36Z</time>
        <extensions>
          <speed>11.23</speed>
          <course>47.6</course>
        </extensions>
      </trkpt>
      <trkpt lat="48.5357468" lon="36.0519455">
        <ele>112.5</ele>
        <time>2026-04-18T13:49:36Z</time>
        <extensions>
          <speed>11.01</speed>
          <course>47.2</course>
        </extensions>
      </trkpt>
      <trkpt lat="48.5357538" lon="36.0519563">
        <ele>112.6</ele>
        <time>2026-04-18T13:49:36Z</time>
        <extensions>
          <speed>10.99</speed>
          <course>46.4</course>
        </extensions>
      </trkpt>
      <trkpt lat="48.5357607" lon="36.0519673">
        <ele>112.8</ele>
        <time>2026-04-18T13:49:37Z</time>
        <extensions>
          <speed>11.07</speed>
          <course>46.5</course>
        </extensions>
      </trkpt>
      <trkpt lat="48.5357677" lon="36.0519778">
        <ele>112.9</ele>
        <time>2026-04-18T13:49:37Z</time>
        <extensions>
          <speed>10.92</speed>
          <course>45.2</course>
        </extensions>
      </trkpt>
      <trkpt lat="48.5357747" lon="36.0519880">
        <ele>113.0</ele>
        <time>2026-04-18T13:49:37Z</time>
        <extensions>
          <speed>10.81</speed>
          <course>44.9</course>
        </extensions>
      </trkpt>
      <trkpt lat="48.5357818" lon="36.0519985">
        <ele>113.2</ele>
        <time>2026-04-18T13:49:37Z</time>
        <extensions>
          <speed>10.94</speed>
          <course>44.4</course>
        </extensions>
      </trkpt>
      <trkpt lat="48.5357888" lon="36.0520085">
        <ele>113.3</ele>
        <time>2026-04-18T13:49:37Z</time>
        <extensions>
          <speed>10.68</speed>
          <course>43.7</course>
        </extensions>
      </trkpt>
      <trkpt lat="48.5357960" lon="36.0520182">
        <ele>113.4</ele>
        <time>2026-04-18T13:49:37Z</time>
        <extensions>
          <speed>10.54</speed>
          <course>42.6</course>
        </extensions>
      </trkpt>
      <trkpt lat="48.5358030" lon="36.0520277">
        <ele>113.5</ele>
        <time>2026-04-18T13:49:37Z</time>
        <extensions>
          <speed>10.38</speed>
          <course>42.3</course>
        </extensions>
      </trkpt>
      <trkpt lat="48.5358102" lon="36.0520368">
        <ele>113.7</ele>
        <time>2026-04-18T13:49:37Z</time>
        <extensions>
          <speed>10.34</speed>
          <course>40.5</course>
        </extensions>
      </trkpt>
      <trkpt lat="48.5358173" lon="36.0520460">
        <ele>113.8</ele>
        <time>2026-04-18T13:49:37Z</time>
        <extensions>
          <speed>10.36</speed>
          <course>39.7</course>
        </extensions>
      </trkpt>
      <trkpt lat="48.5358247" lon="36.0520543">
        <ele>114.0</ele>
        <time>2026-04-18T13:49:37Z</time>
        <extensions>
          <speed>10.27</speed>
          <course>38.0</course>
        </extensions>
      </trkpt>
      <trkpt lat="48.5358320" lon="36.0520628">
        <ele>114.2</ele>
        <time>2026-04-18T13:49:38Z</time>
        <extensions>
          <speed>10.09</speed>
          <course>37.3</course>
        </extensions>
      </trkpt>
      <trkpt lat="48.5358395" lon="36.0520708">
        <ele>114.4</ele>
        <time>2026-04-18T13:49:38Z</time>
        <extensions>
          <speed>10.14</speed>
          <course>35.0</course>
        </extensions>
      </trkpt>
      <trkpt lat="48.5358473" lon="36.0520787">
        <ele>114.7</ele>
        <time>2026-04-18T13:49:38Z</time>
        <extensions>
          <speed>10.18</speed>
          <course>34.0</course>
        </extensions>
      </trkpt>
      <trkpt lat="48.5358547" lon="36.0520860">
        <ele>114.8</ele>
        <time>2026-04-18T13:49:38Z</time>
        <extensions>
          <speed>9.97</speed>
          <course>33.5</course>
        </extensions>
      </trkpt>
      <trkpt lat="48.5358623" lon="36.0520930">
        <ele>115.0</ele>
        <time>2026-04-18T13:49:38Z</time>
        <extensions>
          <speed>9.80</speed>
          <course>31.8</course>
        </extensions>
      </trkpt>
      <trkpt lat="48.5358700" lon="36.0520993">
        <ele>115.2</ele>
        <time>2026-04-18T13:49:38Z</time>
        <extensions>
          <speed>9.77</speed>
          <course>30.2</course>
        </extensions>
      </trkpt>
      <trkpt lat="48.5358777" lon="36.0521058">
        <ele>115.4</ele>
        <time>2026-04-18T13:49:38Z</time>
        <extensions>
          <speed>9.73</speed>
          <course>29.2</course>
        </extensions>
      </trkpt>
      <trkpt lat="48.5358853" lon="36.0521123">
        <ele>115.6</ele>
        <time>2026-04-18T13:49:38Z</time>
        <extensions>
          <speed>9.72</speed>
          <course>28.9</course>
        </extensions>
      </trkpt>
      <trkpt lat="48.5358930" lon="36.0521187">
        <ele>115.7</ele>
        <time>2026-04-18T13:49:38Z</time>
        <extensions>
          <speed>9.73</speed>
          <course>28.6</course>
        </extensions>
      </trkpt>
      <trkpt lat="48.5359008" lon="36.0521243">
        <ele>115.9</ele>
        <time>2026-04-18T13:49:38Z</time>
        <extensions>
          <speed>9.70</speed>
          <course>27.5</course>
        </extensions>
      </trkpt>
      <trkpt lat="48.5359087" lon="36.0521298">
        <ele>116.0</ele>
        <time>2026-04-18T13:49:39Z</time>
        <extensions>
          <speed>9.58</speed>
          <course>26.3</course>
        </extensions>
      </trkpt>
      <trkpt lat="48.5359165" lon="36.0521355">
        <ele>116.2</ele>
        <time>2026-04-18T13:49:39Z</time>
        <extensions>
          <speed>9.66</speed>
          <course>26.0</course>
        </extensions>
      </trkpt>
      <trkpt lat="48.5359245" lon="36.0521405">
        <ele>116.4</ele>
        <time>2026-04-18T13:49:39Z</time>
        <extensions>
          <speed>9.60</speed>
          <course>24.7</course>
        </extensions>
      </trkpt>
      <trkpt lat="48.5359323" lon="36.0521448">
        <ele>116.4</ele>
        <time>2026-04-18T13:49:39Z</time>
        <extensions>
          <speed>9.48</speed>
          <course>23.3</course>
        </extensions>
      </trkpt>
      <trkpt lat="48.5359410" lon="36.0521482">
        <ele>116.6</ele>
        <time>2026-04-18T13:49:39Z</time>
        <extensions>
          <speed>9.52</speed>
          <course>19.5</course>
        </extensions>
      </trkpt>
      <trkpt lat="48.5359495" lon="36.0521523">
        <ele>116.7</ele>
        <time>2026-04-18T13:49:39Z</time>
        <extensions>
          <speed>9.73</speed>
          <course>18.4</course>
        </extensions>
      </trkpt>
      <trkpt lat="48.5359582" lon="36.0521565">
        <ele>116.9</ele>
        <time>2026-04-18T13:49:39Z</time>
        <extensions>
          <speed>9.85</speed>
          <course>18.3</course>
        </extensions>
      </trkpt>
      <trkpt lat="48.5359668" lon="36.0521605">
        <ele>117.1</ele>
        <time>2026-04-18T13:49:39Z</time>
        <extensions>
          <speed>9.91</speed>
          <course>17.2</course>
        </extensions>
      </trkpt>
      <trkpt lat="48.5359752" lon="36.0521645">
        <ele>117.3</ele>
        <time>2026-04-18T13:49:39Z</time>
        <extensions>
          <speed>9.65</speed>
          <course>17.3</course>
        </extensions>
      </trkpt>
      <trkpt lat="48.5359833" lon="36.0521683">
        <ele>117.4</ele>
        <time>2026-04-18T13:49:39Z</time>
        <extensions>
          <speed>9.59</speed>
          <course>17.7</course>
        </extensions>
      </trkpt>
      <trkpt lat="48.5359918" lon="36.0521722">
        <ele>117.6</ele>
        <time>2026-04-18T13:49:40Z</time>
        <extensions>
          <speed>9.77</speed>
          <course>16.9</course>
        </extensions>
      </trkpt>
      <trkpt lat="48.5360000" lon="36.0521765">
        <ele>117.8</ele>
        <time>2026-04-18T13:49:40Z</time>
        <extensions>
          <speed>9.59</speed>
          <course>18.0</course>
        </extensions>
      </trkpt>
      <trkpt lat="48.5360083" lon="36.0521802">
        <ele>117.9</ele>
        <time>2026-04-18T13:49:40Z</time>
        <extensions>
          <speed>9.73</speed>
          <course>17.7</course>
        </extensions>
      </trkpt>
      <trkpt lat="48.5360170" lon="36.0521847">
        <ele>118.0</ele>
        <time>2026-04-18T13:49:40Z</time>
        <extensions>
          <speed>10.07</speed>
          <course>19.7</course>
        </extensions>
      </trkpt>
      <trkpt lat="48.5360252" lon="36.0521892">
        <ele>118.1</ele>
        <time>2026-04-18T13:49:40Z</time>
        <extensions>
          <speed>9.90</speed>
          <course>20.6</course>
        </extensions>
      </trkpt>
      <trkpt lat="48.5360337" lon="36.0521932">
        <ele>118.1</ele>
        <time>2026-04-18T13:49:40Z</time>
        <extensions>
          <speed>10.09</speed>
          <course>19.6</course>
        </extensions>
      </trkpt>
      <trkpt lat="48.5360415" lon="36.0521970">
        <ele>118.1</ele>
        <time>2026-04-18T13:49:40Z</time>
        <extensions>
          <speed>9.73</speed>
          <course>19.4</course>
        </extensions>
      </trkpt>
      <trkpt lat="48.5360502" lon="36.0522020">
        <ele>118.2</ele>
        <time>2026-04-18T13:49:40Z</time>
        <extensions>
          <speed>10.20</speed>
          <course>21.1</course>
        </extensions>
      </trkpt>
      <trkpt lat="48.5360582" lon="36.0522065">
        <ele>118.1</ele>
        <time>2026-04-18T13:49:40Z</time>
        <extensions>
          <speed>10.01</speed>
          <course>21.1</course>
        </extensions>
      </trkpt>
      <trkpt lat="48.5360662" lon="36.0522112">
        <ele>118.2</ele>
        <time>2026-04-18T13:49:40Z</time>
        <extensions>
          <speed>9.88</speed>
          <course>21.6</course>
        </extensions>
      </trkpt>
      <trkpt lat="48.5360740" lon="36.0522167">
        <ele>118.2</ele>
        <time>2026-04-18T13:49:41Z</time>
        <extensions>
          <speed>9.84</speed>
          <course>24.0</course>
        </extensions>
      </trkpt>
      <trkpt lat="48.5360818" lon="36.0522217">
        <ele>118.2</ele>
        <time>2026-04-18T13:49:41Z</time>
        <extensions>
          <speed>9.74</speed>
          <course>24.0</course>
        </extensions>
      </trkpt>
      <trkpt lat="48.5360893" lon="36.0522273">
        <ele>118.2</ele>
        <time>2026-04-18T13:49:41Z</time>
        <extensions>
          <speed>9.66</speed>
          <course>25.8</course>
        </extensions>
      </trkpt>
      <trkpt lat="48.5360967" lon="36.0522330">
        <ele>118.3</ele>
        <time>2026-04-18T13:49:41Z</time>
        <extensions>
          <speed>9.51</speed>
          <course>27.1</course>
        </extensions>
      </trkpt>
      <trkpt lat="48.5361035" lon="36.0522382">
        <ele>118.4</ele>
        <time>2026-04-18T13:49:41Z</time>
        <extensions>
          <speed>8.93</speed>
          <course>26.9</course>
        </extensions>
      </trkpt>
      <trkpt lat="48.5361103" lon="36.0522442">
        <ele>118.5</ele>
        <time>2026-04-18T13:49:41Z</time>
        <extensions>
          <speed>8.85</speed>
          <course>28.3</course>
        </extensions>
      </trkpt>
      <trkpt lat="48.5361170" lon="36.0522500">
        <ele>118.4</ele>
        <time>2026-04-18T13:49:41Z</time>
        <extensions>
          <speed>8.92</speed>
          <course>30.3</course>
        </extensions>
      </trkpt>
      <trkpt lat="48.5361235" lon="36.0522557">
        <ele>118.3</ele>
        <time>2026-04-18T13:49:41Z</time>
        <extensions>
          <speed>8.83</speed>
          <course>31.1</course>
        </extensions>
      </trkpt>
      <trkpt lat="48.5361290" lon="36.0522587">
        <ele>118.1</ele>
        <time>2026-04-18T13:49:41Z</time>
        <extensions>
          <speed>7.94</speed>
          <course>30.5</course>
        </extensions>
      </trkpt>
      <trkpt lat="48.5361347" lon="36.0522640">
        <ele>118.1</ele>
        <time>2026-04-18T13:49:41Z</time>
        <extensions>
          <speed>7.83</speed>
          <course>31.7</course>
        </extensions>
      </trkpt>
      <trkpt lat="48.5361405" lon="36.0522703">
        <ele>118.1</ele>
        <time>2026-04-18T13:49:42Z</time>
        <extensions>
          <speed>7.93</speed>
          <course>33.2</course>
        </extensions>
      </trkpt>
      <trkpt lat="48.5361458" lon="36.0522768">
        <ele>118.2</ele>
        <time>2026-04-18T13:49:42Z</time>
        <extensions>
          <speed>7.70</speed>
          <course>35.5</course>
        </extensions>
      </trkpt>
      <trkpt lat="48.5361508" lon="36.0522825">
        <ele>118.1</ele>
        <time>2026-04-18T13:49:42Z</time>
        <extensions>
          <speed>7.49</speed>
          <course>37.5</course>
        </extensions>
      </trkpt>
      <trkpt lat="48.5361552" lon="36.0522893">
        <ele>118.2</ele>
        <time>2026-04-18T13:49:42Z</time>
        <extensions>
          <speed>7.24</speed>
          <course>41.6</course>
        </extensions>
      </trkpt>
      <trkpt lat="48.5361593" lon="36.0522958">
        <ele>118.2</ele>
        <time>2026-04-18T13:49:42Z</time>
        <extensions>
          <speed>7.02</speed>
          <course>44.4</course>
        </extensions>
      </trkpt>
      <trkpt lat="48.5361633" lon="36.0523025">
        <ele>118.1</ele>
        <time>2026-04-18T13:49:42Z</time>
        <extensions>
          <speed>6.92</speed>
          <course>46.9</course>
        </extensions>
      </trkpt>
      <trkpt lat="48.5361670" lon="36.0523095">
        <ele>118.2</ele>
        <time>2026-04-18T13:49:42Z</time>
        <extensions>
          <speed>6.73</speed>
          <course>50.0</course>
        </extensions>
      </trkpt>
      <trkpt lat="48.5361703" lon="36.0523165">
        <ele>118.2</ele>
        <time>2026-04-18T13:49:42Z</time>
        <extensions>
          <speed>6.35</speed>
          <course>51.9</course>
        </extensions>
      </trkpt>
      <trkpt lat="48.5361732" lon="36.0523237">
        <ele>118.2</ele>
        <time>2026-04-18T13:49:42Z</time>
        <extensions>
          <speed>6.37</speed>
          <course>55.9</course>
        </extensions>
      </trkpt>
      <trkpt lat="48.5361762" lon="36.0523312">
        <ele>118.3</ele>
        <time>2026-04-18T13:49:42Z</time>
        <extensions>
          <speed>6.31</speed>
          <course>57.3</course>
        </extensions>
      </trkpt>
      <trkpt lat="48.5361788" lon="36.0523388">
        <ele>118.3</ele>
        <time>2026-04-18T13:49:43Z</time>
        <extensions>
          <speed>6.38</speed>
          <course>60.1</course>
        </extensions>
      </trkpt>
      <trkpt lat="48.5361812" lon="36.0523470">
        <ele>118.3</ele>
        <time>2026-04-18T13:49:43Z</time>
        <extensions>
          <speed>6.50</speed>
          <course>64.1</course>
        </extensions>
      </trkpt>
      <trkpt lat="48.5361830" lon="36.0523550">
        <ele>118.2</ele>
        <time>2026-04-18T13:49:43Z</time>
        <extensions>
          <speed>6.49</speed>
          <course>67.8</course>
        </extensions>
      </trkpt>
      <trkpt lat="48.5361850" lon="36.0523638">
        <ele>118.2</ele>
        <time>2026-04-18T13:49:43Z</time>
        <extensions>
          <speed>6.84</speed>
          <course>70.2</course>
        </extensions>
      </trkpt>
      <trkpt lat="48.5361870" lon="36.0523728">
        <ele>118.3</ele>
        <time>2026-04-18T13:49:43Z</time>
        <extensions>
          <speed>6.66</speed>
          <course>72.3</course>
        </extensions>
      </trkpt>
      <trkpt lat="48.5361883" lon="36.0523817">
        <ele>118.3</ele>
        <time>2026-04-18T13:49:43Z</time>
        <extensions>
          <speed>6.72</speed>
          <course>75.0</course>
        </extensions>
      </trkpt>
      <trkpt lat="48.5361893" lon="36.0523912">
        <ele>118.4</ele>
        <time>2026-04-18T13:49:43Z</time>
        <extensions>
          <speed>6.83</speed>
          <course>79.5</course>
        </extensions>
      </trkpt>
      <trkpt lat="48.5361900" lon="36.0524007">
        <ele>118.3</ele>
        <time>2026-04-18T13:49:43Z</time>
        <extensions>
          <speed>7.12</speed>
          <course>81.8</course>
        </extensions>
      </trkpt>
      <trkpt lat="48.5361903" lon="36.0524202">
        <ele>118.3</ele>
        <time>2026-04-18T13:49:43Z</time>
        <extensions>
          <speed>7.16</speed>
          <course>88.4</course>
        </extensions>
      </trkpt>
      <trkpt lat="48.5361900" lon="36.0524303">
        <ele>118.3</ele>
        <time>2026-04-18T13:49:44Z</time>
        <extensions>
          <speed>7.35</speed>
          <course>90.9</course>
        </extensions>
      </trkpt>
      <trkpt lat="48.5361893" lon="36.0524407">
        <ele>118.3</ele>
        <time>2026-04-18T13:49:44Z</time>
        <extensions>
          <speed>7.50</speed>
          <course>93.7</course>
        </extensions>
      </trkpt>
      <trkpt lat="48.5361885" lon="36.0524508">
        <ele>118.4</ele>
        <time>2026-04-18T13:49:44Z</time>
        <extensions>
          <speed>7.49</speed>
          <course>96.6</course>
        </extensions>
      </trkpt>
      <trkpt lat="48.5361868" lon="36.0524618">
        <ele>118.4</ele>
        <time>2026-04-18T13:49:44Z</time>
        <extensions>
          <speed>7.84</speed>
          <course>100.1</course>
        </extensions>
      </trkpt>
      <trkpt lat="48.5361852" lon="36.0524727">
        <ele>118.3</ele>
        <time>2026-04-18T13:49:44Z</time>
        <extensions>
          <speed>8.04</speed>
          <course>102.2</course>
        </extensions>
      </trkpt>
      <trkpt lat="48.5361832" lon="36.0524838">
        <ele>118.3</ele>
        <time>2026-04-18T13:49:44Z</time>
        <extensions>
          <speed>8.29</speed>
          <course>104.9</course>
        </extensions>
      </trkpt>
      <trkpt lat="48.5361808" lon="36.0524950">
        <ele>118.4</ele>
        <time>2026-04-18T13:49:44Z</time>
        <extensions>
          <speed>8.40</speed>
          <course>107.0</course>
        </extensions>
      </trkpt>
      <trkpt lat="48.5361783" lon="36.0525062">
        <ele>118.4</ele>
        <time>2026-04-18T13:49:44Z</time>
        <extensions>
          <speed>8.56</speed>
          <course>108.9</course>
        </extensions>
      </trkpt>
      <trkpt lat="48.5361755" lon="36.0525172">
        <ele>118.5</ele>
        <time>2026-04-18T13:49:44Z</time>
        <extensions>
          <speed>8.54</speed>
          <course>111.5</course>
        </extensions>
      </trkpt>
      <trkpt lat="48.5361723" lon="36.0525278">
        <ele>118.5</ele>
        <time>2026-04-18T13:49:44Z</time>
        <extensions>
          <speed>8.66</speed>
          <course>113.3</course>
        </extensions>
      </trkpt>
      <trkpt lat="48.5361687" lon="36.0525392">
        <ele>118.4</ele>
        <time>2026-04-18T13:49:45Z</time>
        <extensions>
          <speed>8.97</speed>
          <course>114.7</course>
        </extensions>
      </trkpt>
      <trkpt lat="48.5361648" lon="36.0525507">
        <ele>118.4</ele>
        <time>2026-04-18T13:49:45Z</time>
        <extensions>
          <speed>9.27</speed>
          <course>115.9</course>
        </extensions>
      </trkpt>
      <trkpt lat="48.5361608" lon="36.0525617">
        <ele>118.4</ele>
        <time>2026-04-18T13:49:45Z</time>
        <extensions>
          <speed>9.37</speed>
          <course>117.5</course>
        </extensions>
      </trkpt>
      <trkpt lat="48.5361567" lon="36.0525730">
        <ele>118.4</ele>
        <time>2026-04-18T13:49:45Z</time>
        <extensions>
          <speed>9.59</speed>
          <course>118.4</course>
        </extensions>
      </trkpt>
      <trkpt lat="48.5361520" lon="36.0525843">
        <ele>118.3</ele>
        <time>2026-04-18T13:49:45Z</time>
        <extensions>
          <speed>9.81</speed>
          <course>120.0</course>
        </extensions>
      </trkpt>
      <trkpt lat="48.5361473" lon="36.0525958">
        <ele>118.3</ele>
        <time>2026-04-18T13:49:45Z</time>
        <extensions>
          <speed>9.91</speed>
          <course>121.4</course>
        </extensions>
      </trkpt>
      <trkpt lat="48.5361422" lon="36.0526080">
        <ele>118.4</ele>
        <time>2026-04-18T13:49:45Z</time>
        <extensions>
          <speed>10.24</speed>
          <course>122.0</course>
        </extensions>
      </trkpt>
      <trkpt lat="48.5361373" lon="36.0526197">
        <ele>118.3</ele>
        <time>2026-04-18T13:49:45Z</time>
        <extensions>
          <speed>10.27</speed>
          <course>122.2</course>
        </extensions>
      </trkpt>
      <trkpt lat="48.5361320" lon="36.0526313">
        <ele>118.3</ele>
        <time>2026-04-18T13:49:45Z</time>
        <extensions>
          <speed>10.41</speed>
          <course>123.5</course>
        </extensions>
      </trkpt>
      <trkpt lat="48.5361270" lon="36.0526432">
        <ele>118.3</ele>
        <time>2026-04-18T13:49:45Z</time>
        <extensions>
          <speed>10.42</speed>
          <course>123.4</course>
        </extensions>
      </trkpt>
      <trkpt lat="48.5361220" lon="36.0526543">
        <ele>118.3</ele>
        <time>2026-04-18T13:49:46Z</time>
        <extensions>
          <speed>10.19</speed>
          <course>123.7</course>
        </extensions>
      </trkpt>
      <trkpt lat="48.5361118" lon="36.0526763">
        <ele>118.3</ele>
        <time>2026-04-18T13:49:46Z</time>
        <extensions>
          <speed>9.84</speed>
          <course>125.2</course>
        </extensions>
      </trkpt>
      <trkpt lat="48.5361068" lon="36.0526873">
        <ele>118.3</ele>
        <time>2026-04-18T13:49:46Z</time>
        <extensions>
          <speed>9.81</speed>
          <course>125.2</course>
        </extensions>
      </trkpt>
      <trkpt lat="48.5361018" lon="36.0526980">
        <ele>118.4</ele>
        <time>2026-04-18T13:49:46Z</time>
        <extensions>
          <speed>9.68</speed>
          <course>125.5</course>
        </extensions>
      </trkpt>
      <trkpt lat="48.5360972" lon="36.0527078">
        <ele>118.4</ele>
        <time>2026-04-18T13:49:46Z</time>
        <extensions>
          <speed>9.27</speed>
          <course>125.3</course>
        </extensions>
      </trkpt>
      <trkpt lat="48.5360923" lon="36.0527182">
        <ele>118.4</ele>
        <time>2026-04-18T13:49:46Z</time>
        <extensions>
          <speed>9.43</speed>
          <course>125.5</course>
        </extensions>
      </trkpt>
      <trkpt lat="48.5360875" lon="36.0527278">
        <ele>118.4</ele>
        <time>2026-04-18T13:49:46Z</time>
        <extensions>
          <speed>9.11</speed>
          <course>126.2</course>
        </extensions>
      </trkpt>
      <trkpt lat="48.5360828" lon="36.0527370">
        <ele>118.4</ele>
        <time>2026-04-18T13:49:46Z</time>
        <extensions>
          <speed>8.76</speed>
          <course>127.2</course>
        </extensions>
      </trkpt>
      <trkpt lat="48.5360783" lon="36.0527462">
        <ele>118.4</ele>
        <time>2026-04-18T13:49:46Z</time>
        <extensions>
          <speed>8.58</speed>
          <course>126.8</course>
        </extensions>
      </trkpt>
      <trkpt lat="48.5360733" lon="36.0527557">
        <ele>118.4</ele>
        <time>2026-04-18T13:49:47Z</time>
        <extensions>
          <speed>8.87</speed>
          <course>127.7</course>
        </extensions>
      </trkpt>
      <trkpt lat="48.5360687" lon="36.0527638">
        <ele>118.5</ele>
        <time>2026-04-18T13:49:47Z</time>
        <extensions>
          <speed>8.39</speed>
          <course>128.7</course>
        </extensions>
      </trkpt>
      <trkpt lat="48.5360642" lon="36.0527727">
        <ele>118.4</ele>
        <time>2026-04-18T13:49:47Z</time>
        <extensions>
          <speed>8.19</speed>
          <course>127.7</course>
        </extensions>
      </trkpt>
      <trkpt lat="48.5360598" lon="36.0527810">
        <ele>118.4</ele>
        <time>2026-04-18T13:49:47Z</time>
        <extensions>
          <speed>8.04</speed>
          <course>128.0</course>
        </extensions>
      </trkpt>
      <trkpt lat="48.5360553" lon="36.0527887">
        <ele>118.4</ele>
        <time>2026-04-18T13:49:47Z</time>
        <extensions>
          <speed>7.77</speed>
          <course>129.4</course>
        </extensions>
      </trkpt>
      <trkpt lat="48.5360508" lon="36.0527963">
        <ele>118.4</ele>
        <time>2026-04-18T13:49:47Z</time>
        <extensions>
          <speed>7.65</speed>
          <course>130.2</course>
        </extensions>
      </trkpt>
      <trkpt lat="48.5360468" lon="36.0528033">
        <ele>118.4</ele>
        <time>2026-04-18T13:49:47Z</time>
        <extensions>
          <speed>7.32</speed>
          <course>130.7</course>
        </extensions>
      </trkpt>
      <trkpt lat="48.5360427" lon="36.0528100">
        <ele>118.4</ele>
        <time>2026-04-18T13:49:47Z</time>
        <extensions>
          <speed>7.08</speed>
          <course>131.5</course>
        </extensions>
      </trkpt>
      <trkpt lat="48.5360383" lon="36.0528168">
        <ele>118.5</ele>
        <time>2026-04-18T13:49:47Z</time>
        <extensions>
          <speed>6.98</speed>
          <course>132.6</course>
        </extensions>
      </trkpt>
      <trkpt lat="48.5360342" lon="36.0528230">
        <ele>118.5</ele>
        <time>2026-04-18T13:49:47Z</time>
        <extensions>
          <speed>6.58</speed>
          <course>133.7</course>
        </extensions>
      </trkpt>
      <trkpt lat="48.5360302" lon="36.0528287">
        <ele>118.5</ele>
        <time>2026-04-18T13:49:48Z</time>
        <extensions>
          <speed>6.39</speed>
          <course>134.8</course>
        </extensions>
      </trkpt>
      <trkpt lat="48.5360260" lon="36.0528338">
        <ele>118.5</ele>
        <time>2026-04-18T13:49:48Z</time>
        <extensions>
          <speed>6.27</speed>
          <course>136.7</course>
        </extensions>
      </trkpt>
      <trkpt lat="48.5360222" lon="36.0528393">
        <ele>118.5</ele>
        <time>2026-04-18T13:49:48Z</time>
        <extensions>
          <speed>6.08</speed>
          <course>137.2</course>
        </extensions>
      </trkpt>
      <trkpt lat="48.5360183" lon="36.0528443">
        <ele>118.5</ele>
        <time>2026-04-18T13:49:48Z</time>
        <extensions>
          <speed>5.93</speed>
          <course>137.8</course>
        </extensions>
      </trkpt>
      <trkpt lat="48.5360142" lon="36.0528488">
        <ele>118.5</ele>
        <time>2026-04-18T13:49:48Z</time>
        <extensions>
          <speed>5.85</speed>
          <course>139.8</course>
        </extensions>
      </trkpt>
      <trkpt lat="48.5360102" lon="36.0528538">
        <ele>118.6</ele>
        <time>2026-04-18T13:49:48Z</time>
        <extensions>
          <speed>5.70</speed>
          <course>141.1</course>
        </extensions>
      </trkpt>
      <trkpt lat="48.5360062" lon="36.0528570">
        <ele>118.5</ele>
        <time>2026-04-18T13:49:48Z</time>
        <extensions>
          <speed>5.49</speed>
          <course>143.4</course>
        </extensions>
      </trkpt>
      <trkpt lat="48.5360027" lon="36.0528613">
        <ele>118.6</ele>
        <time>2026-04-18T13:49:48Z</time>
        <extensions>
          <speed>5.28</speed>
          <course>143.8</course>
        </extensions>
      </trkpt>
      <trkpt lat="48.5359987" lon="36.0528648">
        <ele>118.6</ele>
        <time>2026-04-18T13:49:48Z</time>
        <extensions>
          <speed>5.21</speed>
          <course>145.8</course>
        </extensions>
      </trkpt>
      <trkpt lat="48.5359950" lon="36.0528685">
        <ele>118.6</ele>
        <time>2026-04-18T13:49:48Z</time>
        <extensions>
          <speed>5.05</speed>
          <course>146.4</course>
        </extensions>
      </trkpt>
      <trkpt lat="48.5359913" lon="36.0528717">
        <ele>118.6</ele>
        <time>2026-04-18T13:49:49Z</time>
        <extensions>
          <speed>4.86</speed>
          <course>147.6</course>
        </extensions>
      </trkpt>
      <trkpt lat="48.5359875" lon="36.0528747">
        <ele>118.6</ele>
        <time>2026-04-18T13:49:49Z</time>
        <extensions>
          <speed>4.91</speed>
          <course>149.0</course>
        </extensions>
      </trkpt>
      <trkpt lat="48.5359837" lon="36.0528775">
        <ele>118.6</ele>
        <time>2026-04-18T13:49:49Z</time>
        <extensions>
          <speed>4.80</speed>
          <course>150.2</course>
        </extensions>
      </trkpt>
      <trkpt lat="48.5359803" lon="36.0528783">
        <ele>118.7</ele>
        <time>2026-04-18T13:49:49Z</time>
        <extensions>
          <speed>4.29</speed>
          <course>153.8</course>
        </extensions>
      </trkpt>
      <trkpt lat="48.5359763" lon="36.0528803">
        <ele>118.7</ele>
        <time>2026-04-18T13:49:49Z</time>
        <extensions>
          <speed>4.52</speed>
          <course>156.8</course>
        </extensions>
      </trkpt>
      <trkpt lat="48.5359725" lon="36.0528820">
        <ele>118.7</ele>
        <time>2026-04-18T13:49:49Z</time>
        <extensions>
          <speed>4.53</speed>
          <course>158.7</course>
        </extensions>
      </trkpt>
      <trkpt lat="48.5359688" lon="36.0528837">
        <ele>118.7</ele>
        <time>2026-04-18T13:49:49Z</time>
        <extensions>
          <speed>4.48</speed>
          <course>159.9</course>
        </extensions>
      </trkpt>
      <trkpt lat="48.5359652" lon="36.0528847">
        <ele>118.7</ele>
        <time>2026-04-18T13:49:49Z</time>
        <extensions>
          <speed>4.32</speed>
          <course>161.4</course>
        </extensions>
      </trkpt>
      <trkpt lat="48.5359618" lon="36.0528857">
        <ele>118.7</ele>
        <time>2026-04-18T13:49:49Z</time>
        <extensions>
          <speed>4.10</speed>
          <course>162.9</course>
        </extensions>
      </trkpt>
      <trkpt lat="48.5359587" lon="36.0528858">
        <ele>118.7</ele>
        <time>2026-04-18T13:49:49Z</time>
        <extensions>
          <speed>3.97</speed>
          <course>165.3</course>
        </extensions>
      </trkpt>
      <trkpt lat="48.5359552" lon="36.0528848">
        <ele>118.6</ele>
        <time>2026-04-18T13:49:50Z</time>
        <extensions>
          <speed>3.91</speed>
          <course>169.0</course>
        </extensions>
      </trkpt>
      <trkpt lat="48.5359515" lon="36.0528840">
        <ele>118.6</ele>
        <time>2026-04-18T13:49:50Z</time>
        <extensions>
          <speed>3.96</speed>
          <course>173.3</course>
        </extensions>
      </trkpt>
      <trkpt lat="48.5359480" lon="36.0528825">
        <ele>118.6</ele>
        <time>2026-04-18T13:49:50Z</time>
        <extensions>
          <speed>3.89</speed>
          <course>178.1</course>
        </extensions>
      </trkpt>
      <trkpt lat="48.5359450" lon="36.0528815">
        <ele>118.5</ele>
        <time>2026-04-18T13:49:50Z</time>
        <extensions>
          <speed>3.80</speed>
          <course>181.0</course>
        </extensions>
      </trkpt>
      <trkpt lat="48.5359422" lon="36.0528800">
        <ele>118.4</ele>
        <time>2026-04-18T13:49:50Z</time>
        <extensions>
          <speed>3.58</speed>
          <course>184.3</course>
        </extensions>
      </trkpt>
      <trkpt lat="48.5359393" lon="36.0528785">
        <ele>118.4</ele>
        <time>2026-04-18T13:49:50Z</time>
        <extensions>
          <speed>3.58</speed>
          <course>186.7</course>
        </extensions>
      </trkpt>
      <trkpt lat="48.5359365" lon="36.0528758">
        <ele>118.3</ele>
        <time>2026-04-18T13:49:50Z</time>
        <extensions>
          <speed>3.53</speed>
          <course>191.2</course>
        </extensions>
      </trkpt>
      <trkpt lat="48.5359350" lon="36.0528743">
        <ele>118.3</ele>
        <time>2026-04-18T13:49:50Z</time>
        <extensions>
          <speed>3.05</speed>
          <course>194.2</course>
        </extensions>
      </trkpt>
      <trkpt lat="48.5359328" lon="36.0528713">
        <ele>118.2</ele>
        <time>2026-04-18T13:49:50Z</time>
        <extensions>
          <speed>3.03</speed>
          <course>200.0</course>
        </extensions>
      </trkpt>
      <trkpt lat="48.5359318" lon="36.0528687">
        <ele>118.2</ele>
        <time>2026-04-18T13:49:50Z</time>
        <extensions>
          <speed>2.72</speed>
          <course>206.7</course>
        </extensions>
      </trkpt>
      <trkpt lat="48.5359300" lon="36.0528657">
        <ele>118.2</ele>
        <time>2026-04-18T13:49:51Z</time>
        <extensions>
          <speed>2.82</speed>
          <course>213.0</course>
        </extensions>
      </trkpt>
      <trkpt lat="48.5359262" lon="36.0528603">
        <ele>118.2</ele>
        <time>2026-04-18T13:49:51Z</time>
        <extensions>
          <speed>2.87</speed>
          <course>217.2</course>
        </extensions>
      </trkpt>
      <trkpt lat="48.5359248" lon="36.0528568">
        <ele>118.2</ele>
        <time>2026-04-18T13:49:51Z</time>
        <extensions>
          <speed>2.83</speed>
          <course>223.1</course>
        </extensions>
      </trkpt>
      <trkpt lat="48.5359237" lon="36.0528527">
        <ele>118.2</ele>
        <time>2026-04-18T13:49:51Z</time>
        <extensions>
          <speed>2.92</speed>
          <course>229.5</course>
        </extensions>
      </trkpt>
      <trkpt lat="48.5359228" lon="36.0528480">
        <ele>118.1</ele>
        <time>2026-04-18T13:49:51Z</time>
        <extensions>
          <speed>3.03</speed>
          <course>234.9</course>
        </extensions>
      </trkpt>
      <trkpt lat="48.5359217" lon="36.0528435">
        <ele>118.1</ele>
        <time>2026-04-18T13:49:51Z</time>
        <extensions>
          <speed>3.14</speed>
          <course>238.9</course>
        </extensions>
      </trkpt>
      <trkpt lat="48.5359215" lon="36.0528387">
        <ele>118.1</ele>
        <time>2026-04-18T13:49:51Z</time>
        <extensions>
          <speed>3.21</speed>
          <course>243.5</course>
        </extensions>
      </trkpt>
      <trkpt lat="48.5359198" lon="36.0528333">
        <ele>118.0</ele>
        <time>2026-04-18T13:49:51Z</time>
        <extensions>
          <speed>3.43</speed>
          <course>246.6</course>
        </extensions>
      </trkpt>
      <trkpt lat="48.5359180" lon="36.0528250">
        <ele>117.9</ele>
        <time>2026-04-18T13:49:51Z</time>
        <extensions>
          <speed>3.99</speed>
          <course>251.2</course>
        </extensions>
      </trkpt>
      <trkpt lat="48.5359175" lon="36.0528175">
        <ele>117.8</ele>
        <time>2026-04-18T13:49:52Z</time>
        <extensions>
          <speed>4.35</speed>
          <course>256.1</course>
        </extensions>
      </trkpt>
      <trkpt lat="48.5359162" lon="36.0528108">
        <ele>117.7</ele>
        <time>2026-04-18T13:49:52Z</time>
        <extensions>
          <speed>4.44</speed>
          <course>257.7</course>
        </extensions>
      </trkpt>
      <trkpt lat="48.5359147" lon="36.0528052">
        <ele>117.7</ele>
        <time>2026-04-18T13:49:52Z</time>
        <extensions>
          <speed>4.43</speed>
          <course>257.4</course>
        </extensions>
      </trkpt>
      <trkpt lat="48.5359135" lon="36.0527992">
        <ele>117.7</ele>
        <time>2026-04-18T13:49:52Z</time>
        <extensions>
          <speed>4.45</speed>
          <course>257.1</course>
        </extensions>
      </trkpt>
      <trkpt lat="48.5359128" lon="36.0527942">
        <ele>117.6</ele>
        <time>2026-04-18T13:49:52Z</time>
        <extensions>
          <speed>4.36</speed>
          <course>257.1</course>
        </extensions>
      </trkpt>
      <trkpt lat="48.5359137" lon="36.0527912">
        <ele>117.7</ele>
        <time>2026-04-18T13:49:52Z</time>
        <extensions>
          <speed>4.02</speed>
          <course>258.2</course>
        </extensions>
      </trkpt>
      <trkpt lat="48.5359143" lon="36.0527878">
        <ele>117.8</ele>
        <time>2026-04-18T13:49:52Z</time>
        <extensions>
          <speed>3.81</speed>
          <course>259.4</course>
        </extensions>
      </trkpt>
      <trkpt lat="48.5359225" lon="36.0527892">
        <ele>118.3</ele>
        <time>2026-04-18T13:49:52Z</time>
        <extensions>
          <speed>2.76</speed>
          <course>273.5</course>
        </extensions>
      </trkpt>
      <trkpt lat="48.5359237" lon="36.0527870">
        <ele>118.4</ele>
        <time>2026-04-18T13:49:52Z</time>
        <extensions>
          <speed>2.56</speed>
          <course>279.6</course>
        </extensions>
      </trkpt>
      <trkpt lat="48.5359245" lon="36.0527853">
        <ele>118.5</ele>
        <time>2026-04-18T13:49:53Z</time>
        <extensions>
          <speed>2.25</speed>
          <course>284.1</course>
        </extensions>
      </trkpt>
      <trkpt lat="48.5359258" lon="36.0527833">
        <ele>118.5</ele>
        <time>2026-04-18T13:49:53Z</time>
        <extensions>
          <speed>2.02</speed>
          <course>289.1</course>
        </extensions>
      </trkpt>
      <trkpt lat="48.5359270" lon="36.0527813">
        <ele>118.4</ele>
        <time>2026-04-18T13:49:53Z</time>
        <extensions>
          <speed>1.87</speed>
          <course>293.1</course>
        </extensions>
      </trkpt>
      <trkpt lat="48.5359280" lon="36.0527800">
        <ele>118.4</ele>
        <time>2026-04-18T13:49:53Z</time>
        <extensions>
          <speed>1.64</speed>
          <course>297.3</course>
        </extensions>
      </trkpt>
      <trkpt lat="48.5359287" lon="36.0527787">
        <ele>118.4</ele>
        <time>2026-04-18T13:49:53Z</time>
        <extensions>
          <speed>1.52</speed>
          <course>300.8</course>
        </extensions>
      </trkpt>
      <trkpt lat="48.5359292" lon="36.0527767">
        <ele>118.6</ele>
        <time>2026-04-18T13:49:53Z</time>
        <extensions>
          <speed>1.06</speed>
          <course>304.3</course>
        </extensions>
      </trkpt>
      <trkpt lat="48.5359297" lon="36.0527763">
        <ele>118.6</ele>
        <time>2026-04-18T13:49:53Z</time>
        <extensions>
          <speed>0.82</speed>
          <course>307.6</course>
        </extensions>
      </trkpt>
      <trkpt lat="48.5359293" lon="36.0527758">
        <ele>118.7</ele>
        <time>2026-04-18T13:49:53Z</time>
        <extensions>
          <speed>0.35</speed>
        </extensions>
      </trkpt>
      <trkpt lat="48.5359292" lon="36.0527760">
        <ele>118.8</ele>
        <time>2026-04-18T13:49:54Z</time>
        <extensions>
          <speed>0.25</speed>
        </extensions>
      </trkpt>
      <trkpt lat="48.5359290" lon="36.0527765">
        <ele>118.7</ele>
        <time>2026-04-18T13:49:54Z</time>
        <extensions>
          <speed>0.08</speed>
        </extensions>
      </trkpt>
      <trkpt lat="48.5359287" lon="36.0527778">
        <ele>118.6</ele>
        <time>2026-04-18T13:49:54Z</time>
        <extensions>
          <speed>0.30</speed>
        </extensions>
      </trkpt>
      <trkpt lat="48.5359292" lon="36.0527777">
        <ele>118.6</ele>
        <time>2026-04-18T13:49:54Z</time>
        <extensions>
          <speed>0.11</speed>
        </extensions>
      </trkpt>
      <trkpt lat="48.5359287" lon="36.0527778">
        <ele>118.6</ele>
        <time>2026-04-18T13:49:54Z</time>
        <extensions>
          <speed>0.18</speed>
        </extensions>
      </trkpt>
      <trkpt lat="48.5359288" lon="36.0527783">
        <ele>118.6</ele>
        <time>2026-04-18T13:49:54Z</time>
        <extensions>
          <speed>0.06</speed>
        </extensions>
      </trkpt>
      <trkpt lat="48.5359290" lon="36.0527787">
        <ele>118.5</ele>
        <time>2026-04-18T13:49:54Z</time>
        <extensions>
          <speed>0.11</speed>
        </extensions>
      </trkpt>
      <trkpt lat="48.5359293" lon="36.0527797">
        <ele>118.5</ele>
        <time>2026-04-18T13:49:54Z</time>
        <extensions>
          <speed>0.12</speed>
        </extensions>
      </trkpt>
      <trkpt lat="48.5359293" lon="36.0527797">
        <ele>118.5</ele>
        <time>2026-04-18T13:49:55Z</time>
        <extensions>
          <speed>0.10</speed>
        </extensions>
      </trkpt>
      <trkpt lat="48.5359292" lon="36.0527800">
        <ele>118.5</ele>
        <time>2026-04-18T13:49:55Z</time>
        <extensions>
          <speed>0.15</speed>
        </extensions>
      </trkpt>
      <trkpt lat="48.5359293" lon="36.0527802">
        <ele>118.4</ele>
        <time>2026-04-18T13:49:55Z</time>
        <extensions>
          <speed>0.05</speed>
        </extensions>
      </trkpt>
      <trkpt lat="48.5359290" lon="36.0527807">
        <ele>118.4</ele>
        <time>2026-04-18T13:49:55Z</time>
        <extensions>
          <speed>0.09</speed>
        </extensions>
      </trkpt>
      <trkpt lat="48.5359288" lon="36.0527810">
        <ele>118.5</ele>
        <time>2026-04-18T13:49:55Z</time>
        <extensions>
          <speed>0.03</speed>
        </extensions>
      </trkpt>
      <trkpt lat="48.5359290" lon="36.0527810">
        <ele>118.4</ele>
        <time>2026-04-18T13:49:55Z</time>
        <extensions>
          <speed>0.07</speed>
        </extensions>
      </trkpt>
      <trkpt lat="48.5359295" lon="36.0527812">
        <ele>118.4</ele>
        <time>2026-04-18T13:49:55Z</time>
        <extensions>
          <speed>0.10</speed>
        </extensions>
      </trkpt>
      <trkpt lat="48.5359293" lon="36.0527815">
        <ele>118.4</ele>
        <time>2026-04-18T13:49:55Z</time>
        <extensions>
          <speed>0.02</speed>
        </extensions>
      </trkpt>
      <trkpt lat="48.5359288" lon="36.0527813">
        <ele>118.5</ele>
        <time>2026-04-18T13:49:55Z</time>
        <extensions>
          <speed>0.10</speed>
        </extensions>
      </trkpt>
      <trkpt lat="48.5359288" lon="36.0527813">
        <ele>118.5</ele>
        <time>2026-04-18T13:49:56Z</time>
        <extensions>
          <speed>0.10</speed>
        </extensions>
      </trkpt>
      <trkpt lat="48.5359290" lon="36.0527815">
        <ele>118.5</ele>
        <time>2026-04-18T13:49:56Z</time>
        <extensions>
          <speed>0.18</speed>
        </extensions>
      </trkpt>
      <trkpt lat="48.5359292" lon="36.0527818">
        <ele>118.5</ele>
        <time>2026-04-18T13:49:56Z</time>
        <extensions>
          <speed>0.18</speed>
        </extensions>
      </trkpt>
      <trkpt lat="48.5359270" lon="36.0527810">
        <ele>118.8</ele>
        <time>2026-04-18T13:49:56Z</time>
        <extensions>
          <speed>0.28</speed>
        </extensions>
      </trkpt>
      <trkpt lat="48.5359268" lon="36.0527808">
        <ele>118.8</ele>
        <time>2026-04-18T13:49:56Z</time>
        <extensions>
          <speed>0.18</speed>
        </extensions>
      </trkpt>
      <trkpt lat="48.5359275" lon="36.0527815">
        <ele>118.7</ele>
        <time>2026-04-18T13:49:56Z</time>
        <extensions>
          <speed>0.13</speed>
        </extensions>
      </trkpt>
      <trkpt lat="48.5359278" lon="36.0527823">
        <ele>118.6</ele>
        <time>2026-04-18T13:49:57Z</time>
        <extensions>
          <speed>0.21</speed>
        </extensions>
      </trkpt>
      <trkpt lat="48.5359282" lon="36.0527830">
        <ele>118.6</ele>
        <time>2026-04-18T13:49:57Z</time>
        <extensions>
          <speed>0.26</speed>
        </extensions>
      </trkpt>
      <trkpt lat="48.5359285" lon="36.0527835">
        <ele>118.7</ele>
        <time>2026-04-18T13:49:57Z</time>
        <extensions>
          <speed>0.50</speed>
          <course>327.8</course>
        </extensions>
      </trkpt>
      <trkpt lat="48.5359282" lon="36.0527837">
        <ele>118.7</ele>
        <time>2026-04-18T13:49:57Z</time>
        <extensions>
          <speed>0.32</speed>
        </extensions>
      </trkpt>
      <trkpt lat="48.5359277" lon="36.0527840">
        <ele>118.8</ele>
        <time>2026-04-18T13:49:57Z</time>
        <extensions>
          <speed>0.19</speed>
        </extensions>
      </trkpt>
      <trkpt lat="48.5359300" lon="36.0527833">
        <ele>118.8</ele>
        <time>2026-04-18T13:49:57Z</time>
        <extensions>
          <speed>0.71</speed>
          <course>342.4</course>
        </extensions>
      </trkpt>
      <trkpt lat="48.5359293" lon="36.0527807">
        <ele>119.5</ele>
        <time>2026-04-18T13:49:57Z</time>
        <extensions>
          <speed>0.68</speed>
          <course>329.8</course>
        </extensions>
      </trkpt>
      <trkpt lat="48.5359282" lon="36.0527815">
        <ele>119.3</ele>
        <time>2026-04-18T13:49:57Z</time>
        <extensions>
          <speed>0.06</speed>
        </extensions>
      </trkpt>
    </trkseg>
  </trk>
</gpx>